<?xml version="1.0"?>
<COLLADA xmlns="http://www.collada.org/2005/11/COLLADASchema" version="1.4.1">
  <asset>
    <contributor>
      <author>Assimp</author>
      <authoring_tool>Assimp Exporter</authoring_tool>
    </contributor>
    <created>2020-03-08T22:39:29</created>
    <modified>2020-03-08T22:39:29</modified>
    <unit name="meter" meter="0.01" />
    <up_axis>Y_UP</up_axis>
  </asset>
  <library_effects>
    <effect id="blinn3SG-fx" name="blinn3SG">
      <profile_COMMON>
        <technique sid="standard">
          <phong>
            <emission>
              <color sid="emission">0   0   0   1</color>
            </emission>
            <ambient>
              <color sid="ambient">0   0   0   1</color>
            </ambient>
            <diffuse>
              <color sid="diffuse">0.6   0.6   0.6   1</color>
            </diffuse>
            <specular>
              <color sid="specular">0   0   0   1</color>
            </specular>
            <shininess>
              <float sid="shininess">0</float>
            </shininess>
            <transparency>
              <float sid="transparency">0</float>
            </transparency>
            <index_of_refraction>
              <float sid="index_of_refraction">1</float>
            </index_of_refraction>
          </phong>
        </technique>
      </profile_COMMON>
    </effect>
    <effect id="lambert4SG-fx" name="lambert4SG">
      <profile_COMMON>
        <technique sid="standard">
          <phong>
            <emission>
              <color sid="emission">0   0   0   1</color>
            </emission>
            <ambient>
              <color sid="ambient">0   0   0   1</color>
            </ambient>
            <diffuse>
              <color sid="diffuse">0.6   0.6   0.6   1</color>
            </diffuse>
            <specular>
              <color sid="specular">0   0   0   1</color>
            </specular>
            <shininess>
              <float sid="shininess">0</float>
            </shininess>
            <transparency>
              <float sid="transparency">0</float>
            </transparency>
            <index_of_refraction>
              <float sid="index_of_refraction">1</float>
            </index_of_refraction>
          </phong>
        </technique>
      </profile_COMMON>
    </effect>
    <effect id="lambert3SG-fx" name="lambert3SG">
      <profile_COMMON>
        <technique sid="standard">
          <phong>
            <emission>
              <color sid="emission">0   0   0   1</color>
            </emission>
            <ambient>
              <color sid="ambient">0   0   0   1</color>
            </ambient>
            <diffuse>
              <color sid="diffuse">0.6   0.6   0.6   1</color>
            </diffuse>
            <specular>
              <color sid="specular">0   0   0   1</color>
            </specular>
            <shininess>
              <float sid="shininess">0</float>
            </shininess>
            <transparency>
              <float sid="transparency">0</float>
            </transparency>
            <index_of_refraction>
              <float sid="index_of_refraction">1</float>
            </index_of_refraction>
          </phong>
        </technique>
      </profile_COMMON>
    </effect>
    <effect id="blinn2SG-fx" name="blinn2SG">
      <profile_COMMON>
        <technique sid="standard">
          <phong>
            <emission>
              <color sid="emission">0   0   0   1</color>
            </emission>
            <ambient>
              <color sid="ambient">0   0   0   1</color>
            </ambient>
            <diffuse>
              <color sid="diffuse">0.6   0.6   0.6   1</color>
            </diffuse>
            <specular>
              <color sid="specular">0   0   0   1</color>
            </specular>
            <shininess>
              <float sid="shininess">0</float>
            </shininess>
            <transparency>
              <float sid="transparency">0</float>
            </transparency>
            <index_of_refraction>
              <float sid="index_of_refraction">1</float>
            </index_of_refraction>
          </phong>
        </technique>
      </profile_COMMON>
    </effect>
  </library_effects>
  <library_materials>
    <material id="blinn3SG" name="blinn3SG">
      <instance_effect url="#blinn3SG-fx"/>
    </material>
    <material id="lambert4SG" name="lambert4SG">
      <instance_effect url="#lambert4SG-fx"/>
    </material>
    <material id="lambert3SG" name="lambert3SG">
      <instance_effect url="#lambert3SG-fx"/>
    </material>
    <material id="blinn2SG" name="blinn2SG">
      <instance_effect url="#blinn2SG-fx"/>
    </material>
  </library_materials>
  <library_geometries>
    <geometry id="meshId0" name="meshId0_name" >
      <mesh>
        <source id="meshId0-positions" name="meshId0-positions">
          <float_array id="meshId0-positions-array" count="297"> 0.0302738 -0.0058632 -0.229188 0.0230361 -0.0149392 -0.229188 0.0170317 -0.00740981 -0.993617 0.0215973 -0.00168503 -0.993617 0.0125773 -0.0199761 -0.229188 0.0104343 -0.010587 -0.993617 0.000968497 -0.0199761 -0.229188 0.00311158 -0.010587 -0.993617 -0.00949077 -0.0149392 -0.229188 -0.00348595 -0.00740981 -0.993617 -0.0167285 -0.0058632 -0.229188 -0.00805203 -0.00168503 -0.993617 -0.0193116 0.00545435 -0.229188 -0.00968109 0.00545435 -0.993617 -0.0167285 0.0167718 -0.229188 -0.00805203 0.0125934 -0.993617 -0.00949077 0.0258478 -0.229188 -0.00348595 0.0183185 -0.993617 0.000968497 0.0308847 -0.229188 0.00311158 0.0214956 -0.993617 0.0125773 0.0308847 -0.229188 0.0104343 0.0214956 -0.993617 0.0230361 0.0258478 -0.229188 0.0170317 0.0183185 -0.993617 0.0302738 0.0167718 -0.229188 0.0215973 0.0125934 -0.993617 0.0328569 0.00545435 -0.229188 0.0232269 0.00545435 -0.993617 0.0328569 0.00545435 -0.229188 0.0232269 0.00545435 -0.993617 0.0156248 0.00119121 -1 0.0128986 -0.00222738 -1 0.00677265 0.00545435 -1 0.00895932 -0.0041246 -1 0.00458646 -0.0041246 -1 0.000646958 -0.00222738 -1 -0.00207948 0.00119121 -1 -0.0030521 0.00545435 -1 -0.00207948 0.00971736 -1 0.000646958 0.0131357 -1 0.00458646 0.0150332 -1 0.00895932 0.0150332 -1 0.0128986 0.0131359 -1 0.0156248 0.00971736 -1 0.0165979 0.00545435 -1 0.0207099 -0.00125734 -0.995876 0.019508 -0.000678545 -0.997791 0.0209077 0.00545435 -0.997791 0.0222416 0.00545435 -0.995876 0.0177239 0.000180658 -0.999068 0.0189279 0.00545435 -0.999068 0.0143515 -0.00404886 -0.999068 0.0170317 -0.00740981 -0.993617 0.0164176 -0.00663977 -0.995876 0.00947765 -0.00639569 -0.999068 0.0104343 -0.010587 -0.993617 0.0102152 -0.00962672 -0.995876 0.00406813 -0.00639569 -0.999068 0.00311158 -0.010587 -0.993617 0.00333054 -0.00962672 -0.995876 -0.000805757 -0.00404886 -0.999068 -0.00348595 -0.00740981 -0.993617 -0.00287181 -0.00663977 -0.995876 -0.0041786 0.000180658 -0.999068 -0.00805203 -0.00168503 -0.993617 -0.00716463 -0.00125734 -0.995876 -0.00538212 0.00545435 -0.999068 -0.00968109 0.00545435 -0.993617 -0.0086961 0.00545435 -0.995876 -0.0041786 0.0107283 -0.999068 -0.00805203 0.0125934 -0.993617 -0.00716463 0.012166 -0.995876 -0.000805757 0.0149573 -0.999068 -0.00348595 0.0183185 -0.993617 -0.00287181 0.0175483 -0.995876 0.00406813 0.0173045 -0.999068 0.00311158 0.0214956 -0.993617 0.00333054 0.0205354 -0.995876 0.00947765 0.0173045 -0.999068 0.0104343 0.0214956 -0.993617 0.0102152 0.0205354 -0.995876 0.0143515 0.0149576 -0.999068 0.0170317 0.0183185 -0.993617 0.0164176 0.0175483 -0.995876 0.0177239 0.0107283 -0.999068 0.0215973 0.0125934 -0.993617 0.0207099 0.012166 -0.995876 0.0155857 -0.00559683 -0.997791 0.00991822 -0.00832616 -0.997791 0.00362757 -0.00832616 -0.997791 -0.00203995 -0.00559683 -0.997791 -0.0059627 -0.000678545 -0.997791 -0.00736191 0.00545435 -0.997791 -0.0059627 0.0115872 -0.997791 -0.00203995 0.0165053 -0.997791 0.00362757 0.0192349 -0.997791 0.00991822 0.0192349 -0.997791 0.0155857 0.0165055 -0.997791 0.019508 0.0115872 -0.997791 </float_array>
          <technique_common>
            <accessor count="99" offset="0" source="#meshId0-positions-array" stride="3">
              <param name="X" type="float" />
              <param name="Y" type="float" />
              <param name="Z" type="float" />
            </accessor>
          </technique_common>
        </source>
        <source id="meshId0-normals" name="meshId0-normals">
          <float_array id="meshId0-normals-array" count="297"> 0.900899 -0.433846 -0.012597 0.623448 -0.781764 -0.012597 0.623441 -0.781755 -0.013479 0.900889 -0.43384 -0.013479 0.222501 -0.974851 -0.012597 0.222498 -0.97484 -0.013479 -0.222499 -0.974852 -0.012597 -0.222496 -0.97484 -0.013479 -0.623432 -0.781776 -0.012597 -0.623424 -0.781768 -0.013479 -0.900899 -0.433846 -0.012597 -0.900889 -0.43384 -0.013479 -0.999921 0 -0.012597 -0.999909 0 -0.013479 -0.9009 0.433843 -0.012597 -0.90089 0.433837 -0.013479 -0.623436 0.781773 -0.012597 -0.623429 0.781764 -0.013479 -0.222499 0.974852 -0.012597 -0.222496 0.97484 -0.013479 0.222502 0.974851 -0.012597 0.222499 0.97484 -0.013479 0.623451 0.781761 -0.012597 0.623445 0.781751 -0.013479 0.9009 0.433843 -0.012597 0.90089 0.433838 -0.013479 0.999921 0 -0.012597 0.999909 0 -0.013479 0.999921 0 -0.012597 0.999909 0 -0.013479 0.146612 -0.070613 -0.986671 0.101451 -0.127223 -0.986672 0 0 -1 0.036204 -0.158656 -0.98667 -0.036207 -0.158656 -0.98667 -0.101454 -0.127222 -0.986672 -0.146622 -0.070606 -0.98667 -0.162732 0 -0.98667 -0.146618 0.070607 -0.98667 -0.10144 0.12722 -0.986674 -0.036213 0.158656 -0.98667 0.036208 0.158651 -0.986671 0.101455 0.127217 -0.986673 0.146617 0.070605 -0.98667 0.162739 -1e-06 -0.986669 0.792167 -0.381492 -0.476378 0.645249 -0.310743 -0.69792 0.716169 0 -0.697927 0.879238 0 -0.476383 0.427499 -0.20588 -0.88026 0.474502 -1e-06 -0.880255 0.295846 -0.370964 -0.880262 0.623441 -0.781755 -0.013479 0.548208 -0.687419 -0.476365 0.105585 -0.462589 -0.880263 0.222498 -0.97484 -0.013479 0.195657 -0.857206 -0.476358 -0.105577 -0.462592 -0.880263 -0.222496 -0.97484 -0.013479 -0.195653 -0.857207 -0.476357 -0.295839 -0.370977 -0.880259 -0.623424 -0.781768 -0.013479 -0.548188 -0.687434 -0.476367 -0.427509 -0.205872 -0.880257 -0.900889 -0.43384 -0.013479 -0.792163 -0.381489 -0.476387 -0.474503 -0 -0.880254 -0.999909 0 -0.013479 -0.87924 1e-06 -0.476379 -0.42751 0.205874 -0.880256 -0.90089 0.433837 -0.013479 -0.792161 0.38149 -0.476389 -0.29584 0.370982 -0.880256 -0.623429 0.781764 -0.013479 -0.548182 0.687426 -0.476384 -0.105594 0.462605 -0.880254 -0.222496 0.97484 -0.013479 -0.195653 0.857189 -0.47639 0.105579 0.462609 -0.880253 0.222499 0.97484 -0.013479 0.195652 0.857194 -0.476381 0.295854 0.370971 -0.880256 0.623445 0.781751 -0.013479 0.548205 0.687418 -0.476369 0.427519 0.205874 -0.880252 0.90089 0.433838 -0.013479 0.792166 0.381494 -0.476378 0.446542 -0.559928 -0.697912 0.159375 -0.698217 -0.69792 -0.159366 -0.698222 -0.697917 -0.446526 -0.559944 -0.697909 -0.645253 -0.310741 -0.697918 -0.716172 0 -0.697924 -0.645243 0.310737 -0.697929 -0.446521 0.559923 -0.697929 -0.159375 0.6982 -0.697938 0.159365 0.698207 -0.697932 0.44654 0.559932 -0.697909 0.645254 0.310741 -0.697916 </float_array>
          <technique_common>
            <accessor count="99" offset="0" source="#meshId0-normals-array" stride="3">
              <param name="X" type="float" />
              <param name="Y" type="float" />
              <param name="Z" type="float" />
            </accessor>
          </technique_common>
        </source>
        <source id="meshId0-tangents" name="meshId0-tangents">
          <float_array id="meshId0-tangents-array" count="297"> -0.432499 -0.89978 0.0578077 -0.779744 -0.622862 0.0635874 -0.779715 -0.622908 0.0634835 -0.426131 -0.889932 0.162581 -0.972386 -0.222835 0.0693636 -0.972377 -0.222894 0.0692861 -0.972392 0.220968 0.075005 -0.972401 0.220901 0.0750971 -0.779917 0.620648 0.0807851 -0.779968 0.620597 0.0806817 -0.433234 0.897115 0.0865602 -0.433304 0.897088 0.086491 -0.00116151 0.99574 0.0921987 -0.00124419 0.995731 0.0922971 0.430685 0.897183 0.0978364 0.430604 0.897217 0.0978875 0.776813 0.62115 0.10361 0.776768 0.621229 0.103469 0.968771 0.222525 0.109386 0.968738 0.222617 0.109491 0.968763 -0.219624 0.115164 0.968795 -0.219528 0.115083 0.777046 -0.617744 0.120797 0.777122 -0.617673 0.12067 0.43183 -0.893049 0.126437 0.431929 -0.892996 0.126472 0.00166576 -0.991217 0.132238 0.00178205 -0.991223 0.132191 0.000656784 -0.998641 0.0521202 -0.00134294 -0.995025 -0.0996196 -0.182477 -0.982261 0.0431827 -0.187706 -0.976423 0.106601 -0.173787 -0.984783 0 -0.182922 -0.971689 0.149535 -0.170746 -0.971817 0.162533 -0.160179 -0.97676 0.142414 -0.160013 -0.98262 0.0940946 -0.169454 -0.985142 0.0279482 -0.181596 -0.982419 -0.0433177 -0.187845 -0.976399 -0.106583 -0.18311 -0.971655 -0.149521 -0.170915 -0.971788 -0.16253 -0.160686 -0.976672 -0.14245 -0.160384 -0.982555 -0.0941433 -0.17011 -0.985025 -0.0280567 -0.294312 -0.92259 0.249416 -0.246866 -0.94934 0.19445 -0.126371 -0.983471 -0.129674 -0.0913016 -0.981462 -0.168511 -0.202179 -0.970832 0.128875 -0.156477 -0.984073 -0.0843481 -0.217869 -0.923428 0.315932 -0.566805 -0.463761 0.680924 -0.357894 -0.707615 0.609256 -0.192946 -0.877918 0.438214 -0.338028 -0.0901049 0.936813 -0.248453 -0.513227 0.821504 -0.14549 -0.868499 0.473859 0.0744014 -0.0307636 0.996754 -0.056646 -0.475055 0.878131 -0.111659 -0.90176 0.417565 0.375375 -0.314378 0.871929 0.0880339 -0.613838 0.784508 -0.115915 -0.953203 0.279228 0.346843 -0.738212 0.578569 0.079811 -0.838615 0.538846 -0.155687 -0.984235 0.0839233 -0.00235074 -0.984675 0.174382 -0.0904201 -0.981822 0.166884 -0.200881 -0.971013 -0.129539 -0.414196 -0.86856 -0.272114 -0.292438 -0.922385 -0.252362 -0.217126 -0.9235 -0.316234 -0.567015 -0.46391 -0.680648 -0.358627 -0.707772 -0.608642 -0.192995 -0.877905 -0.438219 -0.337064 -0.0898897 -0.937181 -0.248055 -0.513239 -0.821617 -0.145554 -0.868477 -0.473878 0.07553 -0.0310196 -0.996661 -0.0560955 -0.475192 -0.878092 -0.111426 -0.901816 -0.417507 0.375549 -0.314531 -0.871799 0.0878136 -0.613747 -0.784604 -0.115742 -0.953244 -0.279159 0.346961 -0.738448 -0.578198 0.0799412 -0.838691 -0.538708 -0.289081 -0.828448 0.479694 -0.226372 -0.713966 0.662577 -0.10662 -0.690644 0.715292 -0.0166811 -0.774642 0.63218 -0.0235844 -0.905004 0.424749 -0.125523 -0.983694 0.128805 -0.24497 -0.949461 -0.196248 -0.289283 -0.828454 -0.479561 -0.22667 -0.713967 -0.662474 -0.106541 -0.690675 -0.715274 -0.0166645 -0.774653 -0.632166 -0.0235064 -0.905033 -0.424691 </float_array>
          <technique_common>
            <accessor count="99" offset="0" source="#meshId0-tangents-array" stride="3">
              <param name="X" type="float" />
              <param name="Y" type="float" />
              <param name="Z" type="float" />
            </accessor>
          </technique_common>
        </source>
        <source id="meshId0-bitangents" name="meshId0-bitangents">
          <float_array id="meshId0-bitangents-array" count="297"> -0.0364142 -0.0466307 -0.998248 -0.0575565 -0.029821 -0.997897 -0.0580247 -0.0290684 -0.997892 -0.0825297 -0.140724 -0.986603 -0.0704262 -0.00318433 -0.997512 -0.0705473 -0.00230935 -0.997506 -0.0703353 0.0289378 -0.997104 -0.0702301 0.0298158 -0.997085 -0.0553376 0.0601887 -0.996652 -0.0547093 0.0608121 -0.996649 -0.0262528 0.0834394 -0.996167 -0.0254314 0.0837593 -0.996161 0.0125433 0.0922061 -0.995661 0.0134215 0.0923055 -0.99564 0.0537475 0.0827155 -0.995122 0.0545608 0.0823817 -0.995106 0.0888239 0.0548085 -0.994538 0.0892618 0.0540355 -0.994542 0.109438 0.0121346 -0.99392 0.109737 0.0113036 -0.993896 0.109501 -0.0378277 -0.993267 0.109228 -0.0386642 -0.993265 0.0866529 -0.0850997 -0.992597 0.0860082 -0.0857059 -0.992601 0.0436042 -0.119347 -0.991894 0.0428317 -0.119759 -0.991879 -0.0124864 -0.132248 -0.991138 -0.0133607 -0.132203 -0.991132 -0.0125799 -0.0521243 -0.998562 -0.0134119 0.0996286 -0.994934 -0.972218 0.173714 -0.156897 -0.976972 0.174389 -0.12294 -0.984783 0.173787 0 -0.982461 0.17507 -0.0642006 -0.98465 0.174355 0.00809671 -0.98186 0.172493 0.078718 -0.976165 0.171677 0.132776 -0.97201 0.171744 0.160314 -0.972382 0.172825 0.156862 -0.976947 0.17453 0.122944 -0.982426 0.175255 0.0642381 -0.984621 0.174522 -0.00807064 -0.981778 0.172996 -0.0786463 -0.976104 0.172049 -0.132735 -0.971894 0.172409 -0.160302 -0.534652 -0.0573749 -0.843123 -0.722987 0.0468239 -0.689273 -0.686391 0.181066 -0.704331 -0.467552 0.191656 -0.862939 -0.881117 0.122876 -0.456654 -0.866235 0.177763 -0.466945 -0.930058 0.098315 -0.354014 -0.538567 -0.416876 -0.732231 -0.755897 -0.163511 -0.633943 -0.975512 0.123575 -0.18195 -0.914457 -0.203883 -0.349572 -0.948678 -0.0423805 -0.313392 -0.983711 0.178098 0.0243911 -0.97209 0.220771 0.0793743 -0.979036 0.198793 0.0443887 -0.94869 0.221821 0.225353 -0.685884 0.538522 0.489447 -0.83171 0.388122 0.397016 -0.896549 0.221408 0.383639 -0.260957 0.516551 0.815522 -0.605069 0.388833 0.694767 -0.866377 0.176866 0.467022 -0.0132724 0.174398 0.984586 -0.467719 0.189805 0.863257 -0.881409 0.121447 0.456474 -0.12976 -0.239561 0.96217 -0.535687 -0.0605967 0.842239 -0.930234 0.0975718 0.353758 -0.538359 -0.416693 0.732486 -0.755568 -0.162802 0.634518 -0.975502 0.123611 0.181982 -0.914813 -0.203976 0.348584 -0.948783 -0.0425811 0.313046 -0.9837 0.178156 -0.0243583 -0.972003 0.220738 -0.0805315 -0.979068 0.198523 -0.0448874 -0.948712 0.221604 -0.22547 -0.685769 0.538457 -0.489679 -0.831721 0.388292 -0.396824 -0.896566 0.221228 -0.383702 -0.260798 0.516216 -0.815785 -0.605048 0.388664 -0.69488 -0.846778 -0.0124509 -0.531801 -0.960914 0.0523911 -0.271845 -0.981445 0.188405 0.0356211 -0.894615 0.293927 0.336557 -0.763605 0.29053 0.576628 -0.686544 0.179852 0.704494 -0.723638 0.0443442 0.688754 -0.84672 -0.0122351 0.531898 -0.960844 0.0526201 0.27205 -0.981454 0.188348 -0.0356816 -0.894608 0.293918 -0.336583 -0.763606 0.290439 -0.576672 </float_array>
          <technique_common>
            <accessor count="99" offset="0" source="#meshId0-bitangents-array" stride="3">
              <param name="X" type="float" />
              <param name="Y" type="float" />
              <param name="Z" type="float" />
            </accessor>
          </technique_common>
        </source>
        <source id="meshId0-tex0" name="meshId0-tex0">
          <float_array id="meshId0-tex0-array" count="198"> 0.677042 0.049058 0.680673 0.049273 0.665828 0.28832 0.663538 0.288184 0.684302 0.049509 0.668118 0.288468 0.68793 0.049765 0.670406 0.28863 0.691556 0.050041 0.672694 0.288804 0.695181 0.050338 0.67498 0.288991 0.698804 0.050655 0.677266 0.289191 0.702425 0.050992 0.67955 0.289404 0.706044 0.051349 0.681833 0.289629 0.709662 0.051727 0.684115 0.289867 0.713277 0.052125 0.686395 0.290119 0.71689 0.052544 0.688674 0.290382 0.7205 0.052982 0.690951 0.290659 0.724108 0.053441 0.693227 0.290948 0.673411 0.048863 0.661242 0.288061 0.662874 0.291046 0.664033 0.291682 0.66208 0.293921 0.664811 0.292761 0.665047 0.29407 0.664692 0.295349 0.663817 0.296346 0.662596 0.296862 0.661273 0.296796 0.66011 0.29616 0.659339 0.295081 0.659114 0.293773 0.659479 0.292494 0.660361 0.291498 0.661578 0.290981 0.663394 0.288924 0.663235 0.289617 0.661373 0.289521 0.661296 0.288814 0.663064 0.29031 0.661467 0.29023 0.66453 0.29111 0.665982 0.289466 0.665472 0.290037 0.665512 0.292466 0.667547 0.291625 0.666837 0.291916 0.665808 0.29411 0.66801 0.294238 0.667243 0.294192 0.665361 0.295717 0.667289 0.296788 0.666619 0.296414 0.664261 0.296967 0.665534 0.29877 0.665092 0.298142 0.662727 0.297615 0.663092 0.299791 0.662966 0.299033 0.661064 0.297531 0.660449 0.29965 0.660665 0.298913 0.659603 0.296732 0.65813 0.298374 0.658644 0.297804 0.658635 0.295376 0.656595 0.296216 0.657306 0.295926 0.658352 0.293733 0.656151 0.293604 0.656918 0.293651 0.658813 0.292127 0.656889 0.291056 0.657559 0.29143 0.659927 0.290877 0.658675 0.289075 0.659113 0.289703 0.665 0.290571 0.666174 0.292189 0.666526 0.29415 0.665991 0.296064 0.664678 0.297554 0.662848 0.298325 0.660866 0.298223 0.659124 0.297269 0.65797 0.295653 0.657634 0.293693 0.658185 0.291779 0.659519 0.29029 </float_array>
          <technique_common>
            <accessor count="99" offset="0" source="#meshId0-tex0-array" stride="2">
              <param name="S" type="float" />
              <param name="T" type="float" />
            </accessor>
          </technique_common>
        </source>
        <vertices id="meshId0-vertices">
          <input semantic="POSITION" source="#meshId0-positions" />
        </vertices>
        <polylist count="154" material="defaultMaterial">
          <input offset="0" semantic="VERTEX" source="#meshId0-vertices" />
          <input offset="0" semantic="NORMAL" source="#meshId0-normals" />
          <input offset="0" semantic="TANGENT" source="#meshId0-tangents" />
          <input offset="0" semantic="BINORMAL" source="#meshId0-bitangents" />
          <input offset="0" semantic="TEXCOORD" source="#meshId0-tex0" set="0" />
          <vcount>3 3 3 3 3 3 3 3 3 3 3 3 3 3 3 3 3 3 3 3 3 3 3 3 3 3 3 3 3 3 3 3 3 3 3 3 3 3 3 3 3 3 3 3 3 3 3 3 3 3 3 3 3 3 3 3 3 3 3 3 3 3 3 3 3 3 3 3 3 3 3 3 3 3 3 3 3 3 3 3 3 3 3 3 3 3 3 3 3 3 3 3 3 3 3 3 3 3 3 3 3 3 3 3 3 3 3 3 3 3 3 3 3 3 3 3 3 3 3 3 3 3 3 3 3 3 3 3 3 3 3 3 3 3 3 3 3 3 3 3 3 3 3 3 3 3 3 3 3 3 3 3 3 3 </vcount>
          <p>3 0 1 1 2 3 2 1 4 4 5 2 5 4 6 6 7 5 7 6 8 8 9 7 9 8 10 10 11 9 11 10 12 12 13 11 13 12 14 14 15 13 15 14 16 16 17 15 17 16 18 18 19 17 19 18 20 20 21 19 21 20 22 22 23 21 23 22 24 24 25 23 25 24 26 26 27 25 29 28 0 0 3 29 30 31 32 31 33 32 33 34 32 34 35 32 35 36 32 36 37 32 37 38 32 38 39 32 39 40 32 40 41 32 41 42 32 42 43 32 43 44 32 44 30 32 48 45 46 46 47 48 47 46 49 49 50 47 29 3 45 45 48 29 50 49 30 30 44 50 31 30 49 49 51 31 53 45 3 3 52 53 33 31 51 51 54 33 56 53 52 52 55 56 34 33 54 54 57 34 59 56 55 55 58 59 35 34 57 57 60 35 62 59 58 58 61 62 36 35 60 60 63 36 65 62 61 61 64 65 37 36 63 63 66 37 68 65 64 64 67 68 38 37 66 66 69 38 71 68 67 67 70 71 39 38 69 69 72 39 74 71 70 70 73 74 40 39 72 72 75 40 77 74 73 73 76 77 41 40 75 75 78 41 80 77 76 76 79 80 42 41 78 78 81 42 83 80 79 79 82 83 43 42 81 81 84 43 86 83 82 82 85 86 44 43 84 84 50 44 48 86 85 85 29 48 51 49 46 46 87 51 87 46 45 45 53 87 54 51 87 87 88 54 88 87 53 53 56 88 57 54 88 88 89 57 89 88 56 56 59 89 60 57 89 89 90 60 90 89 59 59 62 90 63 60 90 90 91 63 91 90 62 62 65 91 66 63 91 91 92 66 92 91 65 65 68 92 69 66 92 92 93 69 93 92 68 68 71 93 72 69 93 93 94 72 94 93 71 71 74 94 75 72 94 94 95 75 95 94 74 74 77 95 78 75 95 95 96 78 96 95 77 77 80 96 81 78 96 96 97 81 97 96 80 80 83 97 84 81 97 97 98 84 98 97 83 83 86 98 86 48 47 47 98 86 98 47 50 50 84 98 </p>
        </polylist>
      </mesh>
    </geometry>
    <geometry id="meshId1" name="meshId1_name" >
      <mesh>
        <source id="meshId1-positions" name="meshId1-positions">
          <float_array id="meshId1-positions-array" count="1233"> 0.0371624 -0.220898 -0.0523537 0.0371624 -0.20287 -0.101885 -0.0345624 -0.20287 -0.101885 -0.0345624 -0.220898 -0.0523537 0.0371624 -0.173905 -0.145924 -0.0345624 -0.173905 -0.145924 0.0371624 -0.135566 -0.182096 -0.0345624 -0.135566 -0.182096 0.0371624 -0.089918 -0.208451 -0.0345624 -0.0899177 -0.208451 0.0371624 -0.0394211 -0.223568 -0.0345624 -0.0394211 -0.223568 0.0371624 0.0131995 -0.226633 -0.0345624 0.0131995 -0.226633 0.0371624 0.0651082 -0.21748 -0.0345624 0.0651082 -0.21748 0.0371624 0.113508 -0.196603 -0.0345624 0.113508 -0.196603 0.0371624 0.155788 -0.165126 -0.0345624 0.155788 -0.165126 0.0371624 0.18967 -0.124748 -0.0345624 0.18967 -0.124748 0.0371624 0.213326 -0.0776443 -0.0345624 0.213326 -0.0776443 0.0371624 0.225482 -0.0263552 -0.0345624 0.225482 -0.0263552 0.0371624 0.225482 0.0263552 -0.0345624 0.225482 0.0263552 0.0371624 0.225482 0.0263552 0.0371624 0.213326 0.0776443 -0.0345624 0.213326 0.0776443 -0.0345624 0.225482 0.0263552 0.0371624 0.18967 0.124748 -0.0345624 0.18967 0.124748 0.0371624 0.155788 0.165126 -0.0345624 0.155788 0.165126 0.0371624 0.113508 0.196603 -0.0345624 0.113508 0.196603 0.0371624 0.0651082 0.21748 -0.0345624 0.0651082 0.21748 0.0371624 0.0131995 0.226633 -0.0345624 0.0131995 0.226633 0.0371624 -0.0394211 0.223568 -0.0345624 -0.0394211 0.223568 0.0371624 -0.089918 0.208451 -0.0345624 -0.0899177 0.208451 0.0371624 -0.135566 0.182096 -0.0345624 -0.135566 0.182096 0.0371624 -0.173906 0.145924 -0.0345624 -0.173906 0.145924 0.0371624 -0.20287 0.101885 -0.0345624 -0.20287 0.101885 0.0371624 -0.220898 0.0523537 -0.0345624 -0.220898 0.0523537 0.0371624 -0.227018 -0 -0.0345624 -0.227018 -0 0.0480005 -0.231516 -0.0548702 0.044826 -0.224008 -0.0530908 0.044826 -0.230214 -0 0.0480005 -0.23793 -0 0.044826 -0.224008 -0.0530908 0.044826 -0.230214 -0 0.044826 -0.205726 -0.10332 0.0480005 -0.212621 -0.106783 0.044826 -0.205726 -0.10332 0.044826 -0.176354 -0.147978 0.0480005 -0.182265 -0.152938 0.044826 -0.176354 -0.147978 0.044826 -0.137474 -0.184659 0.0480005 -0.142082 -0.190848 0.044826 -0.137474 -0.184659 0.044826 -0.0911837 -0.211385 0.0480005 -0.0942392 -0.21847 0.044826 -0.0911837 -0.211385 0.044826 -0.0399762 -0.226716 0.0480005 -0.0413169 -0.234314 0.044826 -0.0399762 -0.226716 0.044826 0.0133854 -0.229824 0.0480005 0.0138336 -0.237527 0.044826 0.0133854 -0.229824 0.044826 0.0660255 -0.220542 0.0480005 0.0682381 -0.227934 0.044826 0.0660255 -0.220542 0.044826 0.115107 -0.19937 0.0480005 0.118965 -0.206053 0.044826 0.115107 -0.19937 0.044826 0.157981 -0.167451 0.0480005 0.163276 -0.173063 0.044826 0.157981 -0.167451 0.044826 0.19234 -0.126504 0.0480005 0.198786 -0.130744 0.044826 0.19234 -0.126504 0.044826 0.216329 -0.0787375 0.0480005 0.223579 -0.0813764 0.044826 0.216329 -0.0787375 0.044826 0.228656 -0.026726 0.0480005 0.236319 -0.0276219 0.044826 0.228656 -0.026726 0.044826 0.228656 0.026726 0.0480005 0.236319 0.0276219 0.044826 0.228656 0.026726 0.044826 0.228656 0.026726 0.044826 0.216329 0.0787375 0.044826 0.228656 0.026726 0.0480005 0.236319 0.0276219 0.0480005 0.223579 0.0813764 0.044826 0.216329 0.0787375 0.044826 0.19234 0.126504 0.0480005 0.198786 0.130744 0.044826 0.19234 0.126504 0.044826 0.157981 0.167451 0.0480005 0.163276 0.173063 0.044826 0.157981 0.167451 0.044826 0.115106 0.19937 0.0480005 0.118965 0.206053 0.044826 0.115106 0.19937 0.044826 0.0660255 0.220542 0.0480005 0.0682381 0.227934 0.044826 0.0660255 0.220542 0.044826 0.0133854 0.229824 0.0480005 0.0138333 0.237526 0.044826 0.0133854 0.229824 0.044826 -0.0399762 0.226716 0.0480005 -0.0413169 0.234314 0.044826 -0.0399762 0.226716 0.044826 -0.0911837 0.211385 0.0480005 -0.0942392 0.21847 0.044826 -0.0911837 0.211385 0.044826 -0.137474 0.184659 0.0480005 -0.142082 0.190848 0.044826 -0.137474 0.184659 0.044826 -0.176354 0.147978 0.0480005 -0.182265 0.152938 0.044826 -0.176354 0.147978 0.044826 -0.205726 0.103319 0.0480005 -0.212621 0.106782 0.044826 -0.205726 0.103319 0.044826 -0.224008 0.0530908 0.0480005 -0.231516 0.0548702 0.044826 -0.224008 0.0530908 0.0480005 -0.236825 -0.056146 0.0480005 -0.217491 -0.109265 0.0480005 -0.186428 -0.156493 0.0480005 -0.145311 -0.195285 0.0480005 -0.0963562 -0.223549 0.0480005 -0.0422029 -0.239762 0.0480005 0.0142297 -0.243049 0.0480005 0.0698982 -0.233233 0.0480005 0.121804 -0.210843 0.0480005 0.167146 -0.177087 0.0480005 0.203481 -0.133784 0.0480005 0.228852 -0.0832685 0.0480005 0.241888 -0.028264 0.0480005 0.241888 0.028264 0.0480005 0.241888 0.028264 0.0480005 0.228852 0.0832685 0.0480005 0.203481 0.133784 0.0480005 0.167146 0.177087 0.0480005 0.121804 0.210843 0.0480005 0.0698982 0.233233 0.0480005 0.0142297 0.243049 0.0480005 -0.0422029 0.239762 0.0480005 -0.0963562 0.223549 0.0480005 -0.145311 0.195285 0.0480005 -0.186428 0.156493 0.0480005 -0.217491 0.109265 0.0480005 -0.236825 0.056146 0.0480005 -0.243387 -0 0.0425809 -0.242134 -0.0574042 0.0464132 -0.240579 -0.0570357 0.0464132 -0.247246 -0 0.0425809 -0.248844 0 0.0464132 -0.240579 -0.0570357 0.0464132 -0.247246 -0 0.0464132 -0.220939 -0.110997 0.0425809 -0.222367 -0.111714 0.0464132 -0.220939 -0.110997 0.0464132 -0.189384 -0.158974 0.0425809 -0.190608 -0.160001 0.0464132 -0.189384 -0.158974 0.0464132 -0.147615 -0.19838 0.0425809 -0.148569 -0.199662 0.0464132 -0.147615 -0.19838 0.0464132 -0.0978845 -0.227092 0.0425809 -0.0985175 -0.22856 0.0464132 -0.0978845 -0.227092 0.0464132 -0.0428729 -0.243562 0.0425809 -0.0431511 -0.245136 0.0464132 -0.0428729 -0.243562 0.0464132 0.0144539 -0.2469 0.0425809 0.0145473 -0.248496 0.0464132 0.0144539 -0.2469 0.0464132 0.0710048 -0.236929 0.0425809 0.0714633 -0.23846 0.0464132 0.0710048 -0.236929 0.0464132 0.123733 -0.214185 0.0425809 0.124533 -0.215569 0.0464132 0.123733 -0.214185 0.0464132 0.169794 -0.179893 0.0425809 0.17089 -0.181056 0.0464132 0.169794 -0.179893 0.0464132 0.206705 -0.135904 0.0425809 0.20804 -0.136782 0.0464132 0.206705 -0.135904 0.0464132 0.232477 -0.0845882 0.0425809 0.23398 -0.0851346 0.0464132 0.232477 -0.0845882 0.0464132 0.24572 -0.0287121 0.0425809 0.247308 -0.0288975 0.0464132 0.24572 -0.0287121 0.0464132 0.24572 0.0287121 0.0425809 0.247308 0.0288975 0.0464132 0.24572 0.0287121 0.0464132 0.24572 0.0287121 0.0464132 0.232477 0.0845882 0.0464132 0.24572 0.0287121 0.0425809 0.247308 0.0288975 0.0425809 0.23398 0.0851346 0.0464132 0.232477 0.0845882 0.0464132 0.206705 0.135904 0.0425809 0.20804 0.136782 0.0464132 0.206705 0.135904 0.0464132 0.169794 0.179893 0.0425809 0.17089 0.181056 0.0464132 0.169794 0.179893 0.0464132 0.123733 0.214185 0.0425809 0.124533 0.215569 0.0464132 0.123733 0.214185 0.0464132 0.0710048 0.236929 0.0425809 0.0714633 0.23846 0.0464132 0.0710048 0.236929 0.0464132 0.0144539 0.2469 0.0425809 0.0145471 0.248496 0.0464132 0.0144539 0.2469 0.0464132 -0.0428729 0.243562 0.0425809 -0.0431511 0.245136 0.0464132 -0.0428729 0.243562 0.0464132 -0.0978845 0.227092 0.0425809 -0.0985175 0.22856 0.0464132 -0.0978845 0.227092 0.0464132 -0.147615 0.19838 0.0425809 -0.148569 0.199662 0.0464132 -0.147615 0.19838 0.0464132 -0.189384 0.158974 0.0425809 -0.190608 0.160001 0.0464132 -0.189384 0.158974 0.0464132 -0.220939 0.110997 0.0425809 -0.222367 0.111714 0.0464132 -0.220939 0.110997 0.0464132 -0.240579 0.0570357 0.0425809 -0.242134 0.0574042 0.0464132 -0.240579 0.0570357 -0.0402903 -0.207457 -0.104225 -0.0402903 -0.225899 -0.0535564 -0.0402903 7.29036e-05 0 -0.0402903 -0.177827 -0.149276 -0.0402903 -0.138606 -0.186278 -0.0402903 -0.0919092 -0.213239 -0.0402903 -0.0402536 -0.228704 -0.0402903 0.0135768 -0.231839 -0.0402903 0.0666777 -0.222476 -0.0402903 0.11619 -0.201119 -0.0402903 0.15944 -0.168919 -0.0402903 0.1941 -0.127613 -0.0402903 0.2183 -0.0794279 -0.0402903 0.230735 -0.0269605 -0.0402903 0.230735 0.0269605 -0.0402903 0.2183 0.0794279 -0.0402903 0.1941 0.127613 -0.0402903 0.15944 0.168919 -0.0402903 0.11619 0.201119 -0.0402903 0.0666777 0.222476 -0.0402903 0.0135768 0.231839 -0.0402903 -0.0402536 0.228704 -0.0402903 -0.0919092 0.213239 -0.0402903 -0.138606 0.186278 -0.0402903 -0.177826 0.149276 -0.0402903 -0.207457 0.104225 -0.0402903 -0.225899 0.0535564 -0.0402903 -0.232158 -0 -0.0237178 -0.242134 -0.0574042 -0.0237178 -0.222367 -0.111714 -0.0237178 -0.190608 -0.160001 -0.0237178 -0.148569 -0.199662 -0.0237178 -0.0985175 -0.22856 -0.0237178 -0.0431511 -0.245136 -0.0237178 0.0145473 -0.248496 -0.0237178 0.0714633 -0.23846 -0.0237178 0.124533 -0.215569 -0.0237178 0.17089 -0.181056 -0.0237178 0.20804 -0.136782 -0.0237178 0.23398 -0.0851346 -0.0237178 0.247308 -0.0288975 -0.0237178 0.247308 0.0288975 -0.0237178 0.247308 0.0288975 -0.0237178 0.23398 0.0851346 -0.0237178 0.20804 0.136782 -0.0237178 0.17089 0.181056 -0.0237178 0.124533 0.215569 -0.0237178 0.0714633 0.23846 -0.0237178 0.0145471 0.248496 -0.0237178 -0.0431511 0.245136 -0.0237178 -0.0985175 0.22856 -0.0237178 -0.148569 0.199662 -0.0237178 -0.190608 0.160001 -0.0237178 -0.222367 0.111714 -0.0237178 -0.242134 0.0574042 -0.0237178 -0.248844 0 -0.0320041 -0.239959 -0.0568887 -0.0320041 -0.246608 -0 -0.0402903 -0.225899 -0.0535564 -0.0380701 -0.234016 -0.0554802 -0.0380701 -0.240501 -0 -0.0402903 -0.232158 -0 -0.0380701 -0.234016 -0.0554802 -0.0380701 -0.240501 -0 -0.0320041 -0.22037 -0.110711 -0.0380701 -0.214912 -0.10797 -0.0402903 -0.207457 -0.104225 -0.0320041 -0.188896 -0.158564 -0.0380701 -0.184217 -0.154638 -0.0320041 -0.188896 -0.158564 -0.0402903 -0.177827 -0.149276 -0.0320041 -0.147234 -0.197869 -0.0380701 -0.143588 -0.19297 -0.0402903 -0.138606 -0.186278 -0.0320041 -0.0976322 -0.226507 -0.0380701 -0.0952136 -0.220899 -0.0402903 -0.0919092 -0.213239 -0.0380701 -0.0952136 -0.220899 -0.0320041 -0.0427629 -0.242934 -0.0380701 -0.0417018 -0.23692 -0.0402903 -0.0402536 -0.228704 -0.0380701 -0.0417018 -0.23692 -0.0320041 0.0144172 -0.246264 -0.0380701 0.0140624 -0.240167 -0.0402903 0.0135768 -0.231839 -0.0320041 0.0708225 -0.236319 -0.0380701 0.0690707 -0.230468 -0.0320041 0.0708225 -0.236319 -0.0402903 0.0666777 -0.222476 -0.0320041 0.123415 -0.213633 -0.0380701 0.120361 -0.208344 -0.0320041 0.123415 -0.213633 -0.0402903 0.11619 -0.201119 -0.0320041 0.169356 -0.17943 -0.0380701 0.165165 -0.174987 -0.0402903 0.15944 -0.168919 -0.0320041 0.206173 -0.135554 -0.0380701 0.20107 -0.132198 -0.0402903 0.1941 -0.127613 -0.0380701 0.20107 -0.132198 -0.0320041 0.231879 -0.0843702 -0.0380701 0.22614 -0.0822814 -0.0402903 0.2183 -0.0794279 -0.0320041 0.245087 -0.0286379 -0.0380701 0.239021 -0.027929 -0.0320041 0.245087 -0.0286379 -0.0402903 0.230735 -0.0269605 -0.0320041 0.245087 0.0286379 -0.0380701 0.239021 0.027929 -0.0320041 0.245087 0.0286379 -0.0402903 0.230735 0.0269605 -0.0320041 0.245087 0.0286379 -0.0320041 0.231879 0.0843702 -0.0320041 0.245087 0.0286379 -0.0380701 0.239021 0.027929 -0.0380701 0.22614 0.0822814 -0.0402903 0.230735 0.0269605 -0.0402903 0.2183 0.0794279 -0.0320041 0.206173 0.135554 -0.0380701 0.20107 0.132198 -0.0402903 0.1941 0.127613 -0.0380701 0.20107 0.132198 -0.0320041 0.169356 0.17943 -0.0380701 0.165165 0.174987 -0.0402903 0.15944 0.168919 -0.0320041 0.123415 0.213633 -0.0380701 0.120361 0.208344 -0.0320041 0.123415 0.213633 -0.0402903 0.11619 0.201119 -0.0320041 0.0708225 0.236319 -0.0380701 0.0690707 0.230468 -0.0320041 0.0708225 0.236319 -0.0402903 0.0666777 0.222476 -0.0320041 0.0144169 0.246264 -0.0380701 0.0140621 0.240167 -0.0320041 0.0144169 0.246264 -0.0402903 0.0135768 0.231839 -0.0320041 -0.0427629 0.242934 -0.0380701 -0.0417022 0.236919 -0.0402903 -0.0402536 0.228704 -0.0320041 -0.0976322 0.226507 -0.0380701 -0.0952136 0.220899 -0.0402903 -0.0919092 0.213239 -0.0380701 -0.0952136 0.220899 -0.0320041 -0.147234 0.197869 -0.0380701 -0.143588 0.19297 -0.0402903 -0.138606 0.186278 -0.0380701 -0.143588 0.19297 -0.0320041 -0.188896 0.158564 -0.0380701 -0.184217 0.154638 -0.0320041 -0.188896 0.158564 -0.0402903 -0.177826 0.149276 -0.0320041 -0.22037 0.11071 -0.0380701 -0.214912 0.107969 -0.0402903 -0.207457 0.104225 -0.0320041 -0.239959 0.0568887 -0.0380701 -0.234016 0.0554802 -0.0402903 -0.225899 0.0535564 -0.0380701 -0.234016 0.0554802 </float_array>
          <technique_common>
            <accessor count="411" offset="0" source="#meshId1-positions-array" stride="3">
              <param name="X" type="float" />
              <param name="Y" type="float" />
              <param name="Z" type="float" />
            </accessor>
          </technique_common>
        </source>
        <source id="meshId1-normals" name="meshId1-normals">
          <float_array id="meshId1-normals-array" count="1233"> 0.041519 0.972204 0.230423 0.04152 0.892862 0.448413 0 0.893632 0.4488 0 0.973043 0.230623 0.041516 0.765388 0.642229 0 0.766048 0.642783 0.041514 0.596649 0.801428 0 0.597163 0.80212 0.041515 0.395736 0.917426 0 0.396077 0.918217 0.041516 0.173498 0.983959 0 0.173648 0.984808 0.041517 -0.058096 0.997447 0 -0.058146 0.998308 0.041518 -0.286555 0.957164 0 -0.286803 0.95799 0.041519 -0.499568 0.865279 0 -0.499999 0.866026 0.041518 -0.68565 0.726746 0 -0.686242 0.727373 0.041515 -0.834765 0.549039 0 -0.835485 0.549513 0.04151 -0.938883 0.341726 0 -0.939692 0.342021 0.041508 -0.992382 0.115994 0 -0.993238 0.116095 0.041508 -0.992382 -0.115994 0 -0.993238 -0.116095 0.041508 -0.992382 -0.115994 0.04151 -0.938883 -0.341726 0 -0.939692 -0.342021 0 -0.993238 -0.116095 0.041515 -0.834765 -0.549039 0 -0.835485 -0.549513 0.041518 -0.68565 -0.726746 0 -0.686242 -0.727374 0.041518 -0.499568 -0.865279 0 -0.499999 -0.866026 0.041518 -0.286555 -0.957164 0 -0.286803 -0.95799 0.041517 -0.058096 -0.997447 0 -0.058146 -0.998308 0.041516 0.173498 -0.983959 0 0.173648 -0.984808 0.041515 0.395736 -0.917425 0 0.396077 -0.918217 0.041513 0.596648 -0.801428 0 0.597163 -0.80212 0.041515 0.765388 -0.642229 0 0.766049 -0.642783 0.04152 0.892863 -0.448411 0 0.893633 -0.448798 0.041519 0.972204 -0.230424 0 0.973043 -0.230623 0.041517 0.999138 0 0 1 0 0.975877 0.212437 0.050349 0.924793 0.370214 0.087744 0.924793 0.380471 0 0.975868 0.21836 0 0.384922 0.898071 0.212849 0.384905 0.922956 -0 0.384927 0.824776 0.414218 0.975899 0.195009 0.097939 0.924793 0.340001 0.170757 0.384895 0.707031 0.593264 0.975936 0.167041 0.140164 0.924797 0.291449 0.244558 0.384878 0.551158 0.740334 0.975984 0.130087 0.174736 0.924796 0.227196 0.305179 0.384889 0.365562 0.847481 0.97604 0.086182 0.199795 0.924793 0.150699 0.349354 0.384898 0.16027 0.908937 0.976104 0.037737 0.214003 0.924793 0.066067 0.374691 0.384906 -0.053667 0.921394 0.976169 -0.012617 0.216643 0.924792 -0.022125 0.37983 0.384918 -0.264711 0.884176 0.976233 -0.062155 0.207617 0.924791 -0.109123 0.364492 0.384921 -0.461475 0.799297 0.976294 -0.108227 0.187451 0.924789 -0.190241 0.329504 0.384918 -0.633369 0.671329 0.976345 -0.148378 0.157272 0.924785 -0.26111 0.276756 0.384892 -0.771123 0.507176 0.976388 -0.180483 0.11871 0.924787 -0.31789 0.209081 0.384849 -0.867317 0.315677 0.976418 -0.202869 0.07384 0.924792 -0.357529 0.13013 0.384833 -0.916745 0.107154 0.976432 -0.214366 0.025056 0.924793 -0.377897 0.04417 0.384833 -0.916745 -0.107154 0.976432 -0.214365 -0.025056 0.924793 -0.377897 -0.04417 0.384833 -0.916745 -0.107154 0.384849 -0.867317 -0.315677 0.924793 -0.377897 -0.04417 0.976432 -0.214365 -0.025056 0.976417 -0.202872 -0.07384 0.924792 -0.357529 -0.13013 0.384892 -0.771123 -0.507176 0.976387 -0.18049 -0.11871 0.924786 -0.317893 -0.209081 0.384917 -0.63337 -0.671328 0.976345 -0.148378 -0.157272 0.924785 -0.261109 -0.276756 0.384918 -0.461477 -0.799298 0.976294 -0.108225 -0.187451 0.92479 -0.190239 -0.329504 0.384915 -0.264712 -0.884177 0.976233 -0.062156 -0.207617 0.92479 -0.109123 -0.364493 0.384905 -0.053667 -0.921395 0.976169 -0.012616 -0.216643 0.924792 -0.022125 -0.37983 0.384898 0.16027 -0.908937 0.976104 0.037737 -0.214003 0.924793 0.066066 -0.37469 0.384888 0.365562 -0.847482 0.97604 0.086184 -0.199795 0.924793 0.150701 -0.349353 0.384876 0.551157 -0.740335 0.975984 0.13009 -0.174736 0.924795 0.2272 -0.305179 0.384892 0.707031 -0.593267 0.975936 0.167042 -0.140164 0.924796 0.291452 -0.244558 0.384925 0.824778 -0.414216 0.975899 0.195011 -0.097939 0.924791 0.340005 -0.170757 0.38492 0.898071 -0.212848 0.975876 0.212443 -0.050349 0.92479 0.370222 -0.087744 0.983003 -0.178642 -0.04234 0.983023 -0.163968 -0.082348 0.983053 -0.140431 -0.117839 0.983093 -0.109344 -0.146874 0.983142 -0.072422 -0.167889 0.983196 -0.031701 -0.179779 0.983252 0.010598 -0.181943 0.983307 0.052188 -0.174312 0.983357 0.090842 -0.157342 0.983402 0.124515 -0.131975 0.983437 0.151433 -0.099597 0.983461 0.170199 -0.061945 0.983473 0.179828 -0.021018 0.983474 0.179826 0.021018 0.983474 0.179826 0.021018 0.983461 0.170196 0.061946 0.983437 0.151432 0.099597 0.983402 0.124516 0.131975 0.983357 0.09084 0.157342 0.983307 0.052184 0.174312 0.983252 0.010598 0.181943 0.983196 -0.0317 0.17978 0.983142 -0.07242 0.167889 0.983093 -0.109344 0.146874 0.983053 -0.140432 0.117839 0.983022 -0.163969 0.082349 0.983002 -0.178644 0.04234 0.982996 -0.183625 -0 0.022103 -0.972808 -0.230557 0.384926 -0.898069 -0.212846 0.384896 -0.92296 -0 0.022101 -0.999756 0 0.924797 -0.370206 -0.087743 0.924796 -0.380462 -0 0.924797 -0.339992 -0.17075 0.022103 -0.893414 -0.44869 0.384934 -0.824771 -0.414221 0.924798 -0.291447 -0.244555 0.022101 -0.765853 -0.642635 0.384894 -0.70703 -0.593267 0.924794 -0.227197 -0.305185 0.022101 -0.597013 -0.801927 0.384886 -0.551156 -0.740331 0.924793 -0.150701 -0.349353 0.022103 -0.395986 -0.917991 0.384911 -0.365564 -0.847471 0.924793 -0.066069 -0.374691 0.022103 -0.173605 -0.984567 0.384919 -0.160259 -0.90893 0.924793 0.022121 -0.379828 0.022103 0.058131 -0.998064 0.384914 0.053658 -0.921391 0.924793 0.109123 -0.364487 0.022103 0.286733 -0.957755 0.384921 0.264703 -0.884177 0.924791 0.19024 -0.329499 0.022103 0.499879 -0.865813 0.384914 0.461468 -0.799305 0.924793 0.261096 -0.276742 0.022101 0.686078 -0.727193 0.384881 0.633382 -0.671338 0.924797 0.317871 -0.209065 0.022102 0.83528 -0.549381 0.384899 0.771118 -0.507179 0.924793 0.357525 -0.130127 0.022106 0.939463 -0.341938 0.384963 0.867272 -0.315663 0.924789 0.377907 -0.044169 0.022107 0.992996 -0.116059 0.384979 0.916685 -0.107141 0.924792 0.3779 0.044169 0.022107 0.992996 0.116059 0.384979 0.916685 0.107141 0.924792 0.3779 0.044169 0.924793 0.357526 0.130127 0.384979 0.916685 0.107141 0.022107 0.992996 0.116059 0.022106 0.939463 0.341937 0.384963 0.867272 0.315663 0.924794 0.317882 0.209064 0.022101 0.83528 0.549381 0.384898 0.771118 0.507179 0.924793 0.2611 0.276741 0.0221 0.686077 0.727193 0.384878 0.633383 0.671338 0.924792 0.190236 0.3295 0.022102 0.499879 0.865813 0.384911 0.461475 0.799302 0.924793 0.109119 0.364487 0.022103 0.286733 0.957756 0.384919 0.264706 0.884177 0.924793 0.022121 0.379827 0.022103 0.058131 0.998064 0.384916 0.053658 0.921391 0.924793 -0.066068 0.37469 0.022103 -0.173606 0.984567 0.384921 -0.160261 0.908929 0.924793 -0.150698 0.349353 0.022103 -0.395987 0.91799 0.384913 -0.365566 0.847469 0.924794 -0.227197 0.305184 0.022101 -0.597013 0.801927 0.384887 -0.551156 0.740331 0.924798 -0.291447 0.244555 0.022101 -0.765854 0.642635 0.38489 -0.707035 0.593263 0.924797 -0.339993 0.17075 0.022103 -0.893414 0.448689 0.384931 -0.824774 0.414218 0.924794 -0.370214 0.087743 0.022103 -0.972808 0.230557 0.384926 -0.898069 0.212846 -0.999784 -0.018556 -0.009319 -0.999784 -0.020205 -0.004789 -1 0 0 -0.999784 -0.015906 -0.013347 -0.999784 -0.012399 -0.016655 -0.999784 -0.008224 -0.019066 -0.999784 -0.003606 -0.020449 -0.999784 0.001207 -0.020729 -0.999784 0.005955 -0.019892 -0.999784 0.010383 -0.017982 -0.999784 0.01425 -0.015103 -0.999784 0.017348 -0.01141 -0.999784 0.019512 -0.007102 -0.999784 0.020624 -0.00241 -0.999784 0.020624 0.00241 -0.999784 0.019512 0.007102 -0.999784 0.017348 0.01141 -0.999784 0.014249 0.015103 -0.999784 0.010382 0.017982 -0.999784 0.005955 0.019892 -0.999784 0.001207 0.020729 -0.999784 -0.003606 0.020449 -0.999784 -0.008225 0.019066 -0.999784 -0.012399 0.016655 -0.999784 -0.015906 0.013347 -0.999784 -0.018556 0.009319 -0.999784 -0.020205 0.004789 -0.999784 -0.020764 0 -0.029328 -0.972627 -0.230515 -0.029329 -0.893248 -0.448606 -0.029328 -0.765711 -0.642516 -0.029327 -0.596902 -0.801778 -0.029327 -0.395913 -0.91782 -0.029327 -0.173573 -0.984384 -0.029327 0.05812 -0.997879 -0.029327 0.28668 -0.957578 -0.029328 0.499786 -0.865652 -0.029328 0.68595 -0.727057 -0.029328 0.835124 -0.549279 -0.02933 0.939288 -0.341874 -0.02933 0.992812 -0.116038 -0.02933 0.992812 0.116038 -0.02933 0.992812 0.116038 -0.02933 0.939288 0.341874 -0.029328 0.835124 0.549279 -0.029328 0.68595 0.727057 -0.029328 0.499786 0.865652 -0.029328 0.28668 0.957578 -0.029327 0.05812 0.997879 -0.029327 -0.173573 0.984384 -0.029327 -0.395913 0.917819 -0.029327 -0.596902 0.801778 -0.029328 -0.765711 0.642516 -0.029329 -0.893248 0.448606 -0.029328 -0.972627 0.230514 -0.029328 -0.99957 0 -0.492063 -0.847094 -0.200763 -0.492062 -0.87056 -0 -0.999784 -0.020205 -0.004789 -0.966361 -0.250256 -0.059311 -0.966362 -0.257185 0 -0.999784 -0.020764 0 -0.709496 -0.685715 -0.162515 -0.709497 -0.704708 0 -0.492065 -0.77796 -0.390706 -0.856989 -0.46052 -0.231281 -0.999784 -0.018556 -0.009319 -0.260468 -0.739598 -0.620605 -0.856992 -0.394765 -0.33125 -0.709496 -0.539837 -0.45298 -0.999784 -0.015906 -0.013347 -0.492055 -0.519864 -0.698301 -0.856991 -0.307736 -0.413358 -0.999784 -0.012399 -0.016655 -0.492057 -0.344814 -0.799364 -0.709494 -0.279125 -0.647077 -0.999784 -0.008224 -0.019066 -0.966363 -0.101867 -0.23615 -0.492061 -0.151173 -0.857335 -0.709499 -0.122368 -0.694001 -0.999784 -0.003606 -0.020449 -0.966362 -0.044659 -0.253278 -0.492061 0.050617 -0.869088 -0.856992 0.029965 -0.514458 -0.999784 0.001207 -0.020729 -0.260467 0.276906 -0.924922 -0.856993 0.147798 -0.493679 -0.709499 0.202112 -0.675101 -0.999784 0.005955 -0.019892 -0.26047 0.482742 -0.836131 -0.856993 0.257664 -0.446287 -0.709502 0.352354 -0.61029 -0.999784 0.010383 -0.017982 -0.492066 0.597415 -0.633218 -0.856993 0.353641 -0.374835 -0.999784 0.01425 -0.015103 -0.49207 0.727335 -0.478383 -0.709506 0.588764 -0.387244 -0.999784 0.017348 -0.01141 -0.966361 0.214878 -0.141328 -0.492076 0.818051 -0.297747 -0.85699 0.484254 -0.176254 -0.999784 0.019512 -0.007102 -0.260488 0.958949 -0.11208 -0.856989 0.51185 -0.059824 -0.709506 0.699935 -0.081808 -0.999784 0.020624 -0.00241 -0.260488 0.958949 0.11208 -0.85699 0.511849 0.059825 -0.709508 0.699933 0.081808 -0.999784 0.020624 0.00241 -0.260488 0.958949 0.11208 -0.492077 0.818051 0.297748 -0.709508 0.699933 0.081808 -0.85699 0.511849 0.059825 -0.85699 0.484254 0.176254 -0.999784 0.020624 0.00241 -0.999784 0.019512 0.007102 -0.49207 0.727336 0.478383 -0.709504 0.588768 0.387242 -0.999784 0.017348 0.01141 -0.966361 0.214878 0.141328 -0.492066 0.597415 0.633219 -0.856992 0.353642 0.374835 -0.999784 0.014249 0.015103 -0.26047 0.482742 0.836131 -0.856993 0.257664 0.446288 -0.709502 0.352353 0.610291 -0.999784 0.010382 0.017982 -0.260467 0.276906 0.924922 -0.856993 0.147798 0.493679 -0.7095 0.202112 0.6751 -0.999784 0.005955 0.019892 -0.260466 0.056136 0.96385 -0.856992 0.029965 0.514458 -0.709499 0.040974 0.703515 -0.999784 0.001207 0.020729 -0.492061 -0.151171 0.857335 -0.856992 -0.089485 0.507501 -0.999784 -0.003606 0.020449 -0.492058 -0.344814 0.799364 -0.709494 -0.279123 0.647077 -0.999784 -0.008225 0.019066 -0.966362 -0.101868 0.23615 -0.492055 -0.519864 0.698301 -0.709492 -0.420827 0.565267 -0.999784 -0.012399 0.016655 -0.966363 -0.153579 0.206291 -0.260466 -0.7396 0.620605 -0.856992 -0.394764 0.331249 -0.709496 -0.539838 0.452979 -0.999784 -0.015906 0.013347 -0.492065 -0.777959 0.390706 -0.856991 -0.460518 0.23128 -0.999784 -0.018556 0.009319 -0.492064 -0.847093 0.200764 -0.709498 -0.685712 0.162516 -0.999784 -0.020205 0.004789 -0.966361 -0.250257 0.059311 </float_array>
          <technique_common>
            <accessor count="411" offset="0" source="#meshId1-normals-array" stride="3">
              <param name="X" type="float" />
              <param name="Y" type="float" />
              <param name="Z" type="float" />
            </accessor>
          </technique_common>
        </source>
        <source id="meshId1-tangents" name="meshId1-tangents">
          <float_array id="meshId1-tangents-array" count="1233"> 0.919952 0.0527822 -0.388462 0.926121 0.134023 -0.352614 0.926371 0.169024 -0.336553 0.920232 0.0902595 -0.380822 0.932243 0.20157 -0.300488 0.93238 0.232354 -0.276912 0.938221 0.252517 -0.236594 0.938308 0.277374 -0.2065 0.944376 0.284274 -0.165357 0.944148 0.302574 -0.130516 0.95085 0.295595 -0.0922402 0.949862 0.30792 -0.0542945 0.957563 0.287295 -0.0231236 0.955455 0.294639 0.0171611 0.964902 0.260129 0.0360236 0.960827 0.265507 0.0794874 0.972829 0.217641 0.0789753 0.965848 0.224396 0.129555 0.981287 0.164863 0.0994804 0.970356 0.175791 0.16585 0.989704 0.109694 0.0919452 0.974116 0.124216 0.18886 0.996461 0.0639226 0.0545845 0.976848 0.0731702 0.201033 0.999138 0.0411338 -0.00561989 0.978237 0.0240887 0.206088 0.996848 0.048989 -0.0624042 0.978475 -0.0239579 0.204969 0.734786 -0.0483473 0.676574 0.747684 -0.197682 0.633948 0.823398 -0.194085 0.533242 0.821156 -0.0662559 0.566845 0.775059 -0.319874 0.544945 0.82904 -0.307282 0.467195 0.801363 -0.411572 0.43408 0.836483 -0.398595 0.376055 0.823318 -0.473539 0.312902 0.84487 -0.463299 0.267485 0.840938 -0.507295 0.18835 0.853574 -0.499086 0.149416 0.855187 -0.514159 0.0655428 0.862223 -0.505672 0.0294526 0.866831 -0.495998 -0.0508836 0.870629 -0.484466 -0.0854243 0.87699 -0.454374 -0.156311 0.878679 -0.438369 -0.189092 0.885573 -0.393386 -0.246997 0.886365 -0.371372 -0.276479 0.893439 -0.316178 -0.319057 0.893694 -0.288401 -0.343708 0.900623 -0.227769 -0.370135 0.900696 -0.19498 -0.388238 0.907218 -0.133307 -0.398979 0.907431 -0.0969081 -0.408874 0.913732 -0.0379681 -0.404539 0.913927 0 -0.405879 0.216311 -0.909596 -0.354745 0.374883 -0.847275 -0.376282 0.374365 -0.909951 -0.178438 0.216194 -0.966187 -0.140511 0.857236 -0.262416 -0.443041 0.851997 -0.355313 -0.384517 0.86254 -0.161772 -0.479431 0.21634 -0.805769 -0.551301 0.375427 -0.742622 -0.554587 0.867875 -0.0585109 -0.493325 0.216322 -0.660758 -0.718751 0.375859 -0.600173 -0.706061 0.873057 0.0427942 -0.485736 0.216273 -0.482504 -0.848773 0.376356 -0.428747 -0.821299 0.878616 0.136082 -0.457728 0.216187 -0.279988 -0.935345 0.376828 -0.236021 -0.895709 0.884787 0.21622 -0.412797 0.216092 -0.0646735 -0.974229 0.37738 -0.0340134 -0.925433 0.89143 0.280306 -0.356062 0.216003 0.152571 -0.964399 0.377977 0.167609 -0.910517 0.899125 0.323815 -0.29448 0.215925 0.360971 -0.907235 0.378623 0.358371 -0.853355 0.907608 0.346507 -0.237024 0.215914 0.547912 -0.808192 0.379327 0.528349 -0.759577 0.916163 0.350256 -0.194847 0.215947 0.705591 -0.674914 0.380021 0.669928 -0.637793 0.922305 0.342065 -0.179846 0.215977 0.827043 -0.518994 0.380464 0.778358 -0.499406 0.920593 0.336124 -0.198821 0.215838 0.909877 -0.354312 0.380044 0.851781 -0.360605 0.904016 0.350959 -0.244095 0.214943 0.955379 -0.202607 0.37695 0.894286 -0.241167 0.873052 0.39922 -0.280006 0.209182 0.968562 -0.134647 0.363408 0.911724 -0.191557 0.594103 0.157185 0.788882 0.633932 -0.00019931 0.773389 0.306592 0.671437 0.674665 0.188778 0.792024 0.580569 0.202965 0.746015 0.634245 0.338639 0.61755 0.709898 0.683189 -0.131442 0.718315 0.207203 0.626965 0.750987 0.352115 0.506813 0.786865 0.725198 -0.242372 0.644472 0.209491 0.469121 0.857927 0.35929 0.359874 0.861047 0.756795 -0.337901 0.559538 0.211049 0.283721 0.935393 0.363662 0.187341 0.912498 0.779752 -0.419263 0.464978 0.212149 0.0783399 0.974092 0.366544 -0.0013558 0.9304 0.796647 -0.484779 0.361029 0.213031 -0.134577 0.967733 0.368591 -0.195452 0.908812 0.809238 -0.532175 0.248843 0.213764 -0.343788 0.914393 0.370008 -0.385518 0.845263 0.81958 -0.557627 0.131683 0.214375 -0.538158 0.815126 0.371061 -0.560189 0.740609 0.827574 -0.561219 0.0124179 0.214914 -0.706102 0.674708 0.371975 -0.708441 0.599788 0.834686 -0.540972 -0.103191 0.215347 -0.839343 0.499129 0.372648 -0.823502 0.427759 0.84091 -0.498381 -0.21092 0.215703 -0.930036 0.297497 0.373305 -0.89757 0.234547 0.846419 -0.435435 -0.306546 0.216003 -0.973024 0.0810412 0.373918 -0.926986 0.029688 -0.181962 -0.917366 -0.35402 -0.181963 -0.813489 -0.552381 -0.18195 -0.668938 -0.720705 -0.181864 -0.48979 -0.852662 -0.181747 -0.286695 -0.940624 -0.181615 -0.0701719 -0.980863 -0.181494 0.147846 -0.972215 -0.181383 0.35715 -0.916267 -0.181308 0.54628 -0.817744 -0.181277 0.705335 -0.685304 -0.181236 0.828494 -0.52986 -0.18103 0.912863 -0.365936 -0.1801 0.9598 -0.215285 -0.175098 0.974234 -0.14216 -0.156067 0.783189 0.601879 -0.169456 0.743895 0.646456 -0.173457 0.626945 0.759509 -0.175581 0.469663 0.86521 -0.177031 0.284371 0.942228 -0.178072 0.0791175 0.980832 -0.178897 -0.134523 0.974628 -0.179579 -0.344996 0.921265 -0.180151 -0.540633 0.821743 -0.180658 -0.709953 0.680683 -0.181095 -0.843799 0.505181 -0.181434 -0.935575 0.302955 -0.181678 -0.979751 0.084153 -0.181861 -0.973553 -0.138275 -0.908827 0.0765428 -0.41009 -0.849528 -0.254617 -0.462031 -0.844697 -0.352258 -0.402991 -0.903274 -0.019968 -0.4286 -0.373431 -0.839105 -0.39554 -0.372874 -0.906351 -0.198731 -0.373958 -0.729686 -0.572462 -0.914612 0.163168 -0.369948 -0.854785 -0.149317 -0.497038 -0.374576 -0.584889 -0.719442 -0.920287 0.235564 -0.31238 -0.859891 -0.0411627 -0.508816 -0.375077 -0.409849 -0.83147 -0.926421 0.289313 -0.240918 -0.865729 0.0624853 -0.496597 -0.375643 -0.215839 -0.90128 -0.932741 0.32235 -0.161508 -0.871849 0.15729 -0.463831 -0.376268 -0.0128313 -0.926422 -0.939171 0.334007 -0.0799783 -0.878117 0.239616 -0.414118 -0.377011 0.187615 -0.907008 -0.945895 0.324467 -0.00204955 -0.884743 0.305724 -0.3518 -0.377821 0.376266 -0.845976 -0.953814 0.293115 0.0657405 -0.893041 0.348719 -0.284381 -0.378646 0.544979 -0.748081 -0.962788 0.243965 0.116275 -0.902518 0.369419 -0.221339 -0.379573 0.683066 -0.623976 -0.97288 0.182278 0.142404 -0.91255 0.370111 -0.173984 -0.380307 0.78795 -0.484253 -0.984059 0.11517 0.135515 -0.921113 0.355665 -0.158279 -0.380273 0.857563 -0.346379 -0.994699 0.0550238 0.08687 -0.920972 0.3387 -0.192596 -0.377339 0.896071 -0.233821 -0.999749 0.0223719 0.000979323 -0.897141 0.344445 -0.276578 -0.364529 0.913302 -0.181652 -0.998653 0.0273831 -0.0440632 -0.872261 0.39932 -0.28232 -0.302476 0.659819 0.687857 -0.337914 0.614644 0.712761 -0.532638 0.125872 0.836931 -0.718874 -0.0648873 0.692105 -0.753015 -0.209333 0.623818 -0.624045 -0.00739107 0.781353 -0.350614 0.498664 0.792719 -0.782503 -0.32757 0.529517 -0.681449 -0.133185 0.719646 -0.357498 0.347396 0.866897 -0.806453 -0.417664 0.418558 -0.723872 -0.244111 0.645305 -0.361846 0.172098 0.916215 -0.824688 -0.480443 0.298437 -0.753035 -0.343712 0.561072 -0.364795 -0.0178446 0.930917 -0.839272 -0.515245 0.173623 -0.774214 -0.428893 0.46545 -0.366842 -0.212959 0.90558 -0.851145 -0.522611 0.0492883 -0.789932 -0.497154 0.35895 -0.368242 -0.403093 0.837803 -0.860938 -0.503936 -0.06953 -0.801691 -0.546011 0.243235 -0.369313 -0.576287 0.729041 -0.869844 -0.460252 -0.177592 -0.811887 -0.570813 0.122525 -0.370232 -0.722196 0.584261 -0.877384 -0.396118 -0.270718 -0.819778 -0.572682 -0.000155536 -0.371094 -0.832734 0.410906 -0.884265 -0.314886 -0.344852 -0.826568 -0.550051 -0.119285 -0.371819 -0.902771 0.21623 -0.890978 -0.221187 -0.396529 -0.833164 -0.503609 -0.22851 -0.372304 -0.928075 0.00818903 -0.897316 -0.120991 -0.424482 -0.839217 -0.43655 -0.324252 -0.0128691 0.201511 0.979402 -0.00876519 0.201573 0.979434 0 0.201729 0.979441 -0.01628 0.201505 0.979352 -0.018813 0.201525 0.979302 -0.0203328 0.2016 0.979257 -0.020756 0.2017 0.979227 -0.0200591 0.201792 0.979223 -0.0182808 0.201879 0.97924 -0.0155163 0.201912 0.979281 -0.0119162 0.201911 0.979331 -0.00767429 0.201873 0.979382 -0.00301971 0.201766 0.979429 0.00179954 0.201689 0.979448 0.00652005 0.201619 0.979442 0.0108903 0.201522 0.979424 0.0146734 0.201497 0.979379 0.0176659 0.201513 0.979327 0.0197062 0.201556 0.979279 0.0206843 0.201652 0.979239 0.0205462 0.201742 0.979223 0.0193006 0.201839 0.979229 0.0170135 0.201905 0.979257 0.0138098 0.201913 0.979306 0.00986237 0.201889 0.979359 0.00538269 0.201849 0.979402 0.000614632 0.201734 0.97944 -0.00418769 0.201637 0.979451 -0.909 0.121874 -0.39858 -0.91317 0.206469 -0.351412 -0.917427 0.275803 -0.286809 -0.921416 0.327076 -0.209796 -0.925277 0.35813 -0.124918 -0.928896 0.368459 -0.0372951 -0.932081 0.359014 0.0483035 -0.934489 0.33216 0.128062 -0.935625 0.291051 0.199738 -0.935064 0.238236 0.262485 -0.93175 0.176123 0.317526 -0.924791 0.1043 0.365899 -0.913654 0.0204584 0.405977 -0.896176 -0.0775358 0.436871 -0.911303 -0.0742559 0.404985 -0.906758 -0.168929 0.386334 -0.896603 -0.264894 0.354871 -0.887266 -0.352836 0.297096 -0.881326 -0.42152 0.213506 -0.879017 -0.463489 0.111838 -0.879416 -0.476051 0.00188148 -0.881264 -0.460258 -0.107411 -0.884276 -0.417835 -0.208494 -0.887996 -0.352706 -0.295061 -0.891965 -0.270074 -0.362572 -0.896021 -0.175428 -0.407886 -0.900432 -0.0744236 -0.428582 -0.904676 0.0265437 -0.425273 -0.809526 0.530059 -0.252398 -0.807294 0.456302 -0.374253 -0.0205958 0.994286 0.104747 -0.254443 0.963882 0.0786812 -0.254334 0.95565 -0.148484 -0.0205875 0.991274 -0.130197 -0.672881 0.727715 -0.132899 -0.671743 0.676308 -0.302273 -0.811853 0.572089 -0.116655 -0.501596 0.848355 0.169396 -0.0206015 0.942594 0.333306 -0.891627 0.430834 -0.139225 -0.502099 0.784359 0.36425 -0.672133 0.711555 0.20476 -0.0206082 0.838768 0.544099 -0.816159 0.554586 0.16223 -0.502606 0.676279 0.538548 -0.0206134 0.689063 0.724409 -0.817944 0.497504 0.28889 -0.677538 0.522706 0.517417 -0.0206209 0.50097 0.865219 -0.254795 0.50406 0.825229 -0.819385 0.4131 0.397438 -0.678303 0.385631 0.625455 -0.0206268 0.285783 0.958072 -0.254874 0.298024 0.919903 -0.820156 0.30781 0.482284 -0.503619 0.162918 0.848425 -0.0206296 0.0557875 0.99823 -0.898845 0.280187 0.337007 -0.503495 -0.0360279 0.863247 -0.675522 0.0777744 0.733226 -0.0206279 -0.175145 0.984326 -0.895486 0.202944 0.39613 -0.502867 -0.228842 0.83352 -0.673983 -0.0863769 0.733679 -0.0206217 -0.395088 0.918412 -0.811271 -0.0508497 0.582454 -0.501249 -0.403177 0.765635 -0.0206006 -0.589456 0.807538 -0.799598 -0.160307 0.578744 -0.664937 -0.377355 0.644564 -0.0205511 -0.748224 0.663128 -0.253947 -0.710223 0.656577 -0.778641 -0.260621 0.570785 -0.490698 -0.662328 0.56616 -0.0204392 -0.864467 0.502274 -0.817109 -0.157132 0.554656 -0.475882 -0.741482 0.473012 -0.618343 -0.562669 0.548685 -0.0201405 -0.934942 0.35423 -0.762386 -0.27553 0.585535 -0.435934 -0.781959 0.445535 -0.554952 -0.62651 0.547278 -0.0190337 -0.956646 0.290632 -0.933789 -0.279733 0.223132 -0.850615 -0.524589 0.0355091 -0.704695 -0.705045 -0.0794779 -0.51462 -0.843914 -0.151577 -0.513269 -0.832659 -0.207927 -0.0206215 -0.972587 -0.231622 -0.0207514 -0.951042 -0.308365 -0.834304 -0.550922 -0.0205493 -0.688568 -0.696119 -0.203204 -0.0206828 -0.880623 -0.473366 -0.255801 -0.86004 -0.441472 -0.819504 -0.563303 -0.105373 -0.503799 -0.727954 -0.465048 -0.0206255 -0.765403 -0.64322 -0.882934 -0.46948 -0.00399488 -0.500978 -0.619517 -0.604334 -0.670167 -0.605155 -0.429724 -0.0205893 -0.607806 -0.793818 -0.875081 -0.472451 -0.104988 -0.499298 -0.475223 -0.724475 -0.665923 -0.50571 -0.548456 -0.0205691 -0.415135 -0.909527 -0.871226 -0.443893 -0.209583 -0.49846 -0.30154 -0.81278 -0.663706 -0.374407 -0.647545 -0.0205594 -0.19746 -0.980095 -0.797766 -0.315922 -0.513578 -0.498187 -0.108033 -0.860313 -0.020556 0.0325919 -0.999257 -0.798005 -0.188342 -0.572465 -0.66658 -0.0321347 -0.74474 -0.0205581 0.262897 -0.964605 -0.253936 0.232438 -0.938877 -0.79926 -0.0481656 -0.599053 -0.667306 0.143325 -0.730863 -0.0205614 0.479507 -0.877297 -0.253986 0.443847 -0.859355 -0.873875 -0.092696 -0.477232 -0.498981 0.475042 -0.724813 -0.664666 0.299031 -0.684689 -0.0205679 0.670458 -0.741662 -0.80289 0.232065 -0.549102 -0.499514 0.631986 -0.59252 -0.0205744 0.824612 -0.565324 -0.80515 0.355124 -0.474995 -0.670606 0.586095 -0.454732 -0.0205807 0.933534 -0.357898 -0.254235 0.894661 -0.36735 </float_array>
          <technique_common>
            <accessor count="411" offset="0" source="#meshId1-tangents-array" stride="3">
              <param name="X" type="float" />
              <param name="Y" type="float" />
              <param name="Z" type="float" />
            </accessor>
          </technique_common>
        </source>
        <source id="meshId1-bitangents" name="meshId1-bitangents">
          <float_array id="meshId1-bitangents-array" count="1233"> -0.389827 0.228107 -0.892189 -0.374934 0.429925 -0.821334 -0.376612 0.415755 -0.827835 -0.391372 0.212227 -0.895426 -0.359444 0.611188 -0.705159 -0.361481 0.599318 -0.714248 -0.343537 0.761739 -0.549306 -0.345801 0.752635 -0.560323 -0.326238 0.87326 -0.361922 -0.329523 0.866932 -0.373955 -0.306857 0.939427 -0.152699 -0.31267 0.935431 -0.164942 -0.285219 0.956078 0.0675582 -0.295138 0.953838 0.0555559 -0.259309 0.922074 0.287297 -0.27715 0.920462 0.275568 -0.227774 0.838489 0.49503 -0.25911 0.836449 0.482923 -0.188022 0.709016 0.679664 -0.241679 0.705811 0.665899 -0.136979 0.539569 0.830724 -0.226048 0.53529 0.813859 -0.0730924 0.338251 0.938214 -0.213935 0.334103 0.917936 0.00080581 0.116127 0.993234 -0.207491 0.113568 0.971622 0.0676113 -0.113038 0.991287 -0.206364 -0.113596 0.971859 -0.677028 -0.113314 0.727182 -0.662756 -0.281818 0.693782 -0.567465 -0.281619 0.77374 -0.570704 -0.0953321 0.815603 -0.630524 -0.448161 0.633712 -0.55919 -0.455568 0.69265 -0.596735 -0.60041 0.532367 -0.547992 -0.608436 0.57403 -0.56606 -0.725391 0.391643 -0.534971 -0.73168 0.422434 -0.539537 -0.812735 0.219913 -0.520972 -0.817715 0.244808 -0.516654 -0.855725 0.0283366 -0.506529 -0.860764 0.0501348 -0.49687 -0.850814 -0.170985 -0.49194 -0.857403 -0.151183 -0.478712 -0.798083 -0.36592 -0.477413 -0.806818 -0.348025 -0.462641 -0.69947 -0.544706 -0.462988 -0.710971 -0.529304 -0.447261 -0.560547 -0.696954 -0.448676 -0.574452 -0.684614 -0.432614 -0.388481 -0.81359 -0.434449 -0.404231 -0.804892 -0.418606 -0.19248 -0.887536 -0.420201 -0.209274 -0.882969 -0.404191 0.0167953 -0.914521 -0.405879 0 -0.913927 -0.0295637 0.357079 -0.933607 -0.0649615 0.380877 -0.922341 -0.0678903 0.165018 -0.983951 -0.0306819 0.13712 -0.990079 -0.342027 0.352998 -0.870868 -0.354892 0.148002 -0.923118 -0.328414 0.541826 -0.773673 -0.0285925 0.559203 -0.828537 -0.0617521 0.576985 -0.814418 -0.314083 0.704757 -0.636135 -0.0274464 0.731776 -0.680992 -0.0590036 0.744882 -0.664582 -0.299399 0.833303 -0.464722 -0.0261037 0.86618 -0.49905 -0.0557514 0.87439 -0.48201 -0.282655 0.920785 -0.268812 -0.0246696 0.956127 -0.291911 -0.0525276 0.959992 -0.275058 -0.262689 0.9631 -0.0585821 -0.0229241 0.997193 -0.0712828 -0.0483961 0.997235 -0.0563878 -0.239164 0.958409 0.155732 -0.0208855 0.988212 0.15166 -0.0435177 0.985606 0.163366 -0.208357 0.908335 0.36265 -0.0185546 0.930503 0.365813 -0.0375026 0.92718 0.372735 -0.167581 0.816684 0.552216 -0.0152384 0.829506 0.558291 -0.0295905 0.827439 0.560775 -0.111727 0.690047 0.715089 -0.0108273 0.692911 0.720942 -0.0188723 0.694995 0.718767 -0.0348043 0.536992 0.842869 -0.00450869 0.532378 0.846495 -0.00398375 0.541392 0.840761 0.0663341 0.367126 0.927803 0.00469357 0.361894 0.932208 0.0180846 0.38294 0.923597 0.186166 0.190805 0.963813 0.0194941 0.203218 0.97894 0.0516358 0.23968 0.969477 0.299472 0.0142045 0.953999 0.0531318 0.126232 0.990577 0.11266 0.161099 0.980487 -0.706361 -0.367248 0.60513 -0.670836 -0.497756 0.549743 -0.225297 -0.637468 0.736801 -0.104609 -0.571616 0.813825 -0.0735847 -0.634274 0.769598 -0.173447 -0.700575 0.692179 -0.620573 -0.622971 0.476232 -0.0611185 -0.757851 0.649559 -0.144174 -0.801302 0.580628 -0.5709 -0.734914 0.366026 -0.053518 -0.87058 0.489107 -0.12523 -0.895719 0.42662 -0.528298 -0.820282 0.219179 -0.0480491 -0.95278 0.299836 -0.111863 -0.963698 0.242433 -0.493788 -0.868416 0.045029 -0.044281 -0.994987 0.0896644 -0.102022 -0.994027 0.0387446 -0.466048 -0.872989 -0.14384 -0.0413641 -0.990822 -0.128682 -0.0943461 -0.980464 -0.172598 -0.443832 -0.831326 -0.33453 -0.0390653 -0.938289 -0.34364 -0.0886066 -0.920332 -0.380969 -0.424441 -0.745262 -0.514231 -0.0372704 -0.838426 -0.543739 -0.0840932 -0.814541 -0.573978 -0.408646 -0.617461 -0.672123 -0.0356087 -0.696058 -0.717103 -0.0799295 -0.6682 -0.739675 -0.3939 -0.455474 -0.798365 -0.0342702 -0.517302 -0.855117 -0.0767227 -0.486724 -0.87018 -0.3804 -0.26713 -0.885403 -0.0330716 -0.311453 -0.949686 -0.0735193 -0.280651 -0.95699 -0.367982 -0.0621628 -0.927752 -0.0317741 -0.0899617 -0.995439 -0.0703463 -0.0602642 -0.9957 0.0244016 0.355707 -0.934279 0.0235836 0.557987 -0.829515 0.0223823 0.729932 -0.683153 0.0212961 0.864957 -0.501394 0.0199889 0.955281 -0.295025 0.0184789 0.997031 -0.0747501 0.0165961 0.988954 0.147294 0.0144374 0.932589 0.360654 0.0116672 0.832662 0.553658 0.00775594 0.697853 0.716199 0.00227719 0.539135 0.842216 -0.00573469 0.371098 0.928576 -0.0185412 0.215512 0.976325 -0.0460405 0.136131 0.989621 0.0917724 -0.595213 0.798311 0.0639428 -0.646261 0.760433 0.0525721 -0.764205 0.642828 0.0457488 -0.874022 0.48373 0.0408484 -0.954401 0.29572 0.0373926 -0.995499 0.0870893 0.0348046 -0.990854 -0.130374 0.0328192 -0.938069 -0.344891 0.0312557 -0.838135 -0.544566 0.0298451 -0.695709 -0.717704 0.0284889 -0.51796 -0.854931 0.0273684 -0.312753 -0.94944 0.0264492 -0.0904148 -0.995553 0.0253907 0.135924 -0.990393 0.416586 0.218601 -0.882423 0.360741 0.358666 -0.860943 0.371944 0.15511 -0.915204 0.428496 0.0094725 -0.903494 0.0728055 0.39856 -0.914248 0.0756097 0.183786 -0.980054 0.0700387 0.593265 -0.801955 0.403729 0.418554 -0.81352 0.348093 0.545397 -0.762479 0.0666418 0.756943 -0.650073 0.390619 0.598313 -0.699598 0.335328 0.705985 -0.623812 0.0638276 0.883406 -0.464242 0.375839 0.748247 -0.546692 0.319962 0.832059 -0.453102 0.0604199 0.96473 -0.256216 0.359869 0.859818 -0.362227 0.302858 0.9174 -0.258174 0.0564 0.997733 -0.036726 0.342737 0.926445 -0.155662 0.284161 0.957549 -0.0484933 0.0511975 0.981994 0.181845 0.32372 0.944109 0.0621575 0.262815 0.950607 0.165151 0.0448285 0.920064 0.389197 0.299582 0.912067 0.279969 0.233053 0.899071 0.37062 0.0372553 0.816582 0.576026 0.269351 0.831025 0.48667 0.193137 0.806584 0.558678 0.0261155 0.682092 0.730799 0.230252 0.704324 0.6715 0.138271 0.679593 0.720441 0.010803 0.527344 0.849583 0.176465 0.537628 0.82451 0.058334 0.528091 0.847182 -0.0122469 0.369812 0.929025 0.100426 0.338205 0.935699 -0.0601184 0.364859 0.92912 -0.048784 0.232902 0.971276 0.00356892 0.116008 0.993241 -0.216631 0.202597 0.955 -0.108986 0.15189 0.98237 -0.0469326 -0.114929 0.992264 -0.301582 0.0152325 0.953318 0.230798 -0.649485 0.724501 0.174849 -0.703128 0.689231 0.753716 -0.379268 0.536719 0.694788 -0.0987322 0.712405 0.657632 -0.271274 0.702802 0.679979 -0.49778 0.538372 0.147738 -0.806403 0.572616 0.622255 -0.441595 0.646369 0.62248 -0.622607 0.474215 0.130208 -0.900635 0.414612 0.590885 -0.595697 0.544058 0.572606 -0.734327 0.364535 0.117591 -0.966536 0.227991 0.565156 -0.720621 0.401625 0.53365 -0.817865 0.215208 0.108085 -0.993868 0.0233035 0.543263 -0.807655 0.229258 0.502424 -0.863703 0.0398502 0.10092 -0.976811 -0.188829 0.524464 -0.850587 0.0379267 0.477334 -0.866002 -0.148976 0.0956829 -0.912771 -0.397106 0.50823 -0.846114 -0.160602 0.457304 -0.822306 -0.338651 0.0914625 -0.803233 -0.588601 0.492831 -0.794583 -0.35462 0.438955 -0.73521 -0.516512 0.0876604 -0.65331 -0.751998 0.47928 -0.697614 -0.532564 0.42406 -0.606847 -0.672243 0.0838919 -0.470758 -0.878265 0.466463 -0.560638 -0.684177 0.410664 -0.444461 -0.796122 0.0806315 -0.263457 -0.961296 0.453509 -0.391007 -0.800901 0.397073 -0.257151 -0.881026 0.0784004 -0.0402403 -0.99611 0.440834 -0.1975 -0.875591 0.384118 -0.0538111 -0.921714 -0.0162959 0.97931 -0.201706 -0.0188241 0.979265 -0.201707 0 0.979441 -0.201729 -0.0128881 0.979358 -0.20172 -0.00878597 0.979404 -0.201715 -0.00420971 0.979433 -0.201724 0.000593477 0.97944 -0.201732 0.00536486 0.979427 -0.201724 0.00984715 0.979392 -0.201726 0.0137987 0.979348 -0.201707 0.0170049 0.9793 -0.201698 0.0192937 0.979258 -0.201697 0.0205436 0.979239 -0.201663 0.0206862 0.979232 -0.201682 0.0197141 0.979246 -0.20171 0.0176793 0.979289 -0.201691 0.0146912 0.979335 -0.201708 0.010911 0.979382 -0.201721 0.00654249 0.979421 -0.201717 0.0018201 0.979439 -0.201732 -0.00299999 0.979437 -0.201724 -0.0076585 0.979412 -0.201725 -0.0119039 0.97937 -0.201721 -0.0155053 0.979325 -0.201698 -0.0182723 0.979279 -0.201689 -0.0200548 0.97924 -0.201706 -0.0207557 0.979232 -0.201678 -0.0203373 0.97924 -0.20168 0.415763 0.197849 -0.887692 0.406522 0.399347 -0.821743 0.396821 0.58105 -0.710573 0.387471 0.732618 -0.559587 0.378156 0.845575 -0.376832 0.369178 0.913296 -0.172037 0.36106 0.931521 0.0436438 0.354782 0.898602 0.258158 0.351775 0.815784 0.459076 0.353263 0.687543 0.63442 0.361914 0.521103 0.772961 0.379342 0.326894 0.865586 0.405433 0.117926 0.906487 0.442728 -0.0911771 0.892009 0.410691 -0.0938675 0.90693 0.420631 -0.298666 0.856661 0.441862 -0.482078 0.756544 0.460325 -0.636379 0.618968 0.471597 -0.75666 0.452837 0.475888 -0.838447 0.26559 0.47515 -0.877495 0.0650728 0.471714 -0.870652 -0.139466 0.466042 -0.81772 -0.337843 0.458914 -0.720629 -0.519703 0.451152 -0.583735 -0.675067 0.443041 -0.413924 -0.795224 0.434006 -0.220132 -0.873602 0.42509 -0.0124724 -0.905065 0.320221 0.038327 -0.946567 0.325809 -0.184155 -0.927327 0.00264522 0.104823 -0.994487 0.0374784 0.0911257 -0.995134 0.0381877 -0.143489 -0.988915 0.00270341 -0.130169 -0.991488 0.209395 0.015062 -0.977715 0.213014 -0.214462 -0.953221 0.314272 0.259794 -0.913094 0.118198 0.26118 -0.958026 0.0025992 0.333426 -0.942772 0.370348 0.517084 -0.771664 0.116026 0.47848 -0.8704 0.211783 0.449739 -0.867688 0.00254059 0.544257 -0.838914 0.30293 0.649751 -0.697179 0.113815 0.669287 -0.734235 0.0024944 0.724595 -0.689169 0.298073 0.795985 -0.526839 0.193807 0.805524 -0.559974 0.00243592 0.865425 -0.501031 0.0349703 0.85764 -0.513061 0.294083 0.898051 -0.327139 0.191093 0.914503 -0.356607 0.00238917 0.958287 -0.285796 0.034401 0.953513 -0.299381 0.291925 0.950101 -0.109947 0.109238 0.986184 -0.124529 0.00236128 0.998441 -0.0557506 0.35247 0.91914 0.175916 0.1098 0.988361 0.105291 0.200699 0.976269 0.0813504 0.00237767 0.984524 0.175231 0.360916 0.851923 0.379428 0.112639 0.938744 0.325687 0.2058 0.931872 0.298765 0.00243139 0.918584 0.395217 0.315768 0.800318 0.509687 0.119635 0.84403 0.522782 0.00260487 0.807675 0.589622 0.344252 0.667297 0.660458 0.233368 0.714815 0.659226 0.00296671 0.663219 0.748419 0.0407096 0.67038 0.7409 0.389332 0.512707 0.765213 0.157427 0.571681 0.805231 0.00366093 0.502311 0.864679 0.514275 0.236063 0.824496 0.197753 0.433835 0.879022 0.338013 0.439881 0.832017 0.00505243 0.354202 0.935155 0.59238 0.0670767 0.802861 0.274827 0.355739 0.893263 0.434312 0.342899 0.832943 0.00829951 0.290523 0.956832 0.245325 -0.0465358 0.968323 0.185244 -0.235796 0.953984 0.00204916 -0.11404 0.993474 -0.0270973 -0.160687 0.986634 0.0460702 -0.268657 0.962133 -0.00243303 -0.231621 0.972803 0.000737484 -0.308446 0.951241 0.248605 -0.409228 0.877911 0.149927 -0.410817 0.899306 0.00183596 -0.4735 0.880792 0.0266851 -0.462773 0.886075 0.293742 -0.570776 0.766766 0.108402 -0.587384 0.802015 0.00239464 -0.643393 0.765532 0.390618 -0.739289 0.548515 0.120768 -0.741491 0.660006 0.217906 -0.713887 0.665494 0.00268815 -0.794017 0.607889 0.407909 -0.836728 0.365373 0.127531 -0.867363 0.481058 0.230555 -0.838694 0.493392 0.00284163 -0.90974 0.415168 0.416081 -0.89432 0.164526 0.130775 -0.952983 0.273354 0.236868 -0.926359 0.292836 0.00291017 -0.98031 0.197442 0.348489 -0.936665 0.0348537 0.131812 -0.990112 0.0480033 0.00293685 -0.999462 -0.0326589 0.347948 -0.919582 -0.182488 0.228668 -0.959718 -0.163259 0.00292149 -0.964789 -0.263009 0.0407513 -0.967261 -0.250487 0.34506 -0.852891 -0.391806 0.22655 -0.895748 -0.382508 0.00289143 -0.87745 -0.479658 0.0404173 -0.882844 -0.467924 0.410489 -0.666634 -0.622174 0.128773 -0.786445 -0.604087 0.234167 -0.786864 -0.570973 0.00284827 -0.741776 -0.670641 0.33651 -0.583888 -0.738807 0.126701 -0.623312 -0.771641 0.00280558 -0.565393 -0.824816 0.331069 -0.395373 -0.856781 0.216565 -0.431615 -0.875676 0.00276064 -0.357919 -0.933748 0.0388686 -0.370071 -0.92819 </float_array>
          <technique_common>
            <accessor count="411" offset="0" source="#meshId1-bitangents-array" stride="3">
              <param name="X" type="float" />
              <param name="Y" type="float" />
              <param name="Z" type="float" />
            </accessor>
          </technique_common>
        </source>
        <source id="meshId1-tex0" name="meshId1-tex0">
          <float_array id="meshId1-tex0-array" count="822"> 0.193466 0.5502 0.194149 0.558946 0.129866 0.563786 0.129202 0.555259 0.194815 0.567693 0.130511 0.572312 0.195465 0.57644 0.131135 0.580834 0.196097 0.585187 0.131738 0.58935 0.196711 0.59393 0.132318 0.597859 0.197306 0.602669 0.132876 0.606357 0.197881 0.611399 0.133411 0.614842 0.198431 0.620114 0.13392 0.623313 0.198949 0.628805 0.134403 0.631767 0.199423 0.63746 0.134861 0.640205 0.199834 0.646061 0.135296 0.648628 0.200152 0.654588 0.135715 0.65704 0.200356 0.66302 0.136135 0.66545 0.181456 0.428957 0.182622 0.437344 0.118712 0.445287 0.117768 0.436944 0.183696 0.445822 0.119647 0.453641 0.184683 0.454382 0.120564 0.462014 0.185609 0.463001 0.121458 0.470408 0.186495 0.471662 0.122329 0.478825 0.18735 0.480349 0.123176 0.487263 0.18818 0.489056 0.124002 0.49572 0.18899 0.497774 0.124805 0.504194 0.189781 0.506501 0.125588 0.512683 0.190553 0.515234 0.12635 0.521183 0.191307 0.523971 0.127092 0.529694 0.192044 0.532712 0.127815 0.538211 0.192764 0.541455 0.128518 0.546734 0.20343 0.549407 0.200341 0.549655 0.199636 0.540886 0.202723 0.540627 0.200341 0.549655 0.199636 0.540886 0.201025 0.558426 0.204114 0.55819 0.201025 0.558426 0.201694 0.567199 0.204784 0.566973 0.201694 0.567199 0.202346 0.575972 0.205437 0.575758 0.202346 0.575972 0.202981 0.584748 0.206073 0.584546 0.202981 0.584748 0.203599 0.593525 0.206692 0.593338 0.203599 0.593525 0.204199 0.602303 0.207294 0.602134 0.204199 0.602303 0.204781 0.611083 0.207879 0.610936 0.204781 0.611083 0.205343 0.619862 0.208445 0.619744 0.205343 0.619862 0.20588 0.628638 0.208988 0.628559 0.20588 0.628638 0.206382 0.637407 0.209499 0.637382 0.206382 0.637407 0.206826 0.646156 0.209957 0.646211 0.206826 0.646156 0.207149 0.654863 0.210301 0.65504 0.207149 0.654863 0.207156 0.663475 0.210291 0.663872 0.207156 0.663475 0.188101 0.42746 0.189486 0.435929 0.188101 0.42746 0.191114 0.426554 0.192559 0.43524 0.189486 0.435929 0.190575 0.444589 0.193654 0.444028 0.190575 0.444589 0.191554 0.453308 0.194633 0.452826 0.191554 0.453308 0.192473 0.462047 0.195552 0.461619 0.192473 0.462047 0.193355 0.470796 0.196434 0.470407 0.193355 0.470796 0.194209 0.479549 0.197289 0.47919 0.194209 0.479549 0.195041 0.488306 0.198121 0.487969 0.195041 0.488306 0.195852 0.497066 0.198934 0.496746 0.195852 0.497066 0.196645 0.505826 0.199728 0.505522 0.196645 0.505826 0.197419 0.514589 0.200503 0.514297 0.197419 0.514589 0.198176 0.523353 0.201261 0.523073 0.198176 0.523353 0.198915 0.532118 0.202001 0.53185 0.198915 0.532118 0.204284 0.549343 0.204974 0.558129 0.205646 0.566917 0.206301 0.575707 0.20694 0.5845 0.207562 0.593297 0.208167 0.602098 0.208755 0.610904 0.209325 0.619719 0.209872 0.628543 0.210387 0.63738 0.210848 0.646229 0.2112 0.655093 0.211198 0.664048 0.191981 0.426225 0.193437 0.435041 0.19453 0.443866 0.195507 0.452684 0.196425 0.461492 0.197304 0.470289 0.198157 0.479079 0.198987 0.487865 0.199797 0.496648 0.200589 0.50543 0.201363 0.514211 0.20212 0.522992 0.202859 0.531775 0.203581 0.540558 0.209266 0.548948 0.205829 0.54922 0.205125 0.54043 0.208561 0.540148 0.205829 0.54922 0.205125 0.54043 0.206519 0.558011 0.209957 0.55775 0.206519 0.558011 0.207191 0.566805 0.21063 0.566555 0.207191 0.566805 0.207847 0.5756 0.211287 0.575363 0.207847 0.5756 0.208486 0.584399 0.211927 0.584176 0.208486 0.584399 0.209108 0.593203 0.21255 0.592995 0.209108 0.593203 0.209714 0.602013 0.213157 0.601822 0.209714 0.602013 0.210303 0.61083 0.213748 0.610662 0.210303 0.61083 0.210874 0.619658 0.214322 0.61952 0.210874 0.619658 0.211424 0.628501 0.214875 0.628403 0.211424 0.628501 0.211942 0.637364 0.215398 0.637323 0.211942 0.637364 0.212408 0.646252 0.21587 0.646295 0.212408 0.646252 0.212765 0.655179 0.21624 0.655339 0.212765 0.655179 0.212805 0.66424 0.216427 0.664465 0.212805 0.66424 0.19353 0.425764 0.194967 0.434705 0.19353 0.425764 0.197065 0.424898 0.198374 0.433997 0.194967 0.434705 0.196065 0.443594 0.199476 0.443004 0.196065 0.443594 0.197045 0.45245 0.200463 0.451941 0.197045 0.45245 0.197963 0.461284 0.201386 0.460829 0.197963 0.461284 0.198844 0.4701 0.202269 0.469684 0.198844 0.4701 0.199697 0.478904 0.203124 0.478517 0.199697 0.478904 0.200527 0.4877 0.203956 0.487335 0.200527 0.4877 0.201338 0.496491 0.204768 0.496145 0.201338 0.496491 0.202131 0.50528 0.205562 0.504949 0.202131 0.50528 0.202906 0.514068 0.206339 0.51375 0.202906 0.514068 0.203663 0.522855 0.207097 0.52255 0.203663 0.522855 0.204403 0.531642 0.207838 0.531349 0.204403 0.531642 0.040753 0.066488 0.055675 0.057295 0.087541 0.125721 0.028355 0.078875 0.019146 0.093787 0.013625 0.11042 0.012089 0.127879 0.014621 0.145221 0.021083 0.161512 0.031128 0.175873 0.044215 0.187531 0.059637 0.195856 0.076564 0.200401 0.094082 0.20092 0.111248 0.197384 0.127135 0.189985 0.140888 0.179122 0.151765 0.165379 0.15918 0.1495 0.162733 0.132337 0.162232 0.114819 0.157704 0.097887 0.149394 0.082457 0.137749 0.069359 0.123398 0.059299 0.107114 0.05282 0.089774 0.050272 0.072314 0.05179 0.268555 0.544239 0.269257 0.553195 0.269938 0.562154 0.270602 0.571118 0.271247 0.580089 0.271877 0.589068 0.272492 0.598059 0.273099 0.607064 0.273703 0.616089 0.274316 0.625137 0.274958 0.634217 0.275654 0.643335 0.276431 0.652496 0.277294 0.661702 0.257545 0.418015 0.258243 0.427155 0.258974 0.436286 0.259761 0.445387 0.260585 0.454454 0.261428 0.463491 0.262275 0.472504 0.263116 0.4815 0.263945 0.490481 0.26476 0.499452 0.265556 0.508416 0.266335 0.517375 0.267094 0.52633 0.267834 0.535285 0.275985 0.54365 0.275264 0.534683 0.28389 0.543019 0.281505 0.543211 0.280783 0.534236 0.283168 0.53404 0.281505 0.543211 0.280783 0.534236 0.276688 0.552618 0.282208 0.552189 0.284594 0.552 0.27737 0.56159 0.282892 0.561169 0.27737 0.56159 0.285278 0.560984 0.278035 0.570565 0.283557 0.570153 0.285943 0.569971 0.27868 0.579546 0.284203 0.579141 0.286589 0.578963 0.284203 0.579141 0.279309 0.588533 0.284831 0.588134 0.287217 0.587959 0.284831 0.588134 0.279922 0.597528 0.285443 0.597132 0.28783 0.596959 0.280523 0.60653 0.286043 0.606132 0.280523 0.60653 0.288429 0.605958 0.281118 0.61554 0.286634 0.61513 0.281118 0.61554 0.28902 0.614953 0.281719 0.624557 0.287228 0.62412 0.289612 0.623932 0.282345 0.63358 0.287844 0.63309 0.290226 0.632879 0.287844 0.63309 0.283037 0.642607 0.288524 0.642023 0.290901 0.641768 0.283875 0.651639 0.289362 0.650894 0.283875 0.651639 0.291728 0.650551 0.285022 0.660668 0.290626 0.659664 0.285022 0.660668 0.292978 0.659108 0.265316 0.417648 0.265734 0.426758 0.265316 0.417648 0.271016 0.417644 0.271281 0.426584 0.273443 0.417792 0.273679 0.426525 0.266391 0.435812 0.271912 0.435506 0.274301 0.435372 0.271912 0.435506 0.267165 0.444839 0.272678 0.44445 0.275064 0.444277 0.267991 0.453852 0.273503 0.453414 0.267991 0.453852 0.275887 0.45322 0.268839 0.462857 0.274351 0.462391 0.268839 0.462857 0.276735 0.462186 0.26969 0.471855 0.275203 0.471375 0.26969 0.471855 0.277587 0.471165 0.270535 0.480845 0.276049 0.480361 0.278432 0.480149 0.271367 0.489828 0.276882 0.489345 0.279266 0.489134 0.276882 0.489345 0.272183 0.498806 0.277699 0.498328 0.280083 0.498119 0.277699 0.498328 0.272982 0.507779 0.278499 0.507307 0.272982 0.507779 0.280883 0.507101 0.273762 0.516748 0.27928 0.516285 0.281664 0.516082 0.274522 0.525716 0.280041 0.525261 0.282425 0.525061 0.280041 0.525261 </float_array>
          <technique_common>
            <accessor count="411" offset="0" source="#meshId1-tex0-array" stride="2">
              <param name="S" type="float" />
              <param name="T" type="float" />
            </accessor>
          </technique_common>
        </source>
        <vertices id="meshId1-vertices">
          <input semantic="POSITION" source="#meshId1-positions" />
        </vertices>
        <polylist count="567" material="defaultMaterial">
          <input offset="0" semantic="VERTEX" source="#meshId1-vertices" />
          <input offset="0" semantic="NORMAL" source="#meshId1-normals" />
          <input offset="0" semantic="TANGENT" source="#meshId1-tangents" />
          <input offset="0" semantic="BINORMAL" source="#meshId1-bitangents" />
          <input offset="0" semantic="TEXCOORD" source="#meshId1-tex0" set="0" />
          <vcount>3 3 3 3 3 3 3 3 3 3 3 3 3 3 3 3 3 3 3 3 3 3 3 3 3 3 3 3 3 3 3 3 3 3 3 3 3 3 3 3 3 3 3 3 3 3 3 3 3 3 3 3 3 3 3 3 3 3 3 3 3 3 3 3 3 3 3 3 3 3 3 3 3 3 3 3 3 3 3 3 3 3 3 3 3 3 3 3 3 3 3 3 3 3 3 3 3 3 3 3 3 3 3 3 3 3 3 3 3 3 3 3 3 3 3 3 3 3 3 3 3 3 3 3 3 3 3 3 3 3 3 3 3 3 3 3 3 3 3 3 3 3 3 3 3 3 3 3 3 3 3 3 3 3 3 3 3 3 3 3 3 3 3 3 3 3 3 3 3 3 3 3 3 3 3 3 3 3 3 3 3 3 3 3 3 3 3 3 3 3 3 3 3 3 3 3 3 3 3 3 3 3 3 3 3 3 3 3 3 3 3 3 3 3 3 3 3 3 3 3 3 3 3 3 3 3 3 3 3 3 3 3 3 3 3 3 3 3 3 3 3 3 3 3 3 3 3 3 3 3 3 3 3 3 3 3 3 3 3 3 3 3 3 3 3 3 3 3 3 3 3 3 3 3 3 3 3 3 3 3 3 3 3 3 3 3 3 3 3 3 3 3 3 3 3 3 3 3 3 3 3 3 3 3 3 3 3 3 3 3 3 3 3 3 3 3 3 3 3 3 3 3 3 3 3 3 3 3 3 3 3 3 3 3 3 3 3 3 3 3 3 3 3 3 3 3 3 3 3 3 3 3 3 3 3 3 3 3 3 3 3 3 3 3 3 3 3 3 3 3 3 3 3 3 3 3 3 3 3 3 3 3 3 3 3 3 3 3 3 3 3 3 3 3 3 3 3 3 3 3 3 3 3 3 3 3 3 3 3 3 3 3 3 3 3 3 3 3 3 3 3 3 3 3 3 3 3 3 3 3 3 3 3 3 3 3 3 3 3 3 3 3 3 3 3 3 3 3 3 3 3 3 3 3 3 3 3 3 3 3 3 3 3 3 3 3 3 3 3 3 3 3 3 3 3 3 3 3 3 3 3 3 3 3 3 3 3 3 3 3 3 3 3 3 3 3 3 3 3 3 3 3 3 3 3 3 3 3 3 3 3 3 3 3 3 3 3 3 3 3 3 3 3 3 3 3 3 3 3 3 3 3 3 3 3 3 3 3 3 3 3 3 3 3 3 3 3 3 3 3 3 3 3 3 3 3 3 3 3 3 3 3 3 3 3 3 3 </vcount>
          <p>3 0 1 1 2 3 2 1 4 4 5 2 5 4 6 6 7 5 7 6 8 8 9 7 9 8 10 10 11 9 11 10 12 12 13 11 13 12 14 14 15 13 15 14 16 16 17 15 17 16 18 18 19 17 19 18 20 20 21 19 21 20 22 22 23 21 23 22 24 24 25 23 25 24 26 26 27 25 31 28 29 29 30 31 30 29 32 32 33 30 33 32 34 34 35 33 35 34 36 36 37 35 37 36 38 38 39 37 39 38 40 40 41 39 41 40 42 42 43 41 43 42 44 44 45 43 45 44 46 46 47 45 47 46 48 48 49 47 49 48 50 50 51 49 51 50 52 52 53 51 53 52 54 54 55 53 55 54 0 0 3 55 59 56 57 57 58 59 61 60 0 0 54 61 1 0 60 60 62 1 64 57 56 56 63 64 4 1 62 62 65 4 67 64 63 63 66 67 6 4 65 65 68 6 70 67 66 66 69 70 8 6 68 68 71 8 73 70 69 69 72 73 10 8 71 71 74 10 76 73 72 72 75 76 12 10 74 74 77 12 79 76 75 75 78 79 14 12 77 77 80 14 82 79 78 78 81 82 16 14 80 80 83 16 85 82 81 81 84 85 18 16 83 83 86 18 88 85 84 84 87 88 20 18 86 86 89 20 91 88 87 87 90 91 22 20 89 89 92 22 94 91 90 90 93 94 24 22 92 92 95 24 97 94 93 93 96 97 26 24 95 95 98 26 100 97 96 96 99 100 29 28 101 101 102 29 106 103 104 104 105 106 32 29 102 102 107 32 109 106 105 105 108 109 34 32 107 107 110 34 112 109 108 108 111 112 36 34 110 110 113 36 115 112 111 111 114 115 38 36 113 113 116 38 118 115 114 114 117 118 40 38 116 116 119 40 121 118 117 117 120 121 42 40 119 119 122 42 124 121 120 120 123 124 44 42 122 122 125 44 127 124 123 123 126 127 46 44 125 125 128 46 130 127 126 126 129 130 48 46 128 128 131 48 133 130 129 129 132 133 50 48 131 131 134 50 136 133 132 132 135 136 52 50 134 134 137 52 139 136 135 135 138 139 54 52 137 137 61 54 58 139 138 138 59 58 56 140 141 141 63 56 63 141 142 142 66 63 66 142 143 143 69 66 69 143 144 144 72 69 72 144 145 145 75 72 75 145 146 146 78 75 78 146 147 147 81 78 81 147 148 148 84 81 84 148 149 149 87 84 87 149 150 150 90 87 90 150 151 151 93 90 93 151 152 152 96 93 96 152 153 153 99 96 104 154 155 155 105 104 105 155 156 156 108 105 108 156 157 157 111 108 111 157 158 158 114 111 114 158 159 159 117 114 117 159 160 160 120 117 120 160 161 161 123 120 123 161 162 162 126 123 126 162 163 163 129 126 129 163 164 164 132 129 132 164 165 165 135 132 135 165 166 166 138 135 138 166 167 167 59 138 59 167 140 140 56 59 171 168 169 169 170 171 173 172 140 140 167 173 141 140 172 172 174 141 176 169 168 168 175 176 142 141 174 174 177 142 179 176 175 175 178 179 143 142 177 177 180 143 182 179 178 178 181 182 144 143 180 180 183 144 185 182 181 181 184 185 145 144 183 183 186 145 188 185 184 184 187 188 146 145 186 186 189 146 191 188 187 187 190 191 147 146 189 189 192 147 194 191 190 190 193 194 148 147 192 192 195 148 197 194 193 193 196 197 149 148 195 195 198 149 200 197 196 196 199 200 150 149 198 198 201 150 203 200 199 199 202 203 151 150 201 201 204 151 206 203 202 202 205 206 152 151 204 204 207 152 209 206 205 205 208 209 153 152 207 207 210 153 212 209 208 208 211 212 155 154 213 213 214 155 218 215 216 216 217 218 156 155 214 214 219 156 221 218 217 217 220 221 157 156 219 219 222 157 224 221 220 220 223 224 158 157 222 222 225 158 227 224 223 223 226 227 159 158 225 225 228 159 230 227 226 226 229 230 160 159 228 228 231 160 233 230 229 229 232 233 161 160 231 231 234 161 236 233 232 232 235 236 162 161 234 234 237 162 239 236 235 235 238 239 163 162 237 237 240 163 242 239 238 238 241 242 164 163 240 240 243 164 245 242 241 241 244 245 165 164 243 243 246 165 248 245 244 244 247 248 166 165 246 246 249 166 251 248 247 247 250 251 167 166 249 249 173 167 170 251 250 250 171 170 252 253 254 255 252 254 256 255 254 257 256 254 258 257 254 259 258 254 260 259 254 261 260 254 262 261 254 263 262 254 264 263 254 265 264 254 266 265 254 267 266 254 268 267 254 269 268 254 270 269 254 271 270 254 272 271 254 273 272 254 274 273 254 275 274 254 276 275 254 277 276 254 278 277 254 279 278 254 253 279 254 168 280 281 281 175 168 175 281 282 282 178 175 178 282 283 283 181 178 181 283 284 284 184 181 184 284 285 285 187 184 187 285 286 286 190 187 190 286 287 287 193 190 193 287 288 288 196 193 196 288 289 289 199 196 199 289 290 290 202 199 202 290 291 291 205 202 205 291 292 292 208 205 208 292 293 293 211 208 216 294 295 295 217 216 217 295 296 296 220 217 220 296 297 297 223 220 223 297 298 298 226 223 226 298 299 299 229 226 229 299 300 300 232 229 232 300 301 301 235 232 235 301 302 302 238 235 238 302 303 303 241 238 241 303 304 304 244 241 244 304 305 305 247 244 247 305 306 306 250 247 250 306 307 307 171 250 171 307 280 280 168 171 309 308 280 280 307 309 313 310 311 311 312 313 315 314 308 308 309 315 281 280 308 308 316 281 316 308 314 314 317 316 317 311 310 310 318 317 282 281 316 316 319 282 321 316 317 317 320 321 320 317 318 318 322 320 283 282 319 319 323 283 323 321 320 320 324 323 324 320 322 322 325 324 284 283 323 323 326 284 326 323 324 324 327 326 329 324 325 325 328 329 285 284 326 326 330 285 330 326 327 327 331 330 333 329 328 328 332 333 286 285 330 330 334 286 334 330 331 331 335 334 335 333 332 332 336 335 287 286 334 334 337 287 339 334 335 335 338 339 338 335 336 336 340 338 288 287 337 337 341 288 343 339 338 338 342 343 342 338 340 340 344 342 289 288 341 341 345 289 345 343 342 342 346 345 346 342 344 344 347 346 290 289 345 345 348 290 348 345 346 346 349 348 351 346 347 347 350 351 291 290 348 348 352 291 352 348 349 349 353 352 353 351 350 350 354 353 292 291 352 352 355 292 357 352 353 353 356 357 356 353 354 354 358 356 293 292 355 355 359 293 361 357 356 356 360 361 360 356 358 358 362 360 295 294 363 363 364 295 364 365 366 366 367 364 367 366 368 368 369 367 296 295 364 364 370 296 370 364 367 367 371 370 373 367 369 369 372 373 297 296 370 370 374 297 374 370 371 371 375 374 375 373 372 372 376 375 298 297 374 374 377 298 379 374 375 375 378 379 378 375 376 376 380 378 299 298 377 377 381 299 383 379 378 378 382 383 382 378 380 380 384 382 300 299 381 381 385 300 387 383 382 382 386 387 386 382 384 384 388 386 301 300 385 385 389 301 389 387 386 386 390 389 390 386 388 388 391 390 302 301 389 389 392 302 392 389 390 390 393 392 395 390 391 391 394 395 303 302 392 392 396 303 396 392 393 393 397 396 399 395 394 394 398 399 304 303 396 396 400 304 402 396 397 397 401 402 401 399 398 398 403 401 305 304 400 400 404 305 404 402 401 401 405 404 405 401 403 403 406 405 306 305 404 404 407 306 407 404 405 405 408 407 410 405 406 406 409 410 307 306 407 407 309 307 309 407 408 408 315 309 312 410 409 409 313 312 </p>
        </polylist>
      </mesh>
    </geometry>
    <geometry id="meshId2" name="meshId2_name" >
      <mesh>
        <source id="meshId2-positions" name="meshId2-positions">
          <float_array id="meshId2-positions-array" count="84"> -0.0345624 -0.220898 -0.0523537 -0.0345624 -0.20287 -0.101885 -0.0345624 -1.23148e-07 -0 -0.0345624 -0.173905 -0.145924 -0.0345624 -0.135566 -0.182096 -0.0345624 -0.0899177 -0.208451 -0.0345624 -0.0394211 -0.223568 -0.0345624 0.0131995 -0.226633 -0.0345624 0.0651082 -0.21748 -0.0345624 0.113508 -0.196603 -0.0345624 0.155788 -0.165126 -0.0345624 0.18967 -0.124748 -0.0345624 0.213326 -0.0776443 -0.0345624 0.225482 -0.0263552 -0.0345624 0.225482 0.0263552 -0.0345624 0.213326 0.0776443 -0.0345624 0.18967 0.124748 -0.0345624 0.155788 0.165126 -0.0345624 0.113508 0.196603 -0.0345624 0.0651082 0.21748 -0.0345624 0.0131995 0.226633 -0.0345624 -0.0394211 0.223568 -0.0345624 -0.0899177 0.208451 -0.0345624 -0.135566 0.182096 -0.0345624 -0.173906 0.145924 -0.0345624 -0.20287 0.101885 -0.0345624 -0.220898 0.0523537 -0.0345624 -0.227018 -0 </float_array>
          <technique_common>
            <accessor count="28" offset="0" source="#meshId2-positions-array" stride="3">
              <param name="X" type="float" />
              <param name="Y" type="float" />
              <param name="Z" type="float" />
            </accessor>
          </technique_common>
        </source>
        <source id="meshId2-normals" name="meshId2-normals">
          <float_array id="meshId2-normals-array" count="84"> 1 0 -0 1 0 -0 1 -0 -0 1 0 0 1 -1e-06 0 1 -1e-06 0 1 0 0 1 -1e-06 0 1 -0 0 1 1e-06 0 1 0 0 1 0 0 1 0 0 1 -0 0 1 -0 0 1 0 0 1 0 0 1 0 0 1 1e-06 0 1 1e-06 0 1 -1e-06 0 1 -1e-06 0 1 0 0 1 -1e-06 -0 1 -1e-06 -0 1 -0 0 1 1e-06 0 1 0 0 </float_array>
          <technique_common>
            <accessor count="28" offset="0" source="#meshId2-normals-array" stride="3">
              <param name="X" type="float" />
              <param name="Y" type="float" />
              <param name="Z" type="float" />
            </accessor>
          </technique_common>
        </source>
        <source id="meshId2-tangents" name="meshId2-tangents">
          <float_array id="meshId2-tangents-array" count="84"> 0 0.547868 -0.836565 0 0.547876 -0.83656 0 0.547874 -0.836561 0 0.547873 -0.836562 5.47857e-07 0.547857 -0.836572 5.47877e-07 0.547877 -0.836559 0 0.547884 -0.836555 5.47882e-07 0.547882 -0.836555 0 0.547876 -0.836559 -5.4787e-07 0.54787 -0.836563 0 0.547872 -0.836562 0 0.547871 -0.836563 0 0.547879 -0.836557 0 0.547892 -0.836549 0 0.547883 -0.836555 0 0.547855 -0.836573 0 0.547868 -0.836565 0 0.547882 -0.836556 -5.47863e-07 0.547863 -0.836568 -5.47873e-07 0.547873 -0.836562 5.47877e-07 0.547877 -0.836559 5.47874e-07 0.547874 -0.836561 0 0.547876 -0.836559 5.4787e-07 0.54787 -0.836563 5.47871e-07 0.547871 -0.836563 0 0.547869 -0.836564 -5.47868e-07 0.547868 -0.836565 0 0.547877 -0.836559 </float_array>
          <technique_common>
            <accessor count="28" offset="0" source="#meshId2-tangents-array" stride="3">
              <param name="X" type="float" />
              <param name="Y" type="float" />
              <param name="Z" type="float" />
            </accessor>
          </technique_common>
        </source>
        <source id="meshId2-bitangents" name="meshId2-bitangents">
          <float_array id="meshId2-bitangents-array" count="84"> 0 0.836565 0.547868 0 0.83656 0.547876 0 0.836561 0.547874 -0 0.836562 0.547873 8.36572e-07 0.836572 0.547857 8.36559e-07 0.836559 0.547877 -0 0.836555 0.547884 8.36555e-07 0.836555 0.547882 0 0.836559 0.547876 -8.36563e-07 0.836563 0.54787 -0 0.836562 0.547872 -0 0.836563 0.547871 -0 0.836557 0.547879 0 0.836549 0.547892 0 0.836555 0.547883 -0 0.836573 0.547855 -0 0.836565 0.547868 -0 0.836556 0.547882 -8.36568e-07 0.836568 0.547863 -8.36562e-07 0.836562 0.547873 8.36559e-07 0.836559 0.547877 8.36561e-07 0.836561 0.547874 -0 0.836559 0.547876 8.36563e-07 0.836563 0.54787 8.36563e-07 0.836563 0.547871 0 0.836564 0.547869 -8.36565e-07 0.836565 0.547868 -0 0.836559 0.547877 </float_array>
          <technique_common>
            <accessor count="28" offset="0" source="#meshId2-bitangents-array" stride="3">
              <param name="X" type="float" />
              <param name="Y" type="float" />
              <param name="Z" type="float" />
            </accessor>
          </technique_common>
        </source>
        <source id="meshId2-tex0" name="meshId2-tex0">
          <float_array id="meshId2-tex0-array" count="56"> 0.209539 0.195222 0.226218 0.191304 0.23464 0.264609 0.24335 0.191337 0.260013 0.195321 0.275308 0.20304 0.288411 0.214078 0.298614 0.22784 0.305369 0.243584 0.308311 0.260463 0.307282 0.277564 0.302336 0.293967 0.293741 0.308787 0.28196 0.321226 0.267627 0.330613 0.251517 0.336441 0.234496 0.338396 0.217483 0.336374 0.201396 0.330483 0.1871 0.32104 0.175368 0.308556 0.166831 0.293702 0.161949 0.27728 0.160986 0.260174 0.163994 0.243308 0.170811 0.22759 0.181069 0.213868 0.194214 0.202881 </float_array>
          <technique_common>
            <accessor count="28" offset="0" source="#meshId2-tex0-array" stride="2">
              <param name="S" type="float" />
              <param name="T" type="float" />
            </accessor>
          </technique_common>
        </source>
        <vertices id="meshId2-vertices">
          <input semantic="POSITION" source="#meshId2-positions" />
        </vertices>
        <polylist count="27" material="defaultMaterial">
          <input offset="0" semantic="VERTEX" source="#meshId2-vertices" />
          <input offset="0" semantic="NORMAL" source="#meshId2-normals" />
          <input offset="0" semantic="TANGENT" source="#meshId2-tangents" />
          <input offset="0" semantic="BINORMAL" source="#meshId2-bitangents" />
          <input offset="0" semantic="TEXCOORD" source="#meshId2-tex0" set="0" />
          <vcount>3 3 3 3 3 3 3 3 3 3 3 3 3 3 3 3 3 3 3 3 3 3 3 3 3 3 3 </vcount>
          <p>0 1 2 1 3 2 3 4 2 4 5 2 5 6 2 6 7 2 7 8 2 8 9 2 9 10 2 10 11 2 11 12 2 12 13 2 13 14 2 14 15 2 15 16 2 16 17 2 17 18 2 18 19 2 19 20 2 20 21 2 21 22 2 22 23 2 23 24 2 24 25 2 25 26 2 26 27 2 27 0 2 </p>
        </polylist>
      </mesh>
    </geometry>
    <geometry id="meshId3" name="meshId3_name" >
      <mesh>
        <source id="meshId3-positions" name="meshId3-positions">
          <float_array id="meshId3-positions-array" count="63"> 0.0347588 -0.224817 -0.074983 0.0347588 -0.19147 -0.14043 0.0347588 -0.00153319 -0.00243358 0.0347588 -0.13953 -0.19237 0.0347588 -0.0740823 -0.225717 0.0347588 -0.00153319 -0.237208 0.0347588 0.0710165 -0.225717 0.0347588 0.136464 -0.19237 0.0347588 0.188403 -0.14043 0.0347588 0.22175 -0.074983 0.0347588 0.233241 -0.00243358 0.0347588 0.22175 0.0701155 0.0347588 0.188403 0.135563 0.0347588 0.136464 0.187503 0.0347588 0.071016 0.22085 0.0347588 -0.00153319 0.232341 0.0347588 -0.074082 0.22085 0.0347588 -0.13953 0.187503 0.0347588 -0.191469 0.135563 0.0347588 -0.224817 0.0701155 0.0347588 -0.236307 -0.00243358 </float_array>
          <technique_common>
            <accessor count="21" offset="0" source="#meshId3-positions-array" stride="3">
              <param name="X" type="float" />
              <param name="Y" type="float" />
              <param name="Z" type="float" />
            </accessor>
          </technique_common>
        </source>
        <source id="meshId3-normals" name="meshId3-normals">
          <float_array id="meshId3-normals-array" count="63"> 1 -0 0 1 -0 0 1 -0 0 1 1e-06 0 1 1e-06 0 1 0 0 1 -1e-06 0 1 -1e-06 0 1 0 0 1 0 0 1 0 0 1 0 0 1 -0 0 1 -0 0 1 0 0 1 0 0 1 0 0 1 0 0 1 0 0 1 0 0 1 0 0 </float_array>
          <technique_common>
            <accessor count="21" offset="0" source="#meshId3-normals-array" stride="3">
              <param name="X" type="float" />
              <param name="Y" type="float" />
              <param name="Z" type="float" />
            </accessor>
          </technique_common>
        </source>
        <source id="meshId3-tangents" name="meshId3-tangents">
          <float_array id="meshId3-tangents-array" count="63"> 0 -0.103192 -0.994661 0 -0.103195 -0.994661 0 -0.103206 -0.99466 1.03207e-07 -0.103207 -0.99466 1.03207e-07 -0.103207 -0.99466 0 -0.103201 -0.99466 -1.03204e-07 -0.103204 -0.99466 -1.03209e-07 -0.103209 -0.99466 0 -0.103198 -0.994661 0 -0.103192 -0.994661 0 -0.103217 -0.994659 0 -0.103213 -0.994659 0 -0.103205 -0.99466 0 -0.10321 -0.99466 0 -0.103207 -0.99466 0 -0.103213 -0.994659 0 -0.103207 -0.99466 0 -0.10321 -0.99466 0 -0.103223 -0.994658 0 -0.103212 -0.994659 0 -0.103198 -0.994661 </float_array>
          <technique_common>
            <accessor count="21" offset="0" source="#meshId3-tangents-array" stride="3">
              <param name="X" type="float" />
              <param name="Y" type="float" />
              <param name="Z" type="float" />
            </accessor>
          </technique_common>
        </source>
        <source id="meshId3-bitangents" name="meshId3-bitangents">
          <float_array id="meshId3-bitangents-array" count="63"> 0 0.994661 -0.103192 0 0.994661 -0.103195 0 0.99466 -0.103206 -9.9466e-07 0.99466 -0.103207 -9.9466e-07 0.99466 -0.103207 0 0.99466 -0.103201 9.9466e-07 0.99466 -0.103204 9.9466e-07 0.99466 -0.103209 0 0.994661 -0.103198 0 0.994661 -0.103192 0 0.994659 -0.103217 0 0.994659 -0.103213 0 0.99466 -0.103205 0 0.99466 -0.10321 0 0.99466 -0.103207 0 0.994659 -0.103213 0 0.99466 -0.103207 0 0.99466 -0.10321 0 0.994658 -0.103223 0 0.994659 -0.103212 0 0.994661 -0.103198 </float_array>
          <technique_common>
            <accessor count="21" offset="0" source="#meshId3-bitangents-array" stride="3">
              <param name="X" type="float" />
              <param name="Y" type="float" />
              <param name="Z" type="float" />
            </accessor>
          </technique_common>
        </source>
        <source id="meshId3-tex0" name="meshId3-tex0">
          <float_array id="meshId3-tex0-array" count="42"> 0.315174 0.039038 0.335552 0.052233 0.283706 0.109968 0.350855 0.07108 0.359586 0.093734 0.360888 0.117976 0.354636 0.141435 0.341441 0.161813 0.322594 0.177116 0.29994 0.185847 0.275698 0.18715 0.252239 0.180897 0.231861 0.167702 0.216558 0.148855 0.207827 0.126202 0.206524 0.101959 0.212777 0.078501 0.225972 0.058122 0.244819 0.042819 0.267472 0.034089 0.291715 0.032786 </float_array>
          <technique_common>
            <accessor count="21" offset="0" source="#meshId3-tex0-array" stride="2">
              <param name="S" type="float" />
              <param name="T" type="float" />
            </accessor>
          </technique_common>
        </source>
        <vertices id="meshId3-vertices">
          <input semantic="POSITION" source="#meshId3-positions" />
        </vertices>
        <polylist count="20" material="defaultMaterial">
          <input offset="0" semantic="VERTEX" source="#meshId3-vertices" />
          <input offset="0" semantic="NORMAL" source="#meshId3-normals" />
          <input offset="0" semantic="TANGENT" source="#meshId3-tangents" />
          <input offset="0" semantic="BINORMAL" source="#meshId3-bitangents" />
          <input offset="0" semantic="TEXCOORD" source="#meshId3-tex0" set="0" />
          <vcount>3 3 3 3 3 3 3 3 3 3 3 3 3 3 3 3 3 3 3 3 </vcount>
          <p>0 1 2 1 3 2 3 4 2 4 5 2 5 6 2 6 7 2 7 8 2 8 9 2 9 10 2 10 11 2 11 12 2 12 13 2 13 14 2 14 15 2 15 16 2 16 17 2 17 18 2 18 19 2 19 20 2 20 0 2 </p>
        </polylist>
      </mesh>
    </geometry>
    <geometry id="meshId4" name="meshId4_name" >
      <mesh>
        <source id="meshId4-positions" name="meshId4-positions">
          <float_array id="meshId4-positions-array" count="297"> 0.0302738 0.229188 -0.00586302 0.0230361 0.229188 -0.0149391 0.0170317 0.993617 -0.00740974 0.0215973 0.993617 -0.00168463 0.0125773 0.229188 -0.0199759 0.0104343 0.993617 -0.0105871 0.000968497 0.229188 -0.0199759 0.00311158 0.993617 -0.0105871 -0.00949077 0.229188 -0.0149391 -0.00348595 0.993617 -0.00740974 -0.0167285 0.229188 -0.00586302 -0.00805203 0.993617 -0.00168463 -0.0193116 0.229188 0.00545445 -0.00968109 0.993617 0.00545445 -0.0167285 0.229188 0.0167719 -0.00805203 0.993617 0.0125935 -0.00949077 0.229188 0.025848 -0.00348595 0.993617 0.0183186 0.000968497 0.229188 0.0308848 0.00311158 0.993617 0.021496 0.0125773 0.229188 0.0308848 0.0104343 0.993617 0.021496 0.0230361 0.229188 0.025848 0.0170317 0.993617 0.0183186 0.0302738 0.229188 0.0167719 0.0215973 0.993617 0.0125935 0.0328569 0.229188 0.00545445 0.0232269 0.993617 0.00545445 0.0328569 0.229188 0.00545445 0.0232269 0.993617 0.00545445 0.0156248 1 0.00119161 0.0128986 1 -0.00222698 0.00677265 1 0.00545445 0.00895932 1 -0.00412441 0.00458646 1 -0.00412441 0.000646958 1 -0.00222698 -0.00207948 1 0.00119161 -0.0030521 1 0.00545445 -0.00207948 1 0.00971755 0.000646958 1 0.0131359 0.00458646 1 0.0150333 0.00895932 1 0.0150333 0.0128986 1 0.0131361 0.0156248 1 0.00971755 0.0165979 1 0.00545445 0.0207099 0.995876 -0.00125721 0.019508 0.997791 -0.000678449 0.0209077 0.997791 0.00545445 0.0222416 0.995876 0.00545445 0.0177239 0.999068 0.000180524 0.0189279 0.999068 0.00545445 0.0143515 0.999068 -0.00404874 0.0170317 0.993617 -0.00740974 0.0164176 0.995876 -0.00663961 0.00947765 0.999068 -0.00639581 0.0104343 0.993617 -0.0105871 0.0102152 0.995876 -0.00962664 0.00406813 0.999068 -0.00639581 0.00311158 0.993617 -0.0105871 0.00333054 0.995876 -0.00962664 -0.000805757 0.999068 -0.00404848 -0.00348595 0.993617 -0.00740974 -0.00287181 0.995876 -0.00663961 -0.0041786 0.999068 0.000180782 -0.00805203 0.993617 -0.00168463 -0.00716463 0.995876 -0.00125721 -0.00538212 0.999068 0.00545445 -0.00968109 0.993617 0.00545445 -0.0086961 0.995876 0.00545445 -0.0041786 0.999068 0.0107284 -0.00805203 0.993617 0.0125935 -0.00716463 0.995876 0.0121661 -0.000805757 0.999068 0.0149576 -0.00348595 0.993617 0.0183186 -0.00287181 0.995876 0.0175485 0.00406813 0.999068 0.0173047 0.00311158 0.993617 0.021496 0.00333054 0.995876 0.0205355 0.00947765 0.999068 0.0173047 0.0104343 0.993617 0.021496 0.0102152 0.995876 0.0205355 0.0143515 0.999068 0.0149576 0.0170317 0.993617 0.0183186 0.0164176 0.995876 0.0175485 0.0177239 0.999068 0.0107284 0.0215973 0.993617 0.0125935 0.0207099 0.995876 0.0121661 0.0155857 0.997791 -0.00559675 0.00991822 0.997791 -0.00832605 0.00362757 0.997791 -0.00832605 -0.00203995 0.997791 -0.0055965 -0.0059627 0.997791 -0.000678449 -0.00736191 0.997791 0.00545445 -0.0059627 0.997791 0.0115874 -0.00203995 0.997791 0.0165054 0.00362757 0.997791 0.0192349 0.00991822 0.997791 0.0192349 0.0155857 0.997791 0.0165057 0.019508 0.997791 0.0115874 </float_array>
          <technique_common>
            <accessor count="99" offset="0" source="#meshId4-positions-array" stride="3">
              <param name="X" type="float" />
              <param name="Y" type="float" />
              <param name="Z" type="float" />
            </accessor>
          </technique_common>
        </source>
        <source id="meshId4-normals" name="meshId4-normals">
          <float_array id="meshId4-normals-array" count="297"> 0.9009 0.012597 -0.433845 0.623451 0.012597 -0.781761 0.623444 0.013479 -0.781752 0.900889 0.013479 -0.43384 0.222503 0.012597 -0.974851 0.2225 0.013479 -0.97484 -0.2225 0.012597 -0.974851 -0.222497 0.013479 -0.97484 -0.623438 0.012597 -0.781772 -0.62343 0.013479 -0.781763 -0.9009 0.012597 -0.433845 -0.900889 0.013479 -0.43384 -0.999921 0.012597 -0 -0.999909 0.013479 -0 -0.9009 0.012597 0.433845 -0.900889 0.013479 0.43384 -0.623437 0.012597 0.781772 -0.62343 0.013479 0.781763 -0.222499 0.012597 0.974852 -0.222496 0.013479 0.97484 0.222502 0.012597 0.974851 0.222499 0.013479 0.97484 0.62345 0.012597 0.781762 0.623443 0.013479 0.781753 0.9009 0.012597 0.433845 0.900889 0.013479 0.43384 0.999921 0.012597 0 0.999909 0.013479 0 0.999921 0.012597 0 0.999909 0.013479 0 0.146609 0.986672 -0.070604 0.101458 0.986674 -0.127204 0 1 5e-06 0.036211 0.986672 -0.158641 -0.036212 0.986668 -0.158666 -0.101455 0.986672 -0.127221 -0.146618 0.986671 -0.070599 -0.16272 0.986672 -4e-06 -0.146617 0.98667 0.070608 -0.101454 0.986671 0.127233 -0.036211 0.986668 0.158665 0.036211 0.986671 0.158648 0.101458 0.986673 0.12721 0.146607 0.986672 0.070608 0.162726 0.986671 4e-06 0.792172 0.47638 -0.381477 0.645253 0.69792 -0.310736 0.716175 0.697921 1e-06 0.879234 0.47639 7e-06 0.427506 0.880257 -0.205882 0.474497 0.880257 -1e-06 0.295851 0.880259 -0.370967 0.623444 0.013479 -0.781752 0.548205 0.476373 -0.687416 0.105585 0.880255 -0.462604 0.2225 0.013479 -0.97484 0.195644 0.476378 -0.857197 -0.105587 0.880256 -0.462602 -0.222497 0.013479 -0.97484 -0.195649 0.476387 -0.857191 -0.295843 0.880262 -0.370967 -0.62343 0.013479 -0.781763 -0.54819 0.476389 -0.687416 -0.427504 0.880259 -0.205874 -0.900889 0.013479 -0.43384 -0.792169 0.476384 -0.38148 -0.474495 0.880258 -9e-06 -0.999909 0.013479 -0 -0.879246 0.476368 -3e-06 -0.427503 0.880262 0.205863 -0.900889 0.013479 0.43384 -0.792169 0.476376 0.381489 -0.295841 0.880263 0.370966 -0.62343 0.013479 0.781763 -0.54818 0.476373 0.687435 -0.105587 0.880256 0.462603 -0.222496 0.013479 0.97484 -0.195643 0.476381 0.857196 0.105584 0.880254 0.462607 0.222499 0.013479 0.97484 0.195647 0.476385 0.857193 0.295852 0.880258 0.370968 0.623443 0.013479 0.781753 0.548207 0.476382 0.687408 0.427505 0.880257 0.205879 0.900889 0.013479 0.43384 0.792169 0.476382 0.381483 0.446536 0.69792 -0.559923 0.159366 0.697922 -0.698217 -0.159366 0.697923 -0.698217 -0.446523 0.697928 -0.559923 -0.645248 0.697924 -0.310735 -0.71618 0.697915 -8e-06 -0.64525 0.697919 0.310743 -0.446517 0.69792 0.559938 -0.159366 0.697926 0.698213 0.159363 0.697923 0.698217 0.446536 0.697921 0.559922 0.645252 0.697921 0.310737 </float_array>
          <technique_common>
            <accessor count="99" offset="0" source="#meshId4-normals-array" stride="3">
              <param name="X" type="float" />
              <param name="Y" type="float" />
              <param name="Z" type="float" />
            </accessor>
          </technique_common>
        </source>
        <source id="meshId4-tangents" name="meshId4-tangents">
          <float_array id="meshId4-tangents-array" count="297"> -0.432497 -0.057808 -0.89978 -0.779741 -0.0635903 -0.622865 -0.779699 -0.063706 -0.622905 -0.426143 -0.162433 -0.889953 -0.972385 -0.0693678 -0.222836 -0.972377 -0.0692928 -0.222896 -0.972392 -0.0750039 0.22097 -0.972401 -0.0750904 0.220902 -0.77992 -0.0806447 0.620662 -0.779951 -0.0809033 0.62059 -0.433237 -0.0864219 0.897127 -0.433304 -0.0864947 0.897088 -0.00116327 -0.0923374 0.995727 -0.00124117 -0.0920733 0.995752 0.43068 -0.0979729 0.897171 0.430607 -0.097881 0.897216 0.776812 -0.103608 0.621151 0.776747 -0.103692 0.621218 0.968772 -0.109383 0.222525 0.968762 -0.109273 0.22262 0.968778 -0.115027 -0.21963 0.968795 -0.115079 -0.219528 0.777047 -0.120799 -0.617743 0.777105 -0.120888 -0.617652 0.431826 -0.126571 -0.893032 0.431931 -0.126472 -0.892995 0.00166576 -0.132237 -0.991217 0.00178203 -0.13219 -0.991223 0.000656723 -0.0521152 -0.998641 -0.00134276 0.0996062 -0.995026 -0.182713 -0.0431361 -0.982219 -0.187773 -0.106573 -0.976414 -0.173763 4.92394e-06 -0.984788 -0.182751 -0.14953 -0.971721 -0.170734 -0.162544 -0.971817 -0.160662 -0.142452 -0.976676 -0.160191 -0.0941111 -0.982589 -0.169064 -0.0278857 -0.98521 -0.181693 0.0433034 -0.982401 -0.187572 0.106627 -0.976446 -0.182918 0.149543 -0.971688 -0.170743 0.162526 -0.971819 -0.160548 0.142433 -0.976697 -0.160134 0.0941104 -0.982599 -0.169988 0.0280391 -0.985047 -0.294376 -0.249289 -0.922604 -0.246839 -0.194466 -0.949344 -0.126496 0.129806 -0.983437 -0.091334 0.168582 -0.981447 -0.20257 -0.128673 -0.970777 -0.156317 0.0842606 -0.984106 -0.217291 -0.316155 -0.923488 -0.566243 -0.681685 -0.46333 -0.357846 -0.60929 -0.70761 -0.192801 -0.438256 -0.877929 -0.338043 -0.936807 -0.0901086 -0.248315 -0.82154 -0.513237 -0.146207 -0.473889 -0.868362 0.0745065 -0.996745 -0.0307874 -0.0561759 -0.878093 -0.475181 -0.111664 -0.417557 -0.901763 0.376071 -0.87143 -0.314929 0.0880371 -0.784486 -0.613866 -0.115823 -0.27919 -0.953225 0.346811 -0.578672 -0.738147 0.0796495 -0.539022 -0.838517 -0.155433 -0.0837948 -0.984286 -0.00235325 -0.174568 -0.984642 -0.0905055 -0.167055 -0.981785 -0.201208 0.129359 -0.970969 -0.41419 0.272184 -0.868541 -0.292345 0.252508 -0.922374 -0.217473 0.316085 -0.923469 -0.567475 0.68002 -0.464267 -0.358535 0.608733 -0.707741 -0.192365 0.438335 -0.877985 -0.338193 0.93675 -0.0901413 -0.248574 0.821453 -0.513251 -0.146093 0.47389 -0.86838 0.0745213 0.996744 -0.0307905 -0.0561634 0.878093 -0.475182 -0.111493 0.41752 -0.901802 0.376204 0.871331 -0.315044 0.0881931 0.784411 -0.61394 -0.115912 0.279233 -0.953202 0.346997 0.57809 -0.738516 0.0800053 0.538619 -0.838742 -0.289069 -0.479696 -0.828451 -0.226517 -0.662536 -0.713958 -0.10643 -0.71528 -0.690686 -0.0167614 -0.632186 -0.774635 -0.0237412 -0.424857 -0.904949 -0.125562 -0.128859 -0.983682 -0.245203 0.196034 -0.949445 -0.28904 0.479731 -0.828441 -0.226161 0.662633 -0.713981 -0.1064 0.715279 -0.690692 -0.0166634 0.632153 -0.774665 -0.0237805 0.424891 -0.904932 </float_array>
          <technique_common>
            <accessor count="99" offset="0" source="#meshId4-tangents-array" stride="3">
              <param name="X" type="float" />
              <param name="Y" type="float" />
              <param name="Z" type="float" />
            </accessor>
          </technique_common>
        </source>
        <source id="meshId4-bitangents" name="meshId4-bitangents">
          <float_array id="meshId4-bitangents-array" count="297"> -0.0364143 0.998249 -0.0466311 -0.0575586 0.997897 -0.029823 -0.0581984 0.997878 -0.0292075 -0.0824658 0.986627 -0.14059 -0.0704304 0.997512 -0.00318542 -0.0705538 0.997506 -0.00231098 -0.0703341 0.997103 0.0289376 -0.0702236 0.997085 0.0298144 -0.0552273 0.996664 0.0601017 -0.0548823 0.996631 0.0609505 -0.0261926 0.996179 0.0833149 -0.025433 0.996161 0.0837627 0.0125432 0.995649 0.0923448 0.0134217 0.995661 0.0920816 0.0538067 0.99511 0.0828385 0.0545583 0.995107 0.0823758 0.0888228 0.994538 0.0548079 0.089436 0.994518 0.054175 0.109435 0.99392 0.012134 0.109525 0.99392 0.011255 0.109368 0.993283 -0.0377975 0.109224 0.993265 -0.0386633 0.0866546 0.992597 -0.0851008 0.0861795 0.992575 -0.0858416 0.0436628 0.991878 -0.119468 0.0428318 0.991879 -0.119759 -0.0124864 0.991138 -0.132248 -0.0133607 0.991133 -0.132202 -0.0125799 0.998562 -0.0521194 -0.013412 0.994936 0.0996152 -0.972174 0.156902 0.173954 -0.976958 0.12295 0.174458 -0.984788 -8.68814e-07 0.173763 -0.982492 0.0641789 0.174901 -0.984651 -0.00810171 0.174344 -0.981781 -0.0786491 0.172973 -0.976137 -0.132756 0.171854 -0.97208 -0.160313 0.171348 -0.972364 -0.156866 0.172922 -0.976998 -0.12293 0.174255 -0.982461 -0.0642085 0.175064 -0.98465 0.00810255 0.174352 -0.981799 0.0786704 0.17286 -0.976148 0.132749 0.171797 -0.971918 0.160292 0.172285 -0.534608 0.843159 -0.0572447 -0.722994 0.689269 0.0467942 -0.686362 0.704313 0.181248 -0.467553 0.862921 0.191734 -0.881025 0.456719 0.123305 -0.866266 0.466956 0.177581 -0.930192 0.353823 0.0977374 -0.539154 0.731521 -0.41736 -0.755922 0.633905 -0.163548 -0.97554 0.181887 0.123441 -0.914451 0.349587 -0.203883 -0.948716 0.313267 -0.0424374 -0.983603 -0.0240522 0.178736 -0.972082 -0.079482 0.220769 -0.979063 -0.0448153 0.198559 -0.948688 -0.225357 0.221825 -0.685497 -0.490334 0.538207 -0.831707 -0.397033 0.388107 -0.896563 -0.383663 0.221309 -0.261 -0.815449 0.516644 -0.605082 -0.694632 0.389053 -0.866426 -0.467037 0.176581 -0.013272 -0.984553 0.174584 -0.467691 -0.86323 0.189996 -0.881338 -0.456514 0.121814 -0.129791 -0.962151 -0.239625 -0.535726 -0.842203 -0.0607626 -0.930153 -0.353875 0.0979229 -0.537873 -0.733069 -0.416296 -0.755613 -0.634439 -0.162899 -0.975627 -0.181693 0.123048 -0.914396 -0.34974 -0.203865 -0.948649 -0.313491 -0.0422954 -0.98362 0.0241034 0.178634 -0.972081 0.0794972 0.22077 -0.979065 0.0448249 0.198552 -0.948705 0.22544 0.221666 -0.685412 0.49051 0.538154 -0.83168 0.397191 0.388006 -0.896551 0.383635 0.221406 -0.260753 0.815862 0.516117 -0.605036 0.694946 0.388564 -0.846785 0.53179 -0.0124544 -0.960881 0.271939 0.0525058 -0.981466 -0.0357604 0.188271 -0.894615 -0.336507 0.293984 -0.763604 -0.576539 0.290708 -0.686527 -0.704492 0.179917 -0.723552 -0.688825 0.0446411 -0.846805 -0.531757 -0.0124813 -0.960965 -0.271693 0.0522423 -0.98147 0.0357802 0.188248 -0.894611 0.336585 0.293909 -0.7636 0.57652 0.290759 </float_array>
          <technique_common>
            <accessor count="99" offset="0" source="#meshId4-bitangents-array" stride="3">
              <param name="X" type="float" />
              <param name="Y" type="float" />
              <param name="Z" type="float" />
            </accessor>
          </technique_common>
        </source>
        <source id="meshId4-tex0" name="meshId4-tex0">
          <float_array id="meshId4-tex0-array" count="198"> 0.463299 0.119599 0.466929 0.119814 0.452085 0.35886 0.449795 0.358724 0.470559 0.12005 0.454374 0.359009 0.474187 0.120306 0.456663 0.35917 0.477813 0.120582 0.45895 0.359345 0.481438 0.120878 0.461237 0.359532 0.485061 0.121195 0.463522 0.359732 0.488682 0.121533 0.465806 0.359944 0.492301 0.12189 0.468089 0.36017 0.495918 0.122268 0.470371 0.360408 0.499533 0.122666 0.472651 0.360659 0.503146 0.123084 0.47493 0.360923 0.506756 0.123523 0.477208 0.3612 0.510364 0.123982 0.479484 0.361489 0.459667 0.119404 0.447499 0.358601 0.44913 0.361587 0.45029 0.362222 0.448337 0.364462 0.451068 0.363302 0.451304 0.364611 0.450948 0.36589 0.450074 0.366887 0.448853 0.367403 0.44753 0.367336 0.446367 0.366701 0.445596 0.365622 0.44537 0.364313 0.445735 0.363035 0.446618 0.362039 0.447835 0.361522 0.44965 0.359465 0.449491 0.360157 0.447629 0.360062 0.447553 0.359355 0.44932 0.360851 0.447723 0.36077 0.450787 0.36165 0.452239 0.360007 0.451729 0.360577 0.451769 0.363007 0.453804 0.362166 0.453094 0.362457 0.452065 0.364651 0.454266 0.364779 0.4535 0.364733 0.451618 0.366257 0.453546 0.367329 0.452876 0.366954 0.450517 0.367508 0.45179 0.36931 0.451349 0.368682 0.448983 0.368155 0.449348 0.370332 0.449223 0.369574 0.447321 0.368071 0.446705 0.370191 0.446921 0.369454 0.44586 0.367272 0.444386 0.368915 0.444901 0.368344 0.444892 0.365917 0.442852 0.366757 0.443563 0.366466 0.444609 0.364273 0.442408 0.364145 0.443174 0.364191 0.445069 0.362668 0.443146 0.361596 0.443816 0.361971 0.446184 0.361417 0.444932 0.359616 0.445369 0.360244 0.451257 0.361112 0.452431 0.36273 0.452783 0.36469 0.452248 0.366605 0.450935 0.368095 0.449105 0.368865 0.447122 0.368764 0.445381 0.36781 0.444227 0.366193 0.443891 0.364234 0.444442 0.36232 0.445776 0.360831 </float_array>
          <technique_common>
            <accessor count="99" offset="0" source="#meshId4-tex0-array" stride="2">
              <param name="S" type="float" />
              <param name="T" type="float" />
            </accessor>
          </technique_common>
        </source>
        <vertices id="meshId4-vertices">
          <input semantic="POSITION" source="#meshId4-positions" />
        </vertices>
        <polylist count="154" material="defaultMaterial">
          <input offset="0" semantic="VERTEX" source="#meshId4-vertices" />
          <input offset="0" semantic="NORMAL" source="#meshId4-normals" />
          <input offset="0" semantic="TANGENT" source="#meshId4-tangents" />
          <input offset="0" semantic="BINORMAL" source="#meshId4-bitangents" />
          <input offset="0" semantic="TEXCOORD" source="#meshId4-tex0" set="0" />
          <vcount>3 3 3 3 3 3 3 3 3 3 3 3 3 3 3 3 3 3 3 3 3 3 3 3 3 3 3 3 3 3 3 3 3 3 3 3 3 3 3 3 3 3 3 3 3 3 3 3 3 3 3 3 3 3 3 3 3 3 3 3 3 3 3 3 3 3 3 3 3 3 3 3 3 3 3 3 3 3 3 3 3 3 3 3 3 3 3 3 3 3 3 3 3 3 3 3 3 3 3 3 3 3 3 3 3 3 3 3 3 3 3 3 3 3 3 3 3 3 3 3 3 3 3 3 3 3 3 3 3 3 3 3 3 3 3 3 3 3 3 3 3 3 3 3 3 3 3 3 3 3 3 3 3 3 </vcount>
          <p>3 0 1 1 2 3 2 1 4 4 5 2 5 4 6 6 7 5 7 6 8 8 9 7 9 8 10 10 11 9 11 10 12 12 13 11 13 12 14 14 15 13 15 14 16 16 17 15 17 16 18 18 19 17 19 18 20 20 21 19 21 20 22 22 23 21 23 22 24 24 25 23 25 24 26 26 27 25 29 28 0 0 3 29 30 31 32 31 33 32 33 34 32 34 35 32 35 36 32 36 37 32 37 38 32 38 39 32 39 40 32 40 41 32 41 42 32 42 43 32 43 44 32 44 30 32 48 45 46 46 47 48 47 46 49 49 50 47 29 3 45 45 48 29 50 49 30 30 44 50 31 30 49 49 51 31 53 45 3 3 52 53 33 31 51 51 54 33 56 53 52 52 55 56 34 33 54 54 57 34 59 56 55 55 58 59 35 34 57 57 60 35 62 59 58 58 61 62 36 35 60 60 63 36 65 62 61 61 64 65 37 36 63 63 66 37 68 65 64 64 67 68 38 37 66 66 69 38 71 68 67 67 70 71 39 38 69 69 72 39 74 71 70 70 73 74 40 39 72 72 75 40 77 74 73 73 76 77 41 40 75 75 78 41 80 77 76 76 79 80 42 41 78 78 81 42 83 80 79 79 82 83 43 42 81 81 84 43 86 83 82 82 85 86 44 43 84 84 50 44 48 86 85 85 29 48 51 49 46 46 87 51 87 46 45 45 53 87 54 51 87 87 88 54 88 87 53 53 56 88 57 54 88 88 89 57 89 88 56 56 59 89 60 57 89 89 90 60 90 89 59 59 62 90 63 60 90 90 91 63 91 90 62 62 65 91 66 63 91 91 92 66 92 91 65 65 68 92 69 66 92 92 93 69 93 92 68 68 71 93 72 69 93 93 94 72 94 93 71 71 74 94 75 72 94 94 95 75 95 94 74 74 77 95 78 75 95 95 96 78 96 95 77 77 80 96 81 78 96 96 97 81 97 96 80 80 83 97 84 81 97 97 98 84 98 97 83 83 86 98 86 48 47 47 98 86 98 47 50 50 84 98 </p>
        </polylist>
      </mesh>
    </geometry>
    <geometry id="meshId5" name="meshId5_name" >
      <mesh>
        <source id="meshId5-positions" name="meshId5-positions">
          <float_array id="meshId5-positions-array" count="297"> 0.0156248 -0.491831 0.490146 0.0128986 -0.489414 0.492564 0.00677265 -0.494846 0.487132 0.00895932 -0.488073 0.493905 0.00458646 -0.488073 0.493905 0.000646958 -0.489414 0.492564 -0.00207948 -0.491831 0.490146 -0.0030521 -0.494846 0.487132 -0.00207948 -0.49786 0.484118 0.000646958 -0.500277 0.4817 0.00458646 -0.501619 0.480359 0.00895932 -0.501619 0.480359 0.0128986 -0.500277 0.4817 0.0156248 -0.49786 0.484118 0.0165979 -0.494846 0.487132 0.0207099 -0.488075 0.489853 0.019508 -0.489425 0.490384 0.0209077 -0.493761 0.486047 0.0222416 -0.492821 0.485107 0.0177239 -0.490659 0.490403 0.0189279 -0.494388 0.486674 0.0215973 -0.486663 0.489046 0.0232269 -0.491712 0.483998 0.0143515 -0.487668 0.493394 0.0170317 -0.482615 0.493094 0.0164176 -0.484269 0.493659 0.00947765 -0.486009 0.495053 0.0104343 -0.480368 0.495341 0.0102152 -0.482157 0.495771 0.00406813 -0.486009 0.495053 0.00311158 -0.480368 0.495341 0.00333054 -0.482157 0.495771 -0.000805757 -0.487668 0.493394 -0.00348595 -0.482615 0.493094 -0.00287181 -0.484269 0.493659 -0.0041786 -0.490659 0.490403 -0.00805203 -0.486663 0.489046 -0.00716463 -0.488075 0.489853 -0.00538212 -0.494388 0.486674 -0.00968109 -0.491712 0.483998 -0.0086961 -0.492821 0.485107 -0.0041786 -0.498117 0.482945 -0.00805203 -0.49676 0.478949 -0.00716463 -0.497567 0.480361 -0.000805757 -0.501108 0.479954 -0.00348595 -0.500808 0.474901 -0.00287181 -0.501373 0.476555 0.00406813 -0.502767 0.478295 0.00311158 -0.503054 0.472655 0.00333054 -0.503485 0.474443 0.00947765 -0.502767 0.478295 0.0104343 -0.503054 0.472655 0.0102152 -0.503485 0.474443 0.0143515 -0.501108 0.479954 0.0170317 -0.500808 0.474901 0.0164176 -0.501373 0.476555 0.0177239 -0.498117 0.482945 0.0215973 -0.49676 0.478949 0.0207099 -0.497567 0.480361 0.0155857 -0.485947 0.493862 0.00991822 -0.484017 0.495792 0.00362757 -0.484017 0.495792 -0.00203995 -0.485947 0.493861 -0.0059627 -0.489425 0.490384 -0.00736191 -0.493761 0.486047 -0.0059627 -0.498098 0.481711 -0.00203995 -0.501575 0.478233 0.00362757 -0.503505 0.476303 0.00991822 -0.503505 0.476303 0.0155857 -0.501575 0.478233 0.019508 -0.498098 0.481711 0.0289659 -0.180524 0.157695 0.0314052 -0.172966 0.165253 0.0232269 -0.491712 0.483998 0.0215973 -0.49676 0.478949 0.0221309 -0.186584 0.151635 0.0170317 -0.500808 0.474901 0.0122545 -0.189948 0.148271 0.0104343 -0.503054 0.472655 0.00129158 -0.189948 0.148271 0.00311158 -0.503054 0.472655 -0.00858557 -0.186584 0.151635 -0.00348595 -0.500808 0.474901 -0.0154204 -0.180524 0.157695 -0.00805203 -0.49676 0.478949 -0.0178597 -0.172966 0.165253 -0.00968109 -0.491712 0.483998 -0.0154204 -0.165409 0.17281 -0.00805203 -0.486663 0.489046 -0.00858557 -0.159349 0.17887 -0.00348595 -0.482615 0.493094 0.00129158 -0.155985 0.182234 0.00311158 -0.480368 0.495341 0.0122545 -0.155985 0.182234 0.0104343 -0.480368 0.495341 0.0221309 -0.159349 0.17887 0.0170317 -0.482615 0.493094 0.0289659 -0.165409 0.17281 0.0314052 -0.172966 0.165253 </float_array>
          <technique_common>
            <accessor count="99" offset="0" source="#meshId5-positions-array" stride="3">
              <param name="X" type="float" />
              <param name="Y" type="float" />
              <param name="Z" type="float" />
            </accessor>
          </technique_common>
        </source>
        <source id="meshId5-normals" name="meshId5-normals">
          <float_array id="meshId5-normals-array" count="297"> 0.10278 -0.667503 0.73748 0.071128 -0.639437 0.765546 0 -0.707109 0.707104 0.025382 -0.623853 0.78113 -0.025388 -0.623862 0.781122 -0.071128 -0.639437 0.765546 -0.102785 -0.667493 0.737488 -0.114067 -0.702485 0.702498 -0.102779 -0.737487 0.667495 -0.071113 -0.765554 0.639429 -0.025379 -0.781123 0.623861 0.025383 -0.781118 0.623867 0.07111 -0.765546 0.63944 0.102761 -0.737486 0.667498 0.114068 -0.702488 0.702495 0.711537 -0.191475 0.676057 0.52481 -0.396051 0.753471 0.582487 -0.574769 0.574761 0.789737 -0.433767 0.433776 0.316282 -0.554409 0.769803 0.351051 -0.662105 0.662103 0.900797 0.29284 0.320639 0.999807 -0.0139 0.013898 0.218886 -0.468034 0.856174 0.623379 0.538827 0.566625 0.4924 0.002826 0.870365 0.078122 -0.420075 0.904121 0.22248 0.675346 0.703144 0.17573 0.110662 0.978199 -0.07812 -0.420075 0.904121 -0.222476 0.675346 0.703145 -0.175734 0.11066 0.978198 -0.218878 -0.468023 0.856182 -0.623365 0.538835 0.566633 -0.492388 0.002834 0.870371 -0.316281 -0.554406 0.769805 -0.9008 0.292837 0.320635 -0.711536 -0.191483 0.676056 -0.351054 -0.662102 0.662105 -0.999807 -0.0139 0.013898 -0.789738 -0.433772 0.433768 -0.316299 -0.769806 0.554395 -0.900799 -0.320636 -0.292838 -0.711523 -0.67607 0.191478 -0.218887 -0.856184 0.468014 -0.623364 -0.566635 -0.538835 -0.492379 -0.870376 -0.002841 -0.078122 -0.904115 0.420088 -0.222473 -0.703145 -0.675346 -0.175729 -0.978199 -0.110659 0.078119 -0.904119 0.420079 0.222478 -0.703143 -0.675347 0.175727 -0.9782 -0.110659 0.218892 -0.856184 0.468012 0.623378 -0.566626 -0.538828 0.492394 -0.870368 -0.002827 0.316295 -0.769809 0.554393 0.900796 -0.320641 -0.292842 0.711528 -0.676063 0.191486 0.363187 -0.252736 0.896783 0.129621 -0.173199 0.97632 -0.129625 -0.173202 0.976319 -0.36318 -0.252738 0.896785 -0.524808 -0.396057 0.753469 -0.58249 -0.574767 0.574759 -0.5248 -0.753474 0.396058 -0.363166 -0.89679 0.252742 -0.129616 -0.976321 0.173195 0.129615 -0.976324 0.17318 0.363185 -0.896783 0.252739 0.5248 -0.75347 0.396066 0.900821 -0.319579 -0.293924 0.999836 -0.012827 0.012827 0.999807 -0.0139 0.013898 0.900796 -0.320641 -0.292842 0.623395 -0.56557 -0.539916 0.623378 -0.566626 -0.538828 0.222485 -0.702091 -0.676438 0.222478 -0.703143 -0.675347 -0.22248 -0.702093 -0.676438 -0.222473 -0.703145 -0.675346 -0.623381 -0.565579 -0.539923 -0.623364 -0.566635 -0.538835 -0.900824 -0.319574 -0.29392 -0.900799 -0.320636 -0.292838 -0.999835 -0.012827 0.012827 -0.999807 -0.0139 0.013898 -0.900825 0.293918 0.319573 -0.9008 0.292837 0.320635 -0.623384 0.539922 0.565577 -0.623365 0.538835 0.566633 -0.222482 0.676438 0.702092 -0.222476 0.675346 0.703145 0.222487 0.676437 0.702091 0.22248 0.675346 0.703144 0.623398 0.539914 0.565569 0.623379 0.538827 0.566625 0.900823 0.293921 0.319576 0.999836 -0.012827 0.012827 </float_array>
          <technique_common>
            <accessor count="99" offset="0" source="#meshId5-normals-array" stride="3">
              <param name="X" type="float" />
              <param name="Y" type="float" />
              <param name="Z" type="float" />
            </accessor>
          </technique_common>
        </source>
        <source id="meshId5-tangents" name="meshId5-tangents">
          <float_array id="meshId5-tangents-array" count="297"> -0.183949 0.715864 0.673574 -0.190938 0.744569 0.639656 -0.173815 0.696341 0.696346 -0.185824 0.764819 0.616864 -0.171135 0.772552 0.611455 -0.15922 0.764928 0.624127 -0.158198 0.742948 0.650386 -0.168484 0.710549 0.683179 -0.182952 0.673616 0.716079 -0.190432 0.639681 0.744677 -0.185707 0.616883 0.764832 -0.171644 0.611395 0.772486 -0.159307 0.624117 0.764917 -0.158151 0.650402 0.742944 -0.169078 0.683068 0.710515 -0.297668 0.789408 0.536869 -0.248405 0.77538 0.580587 -0.127596 0.63368 0.763 -0.0933214 0.613933 0.783822 -0.203085 0.753078 0.625803 -0.156857 0.65553 0.738699 -0.428856 0.715863 0.55102 -0.00144465 0.653178 0.757203 -0.222728 0.83032 0.510843 -0.648259 0.761343 -0.0108032 -0.39545 0.891547 0.220827 -0.201913 0.881431 0.426979 -0.461479 0.708255 -0.53424 -0.30565 0.950687 -0.0526407 -0.154813 0.901003 0.40525 0.0971107 0.732983 -0.673279 -0.071052 0.989645 -0.124719 -0.11732 0.883715 0.453082 0.476772 0.836289 -0.270756 0.105162 0.992862 0.0562594 -0.118686 0.82821 0.547706 0.379255 0.890178 0.252486 0.0831675 0.932437 0.351631 -0.155975 0.738579 0.655876 -0.00248676 0.790823 0.61204 -0.0925022 0.783225 0.614819 -0.201723 0.625611 0.753604 -0.421924 0.48683 0.764838 -0.295758 0.535342 0.791162 -0.222712 0.510823 0.830337 -0.649127 -0.00919259 0.760624 -0.396147 0.221195 0.891145 -0.202197 0.426987 0.881362 -0.461672 -0.534136 0.708207 -0.305937 -0.0525765 0.950599 -0.155284 0.405189 0.900949 0.0969823 -0.673311 0.732971 -0.0709885 -0.124707 0.989651 -0.117889 0.452924 0.88372 0.47623 -0.271423 0.836382 0.105297 0.0563452 0.992843 -0.119077 0.547556 0.828253 0.37939 0.253037 0.889964 0.083551 0.351987 0.932269 -0.30659 0.876485 0.371181 -0.25576 0.945469 0.201682 -0.122586 0.979872 0.157557 -0.0187529 0.964294 0.264169 -0.0261526 0.892247 0.450789 -0.126673 0.762651 0.634285 -0.246804 0.57998 0.776344 -0.30657 0.371172 0.876497 -0.255942 0.201692 0.945418 -0.122622 0.15753 0.979871 -0.0184828 0.264274 0.964271 -0.0260796 0.450838 0.892225 0.433635 0.69644 0.57178 0.00170962 0.770599 0.637318 0.00185925 0.770765 0.637117 0.433753 0.696411 0.571725 0.780002 0.497987 0.378953 0.780077 0.497969 0.378823 0.972111 0.212536 0.0991382 0.972139 0.212444 0.0990612 0.971785 -0.103949 -0.211728 0.971767 -0.104098 -0.211737 0.778976 -0.389366 -0.491518 0.778909 -0.389448 -0.49156 0.431753 -0.58778 -0.684181 0.431651 -0.587704 -0.684311 -0.00116287 -0.660331 -0.750974 -0.00126133 -0.66023 -0.751062 -0.434072 -0.593072 -0.67812 -0.434153 -0.593023 -0.678111 -0.781234 -0.399878 -0.479344 -0.78129 -0.399881 -0.47925 -0.973809 -0.119553 -0.1934 -0.973834 -0.119618 -0.193234 -0.973601 0.191821 0.123715 -0.973585 0.19188 0.123755 -0.780559 0.472144 0.409643 -0.780514 0.47223 0.409629 -0.432869 0.665255 0.608326 0.000618198 0.73078 0.682613 </float_array>
          <technique_common>
            <accessor count="99" offset="0" source="#meshId5-tangents-array" stride="3">
              <param name="X" type="float" />
              <param name="Y" type="float" />
              <param name="Z" type="float" />
            </accessor>
          </technique_common>
        </source>
        <source id="meshId5-bitangents" name="meshId5-bitangents">
          <float_array id="meshId5-bitangents-array" count="297"> -0.977548 -0.204889 -0.0492104 -0.979022 -0.191669 -0.0691328 -0.984778 -0.122905 -0.122906 -0.982256 -0.16081 -0.0965141 -0.98492 -0.118154 -0.126378 -0.984677 -0.0774975 -0.156219 -0.982043 -0.0498194 -0.18196 -0.979082 -0.0404313 -0.199407 -0.977735 -0.0485217 -0.204158 -0.979121 -0.0688115 -0.191276 -0.982277 -0.0964447 -0.160716 -0.984832 -0.126691 -0.118555 -0.984665 -0.156261 -0.0775758 -0.982053 -0.181911 -0.0497982 -0.97898 -0.199824 -0.0408593 -0.636482 -0.583243 0.504697 -0.814168 -0.491864 0.308546 -0.802763 -0.517775 0.295772 -0.606306 -0.659494 0.444366 -0.926673 -0.354266 0.125593 -0.923125 -0.363176 0.126269 -0.068173 -0.633865 0.770433 -0.019603 -0.757077 0.653032 -0.94999 -0.30251 0.0775011 -0.437217 -0.360585 0.823905 -0.775347 -0.45292 0.440115 -0.976283 -0.21591 -0.0159594 -0.858802 -0.205628 0.46923 -0.935787 -0.289736 0.200888 -0.984851 -0.108312 -0.135419 -0.97009 -0.0815055 -0.228655 -0.98187 -0.0914204 -0.166052 -0.968674 -0.00127783 -0.248334 -0.619762 0.101375 -0.778215 -0.863999 0.119231 -0.489172 -0.941212 0.081864 -0.327747 -0.211485 0.349042 -0.912932 -0.697711 0.306424 -0.647537 -0.923273 0.126976 -0.362552 -0.0194982 0.611887 -0.790705 -0.606429 0.445421 -0.658667 -0.926964 0.12653 -0.353168 -0.102672 0.81252 -0.57382 -0.637387 0.506299 -0.580861 -0.949993 0.0775177 -0.302495 -0.43595 0.823918 -0.362088 -0.775003 0.439907 -0.453709 -0.976224 -0.0160869 -0.216167 -0.858699 0.469345 -0.205792 -0.935693 0.200902 -0.290028 -0.984776 -0.135613 -0.108743 -0.970102 -0.228567 -0.0816043 -0.981876 -0.166053 -0.0913554 -0.968601 -0.248613 -0.00179355 -0.620166 -0.777988 0.100645 -0.86398 -0.489168 0.119392 -0.941158 -0.327988 0.0815226 -0.211259 -0.912777 0.349582 -0.697673 -0.647336 0.306934 -0.879828 -0.409753 0.240842 -0.958011 -0.275846 0.0782551 -0.983956 -0.0992599 -0.148248 -0.93153 0.0791237 -0.354952 -0.850819 0.216873 -0.478616 -0.802907 0.296658 -0.517044 -0.814661 0.309677 -0.490334 -0.879844 0.240831 -0.409726 -0.957963 0.0782134 -0.276024 -0.983953 -0.148242 -0.0993007 -0.931534 -0.35488 0.0794052 -0.850826 -0.478569 0.21695 0.0219715 -0.642527 0.765948 -0.0180594 -0.637192 0.770495 -0.019568 -0.636968 0.770642 0.0206199 -0.642029 0.766403 0.054547 -0.657373 0.751589 0.0536685 -0.656477 0.752435 0.0741631 -0.67963 0.729797 0.0738196 -0.67857 0.730817 0.0783374 -0.704457 0.70541 0.0785798 -0.703385 0.706452 0.0677644 -0.72699 0.683296 0.0686869 -0.726124 0.684125 0.0458859 -0.743227 0.667464 0.0473128 -0.742831 0.667806 0.0181028 -0.750865 0.660207 0.0196156 -0.750935 0.660085 -0.00978211 -0.749586 0.661835 -0.00843234 -0.750048 0.661331 -0.0326461 -0.740663 0.671083 -0.0316508 -0.741452 0.670259 -0.0468857 -0.726731 0.68532 -0.0463908 -0.727736 0.684287 -0.0509907 -0.711082 0.701258 -0.0513415 -0.712103 0.700196 -0.0458579 -0.696831 0.715768 -0.0468587 -0.697613 0.714941 -0.0337997 -0.686329 0.726506 -0.0181296 -0.682493 0.730668 </float_array>
          <technique_common>
            <accessor count="99" offset="0" source="#meshId5-bitangents-array" stride="3">
              <param name="X" type="float" />
              <param name="Y" type="float" />
              <param name="Z" type="float" />
            </accessor>
          </technique_common>
        </source>
        <source id="meshId5-tex0" name="meshId5-tex0">
          <float_array id="meshId5-tex0-array" count="198"> 0.566372 0.588633 0.567531 0.589268 0.565578 0.591508 0.568309 0.590347 0.568545 0.591656 0.56819 0.592936 0.567315 0.593932 0.566094 0.594449 0.564771 0.594382 0.563608 0.593747 0.562837 0.592668 0.562611 0.591359 0.562977 0.59008 0.563859 0.589084 0.565076 0.588568 0.566892 0.586511 0.566733 0.587203 0.564871 0.587108 0.564794 0.586401 0.566562 0.587897 0.564964 0.587816 0.567036 0.58577 0.56474 0.585647 0.568028 0.588696 0.56948 0.587053 0.56897 0.587623 0.56901 0.590052 0.571045 0.589212 0.570335 0.589503 0.569306 0.591697 0.571508 0.591825 0.570741 0.591779 0.568859 0.593303 0.570787 0.594375 0.570117 0.594 0.567759 0.594554 0.569032 0.596356 0.56859 0.595728 0.566225 0.595201 0.56659 0.597378 0.566464 0.59662 0.564562 0.595117 0.563947 0.597237 0.564163 0.5965 0.563101 0.594318 0.561628 0.595961 0.562142 0.59539 0.562133 0.592963 0.560093 0.593803 0.560804 0.593512 0.56185 0.591319 0.559649 0.591191 0.560415 0.591237 0.562311 0.589713 0.560387 0.588642 0.561057 0.589016 0.563425 0.588463 0.562173 0.586662 0.562611 0.58729 0.568498 0.588158 0.569672 0.589776 0.570024 0.591736 0.569489 0.593651 0.568176 0.595141 0.566346 0.595911 0.564364 0.59581 0.562622 0.594856 0.561468 0.593239 0.561132 0.59128 0.561683 0.589366 0.563017 0.587877 0.619544 0.386396 0.622951 0.386829 0.596725 0.588535 0.594449 0.588246 0.616135 0.385982 0.592172 0.587969 0.612723 0.385587 0.589893 0.587705 0.609309 0.385211 0.587613 0.587454 0.605893 0.384854 0.585331 0.587216 0.602475 0.384516 0.583048 0.58699 0.599056 0.384198 0.580764 0.586777 0.595634 0.383899 0.578478 0.586577 0.592211 0.383619 0.576192 0.58639 0.588786 0.383358 0.573904 0.586216 0.58536 0.383116 0.571616 0.586055 0.581933 0.382894 0.569326 0.585906 0.578505 0.38269 0.575074 0.382506 </float_array>
          <technique_common>
            <accessor count="99" offset="0" source="#meshId5-tex0-array" stride="2">
              <param name="S" type="float" />
              <param name="T" type="float" />
            </accessor>
          </technique_common>
        </source>
        <vertices id="meshId5-vertices">
          <input semantic="POSITION" source="#meshId5-positions" />
        </vertices>
        <polylist count="154" material="defaultMaterial">
          <input offset="0" semantic="VERTEX" source="#meshId5-vertices" />
          <input offset="0" semantic="NORMAL" source="#meshId5-normals" />
          <input offset="0" semantic="TANGENT" source="#meshId5-tangents" />
          <input offset="0" semantic="BINORMAL" source="#meshId5-bitangents" />
          <input offset="0" semantic="TEXCOORD" source="#meshId5-tex0" set="0" />
          <vcount>3 3 3 3 3 3 3 3 3 3 3 3 3 3 3 3 3 3 3 3 3 3 3 3 3 3 3 3 3 3 3 3 3 3 3 3 3 3 3 3 3 3 3 3 3 3 3 3 3 3 3 3 3 3 3 3 3 3 3 3 3 3 3 3 3 3 3 3 3 3 3 3 3 3 3 3 3 3 3 3 3 3 3 3 3 3 3 3 3 3 3 3 3 3 3 3 3 3 3 3 3 3 3 3 3 3 3 3 3 3 3 3 3 3 3 3 3 3 3 3 3 3 3 3 3 3 3 3 3 3 3 3 3 3 3 3 3 3 3 3 3 3 3 3 3 3 3 3 3 3 3 3 3 3 </vcount>
          <p>0 1 2 1 3 2 3 4 2 4 5 2 5 6 2 6 7 2 7 8 2 8 9 2 9 10 2 10 11 2 11 12 2 12 13 2 13 14 2 14 0 2 18 15 16 16 17 18 17 16 19 19 20 17 22 21 15 15 18 22 20 19 0 0 14 20 1 0 19 19 23 1 25 15 21 21 24 25 3 1 23 23 26 3 28 25 24 24 27 28 4 3 26 26 29 4 31 28 27 27 30 31 5 4 29 29 32 5 34 31 30 30 33 34 6 5 32 32 35 6 37 34 33 33 36 37 7 6 35 35 38 7 40 37 36 36 39 40 8 7 38 38 41 8 43 40 39 39 42 43 9 8 41 41 44 9 46 43 42 42 45 46 10 9 44 44 47 10 49 46 45 45 48 49 11 10 47 47 50 11 52 49 48 48 51 52 12 11 50 50 53 12 55 52 51 51 54 55 13 12 53 53 56 13 58 55 54 54 57 58 14 13 56 56 20 14 18 58 57 57 22 18 23 19 16 16 59 23 59 16 15 15 25 59 26 23 59 59 60 26 60 59 25 25 28 60 29 26 60 60 61 29 61 60 28 28 31 61 32 29 61 61 62 32 62 61 31 31 34 62 35 32 62 62 63 35 63 62 34 34 37 63 38 35 63 63 64 38 64 63 37 37 40 64 41 38 64 64 65 41 65 64 40 40 43 65 44 41 65 65 66 44 66 65 43 43 46 66 47 44 66 66 67 47 67 66 46 46 49 67 50 47 67 67 68 50 68 67 49 49 52 68 53 50 68 68 69 53 69 68 52 52 55 69 56 53 69 69 70 56 70 69 55 55 58 70 58 18 17 17 70 58 70 17 20 20 56 70 74 71 72 72 73 74 76 75 71 71 74 76 78 77 75 75 76 78 80 79 77 77 78 80 82 81 79 79 80 82 84 83 81 81 82 84 86 85 83 83 84 86 88 87 85 85 86 88 90 89 87 87 88 90 92 91 89 89 90 92 94 93 91 91 92 94 96 95 93 93 94 96 21 97 95 95 96 21 22 98 97 97 21 22 </p>
        </polylist>
      </mesh>
    </geometry>
    <geometry id="meshId6" name="meshId6_name" >
      <mesh>
        <source id="meshId6-positions" name="meshId6-positions">
          <float_array id="meshId6-positions-array" count="297"> 0.0156248 -0.332679 0.760642 0.0128986 -0.329545 0.762007 0.00677265 -0.336587 0.758939 0.00895932 -0.327805 0.762765 0.00458646 -0.327805 0.762765 0.000646958 -0.329545 0.762007 -0.00207948 -0.332679 0.760642 -0.0030521 -0.336587 0.758939 -0.00207948 -0.340495 0.757236 0.000646958 -0.343629 0.755871 0.00458646 -0.345368 0.755113 0.00895932 -0.345368 0.755113 0.0128986 -0.343629 0.755871 0.0156248 -0.340495 0.757236 0.0165979 -0.336587 0.758939 0.0207099 -0.329066 0.758481 0.019508 -0.330232 0.759707 0.0209077 -0.335854 0.757257 0.0222416 -0.335219 0.7558 0.0177239 -0.331443 0.760336 0.0189279 -0.336277 0.758229 0.0215973 -0.327925 0.756932 0.0232269 -0.33447 0.75408 0.0143515 -0.327565 0.762025 0.0170317 -0.322676 0.759218 0.0164176 -0.324132 0.760631 0.00947765 -0.325414 0.762962 0.0104343 -0.319764 0.760487 0.0102152 -0.321393 0.761823 0.00406813 -0.325414 0.762962 0.00311158 -0.319764 0.760487 0.00333054 -0.321393 0.761823 -0.000805757 -0.327565 0.762025 -0.00348595 -0.322676 0.759218 -0.00287181 -0.324132 0.760631 -0.0041786 -0.331443 0.760336 -0.00805203 -0.327925 0.756932 -0.00716463 -0.329066 0.758481 -0.00538212 -0.336277 0.758229 -0.00968109 -0.33447 0.75408 -0.0086961 -0.335219 0.7558 -0.0041786 -0.341113 0.756123 -0.00805203 -0.341015 0.751229 -0.00716463 -0.341372 0.75312 -0.000805757 -0.34499 0.754434 -0.00348595 -0.346264 0.748942 -0.00287181 -0.346307 0.75097 0.00406813 -0.347142 0.753496 0.00311158 -0.349176 0.747673 0.00333054 -0.349045 0.749777 0.00947765 -0.347142 0.753496 0.0104343 -0.349176 0.747673 0.0102152 -0.349045 0.749777 0.0143515 -0.34499 0.754434 0.0170317 -0.346264 0.748942 0.0164176 -0.346307 0.75097 0.0177239 -0.341113 0.756123 0.0215973 -0.341015 0.751229 0.0207099 -0.341372 0.75312 0.0155857 -0.325723 0.761671 0.00991822 -0.323221 0.762761 0.00362757 -0.323221 0.762761 -0.00203995 -0.325723 0.761671 -0.0059627 -0.330232 0.759707 -0.00736191 -0.335854 0.757257 -0.0059627 -0.341477 0.754808 -0.00203995 -0.345985 0.752844 0.00362757 -0.348488 0.751753 0.00991822 -0.348488 0.751753 0.0155857 -0.345986 0.752844 0.019508 -0.341477 0.754808 0.0296875 -0.108236 0.207156 0.0322061 -0.0981188 0.211563 0.0232269 -0.33447 0.75408 0.0215973 -0.341015 0.751229 0.0226303 -0.116349 0.203621 0.0170317 -0.346264 0.748942 0.0124324 -0.120851 0.20166 0.0104343 -0.349176 0.747673 0.00111313 -0.120851 0.20166 0.00311158 -0.349176 0.747673 -0.00908506 -0.116349 0.203621 -0.00348595 -0.346264 0.748942 -0.0161425 -0.108236 0.207156 -0.00805203 -0.341015 0.751229 -0.0186608 -0.0981188 0.211563 -0.00968109 -0.33447 0.75408 -0.0161425 -0.088002 0.215971 -0.00805203 -0.327925 0.756932 -0.00908506 -0.0798888 0.219505 -0.00348595 -0.322676 0.759218 0.00111313 -0.0753863 0.221467 0.00311158 -0.319764 0.760487 0.0124324 -0.0753863 0.221467 0.0104343 -0.319764 0.760487 0.0226303 -0.0798888 0.219505 0.0170317 -0.322676 0.759218 0.0296875 -0.088002 0.215971 0.0322061 -0.0981188 0.211563 </float_array>
          <technique_common>
            <accessor count="99" offset="0" source="#meshId6-positions-array" stride="3">
              <param name="X" type="float" />
              <param name="Y" type="float" />
              <param name="Z" type="float" />
            </accessor>
          </technique_common>
        </source>
        <source id="meshId6-normals" name="meshId6-normals">
          <float_array id="meshId6-normals-array" count="297"> 0.122408 -0.341651 0.931821 0.084702 -0.298325 0.950699 3e-06 -0.399399 0.916777 0.030224 -0.274266 0.961179 -0.030226 -0.274264 0.961179 -0.084701 -0.298314 0.950702 -0.122415 -0.341647 0.931822 -0.135867 -0.395693 0.908277 -0.122425 -0.449743 0.884728 -0.084704 -0.49308 0.865851 -0.030231 -0.517131 0.855372 0.03024 -0.51713 0.855373 0.084715 -0.493079 0.86585 0.122415 -0.449749 0.884726 0.135872 -0.395693 0.908276 0.755027 0.11541 0.645458 0.585327 -0.045215 0.809536 0.64965 -0.303629 0.696968 0.838016 -0.217933 0.500234 0.368327 -0.201888 0.907511 0.40881 -0.364495 0.836671 0.900852 0.391199 0.188226 0.999867 -0.006524 0.01496 0.254903 -0.071484 0.964321 0.623419 0.710143 0.327178 0.5225 0.382728 0.761914 0.090967 0.000896 0.995854 0.222493 0.887154 0.404296 0.186475 0.531069 0.826555 -0.09097 0.000896 0.995853 -0.222489 0.887156 0.404293 -0.186474 0.53107 0.826554 -0.254888 -0.071476 0.964325 -0.623405 0.710153 0.327182 -0.522492 0.38274 0.761913 -0.36832 -0.201894 0.907512 -0.900854 0.391194 0.188227 -0.755032 0.115407 0.645451 -0.408815 -0.364501 0.836665 -0.999867 -0.006516 0.01496 -0.838022 -0.217933 0.500224 -0.368336 -0.527108 0.765824 -0.900853 -0.404231 -0.158307 -0.75503 -0.551267 0.355014 -0.254888 -0.657527 0.709007 -0.623406 -0.723187 -0.297262 -0.522486 -0.818599 0.238546 -0.090969 -0.729898 0.677476 -0.222485 -0.900191 -0.374376 -0.186471 -0.966942 0.173929 0.090956 -0.72989 0.677487 0.222486 -0.900191 -0.374375 0.18647 -0.966944 0.173921 0.254881 -0.65751 0.709025 0.62342 -0.723177 -0.297259 0.522505 -0.818586 0.238549 0.368329 -0.527104 0.76583 0.900852 -0.404234 -0.158307 0.755032 -0.551264 0.355013 0.405071 0.162031 0.899813 0.144568 0.27704 0.949921 -0.144568 0.277037 0.949921 -0.405056 0.162036 0.899819 -0.585327 -0.045214 0.809536 -0.649656 -0.303628 0.696963 -0.585308 -0.562059 0.584384 -0.40505 -0.769296 0.494083 -0.144567 -0.884302 0.443972 0.144556 -0.884306 0.443967 0.405062 -0.769293 0.494078 0.585316 -0.562054 0.584381 0.900868 -0.403784 -0.15936 0.999885 -0.006067 0.01391 0.999867 -0.006524 0.01496 0.900852 -0.404234 -0.158307 0.623432 -0.722732 -0.298314 0.62342 -0.723177 -0.297259 0.222489 -0.89975 -0.375432 0.222486 -0.900191 -0.374375 -0.222489 -0.899749 -0.375433 -0.222485 -0.900191 -0.374376 -0.623418 -0.722743 -0.298318 -0.623406 -0.723187 -0.297262 -0.900869 -0.403781 -0.15936 -0.900853 -0.404231 -0.158307 -0.999885 -0.006059 0.01391 -0.999867 -0.006516 0.01496 -0.90087 0.391659 0.187181 -0.900854 0.391194 0.188227 -0.623416 0.710624 0.326138 -0.623405 0.710153 0.327182 -0.222493 0.88763 0.40325 -0.222489 0.887156 0.404293 0.222496 0.887628 0.403253 0.222493 0.887154 0.404296 0.62343 0.710614 0.326134 0.623419 0.710143 0.327178 0.900868 0.391664 0.18718 0.999885 -0.006067 0.01391 </float_array>
          <technique_common>
            <accessor count="99" offset="0" source="#meshId6-normals-array" stride="3">
              <param name="X" type="float" />
              <param name="Y" type="float" />
              <param name="Z" type="float" />
            </accessor>
          </technique_common>
        </source>
        <source id="meshId6-tangents" name="meshId6-tangents">
          <float_array id="meshId6-tangents-array" count="297"> -0.183445 0.914916 0.359551 -0.189767 0.931834 0.309312 -0.173823 0.902821 0.393319 -0.184684 0.943529 0.275037 -0.170796 0.948893 0.265387 -0.159739 0.945855 0.282562 -0.158672 0.933544 0.321433 -0.168876 0.912611 0.372319 -0.18265 0.886417 0.425327 -0.189247 0.861118 0.471871 -0.184559 0.843937 0.503695 -0.171292 0.840423 0.514148 -0.159827 0.850998 0.500259 -0.158914 0.871047 0.464783 -0.16938 0.894003 0.414813 -0.296178 0.938269 0.17869 -0.247528 0.940813 0.23152 -0.127224 0.860432 0.493428 -0.0926159 0.84666 0.524012 -0.202743 0.935201 0.290334 -0.156672 0.875139 0.457806 -0.427739 0.873934 0.230825 -0.00138993 0.879258 0.476343 -0.220523 0.966686 0.129951 -0.611358 0.703585 -0.362229 -0.378641 0.904802 -0.194843 -0.197766 0.980099 0.0171833 -0.398601 0.461223 -0.792711 -0.278115 0.835433 -0.474029 -0.150948 0.988433 -0.0146782 0.0864317 0.431003 -0.898202 -0.063691 0.833007 -0.549585 -0.114934 0.992434 0.0431802 0.426598 0.659595 -0.618829 0.0965892 0.914406 -0.393106 -0.117387 0.978423 0.170027 0.36499 0.917249 -0.159486 0.081383 0.993271 -0.0823977 -0.155784 0.931193 0.329563 -0.002418 0.965854 0.259077 -0.0917252 0.959993 0.264574 -0.201488 0.84942 0.487737 -0.418706 0.712712 0.562785 -0.294062 0.768618 0.568114 -0.220507 0.75343 0.619452 -0.612091 0.214813 0.761052 -0.379101 0.473625 0.79496 -0.198043 0.679968 0.70599 -0.398908 -0.266333 0.877462 -0.278282 0.221768 0.934547 -0.151401 0.662263 0.733815 0.0850566 -0.364613 0.927266 -0.063678 0.164759 0.984276 -0.115491 0.707294 0.697422 0.426757 -0.00384383 0.904358 0.0971769 0.335128 0.937148 -0.117889 0.790613 0.600861 0.365167 0.508371 0.779879 0.0817581 0.616363 0.783207 -0.298807 0.953588 -0.0371997 -0.242031 0.940745 -0.237529 -0.116028 0.948637 -0.294321 -0.0183879 0.982527 -0.185207 -0.0254662 0.998976 0.0373815 -0.126322 0.94715 0.294873 -0.245824 0.809829 0.532679 -0.298815 0.622108 0.723665 -0.242199 0.466661 0.850628 -0.115334 0.430563 0.895161 -0.0180287 0.53357 0.845564 -0.0254701 0.70764 0.706114 0.432906 0.862809 0.261063 0.00169095 0.955443 0.295172 0.00182069 0.955497 0.294995 0.433015 0.862758 0.261048 0.778807 0.607788 0.15509 0.778878 0.607712 0.155033 0.970774 0.239997 0.000131042 0.970799 0.239896 9.9021e-05 0.970585 -0.168078 -0.172378 0.970562 -0.168171 -0.172419 0.778106 -0.535983 -0.327527 0.778042 -0.536043 -0.327579 0.431318 -0.791185 -0.43358 0.43123 -0.791193 -0.433653 -0.00116462 -0.883446 -0.468532 -0.00125357 -0.883426 -0.46857 -0.433734 -0.794717 -0.424616 -0.433808 -0.794678 -0.424614 -0.780708 -0.542805 -0.30961 -0.780755 -0.54275 -0.309586 -0.973241 -0.17785 -0.145502 -0.973265 -0.177849 -0.145342 -0.973118 0.227424 0.0363221 -0.973101 0.227497 0.0363193 -0.780235 0.592453 0.200581 -0.780188 0.592564 0.200437 -0.43272 0.844514 0.315514 0.000646251 0.932797 0.360402 </float_array>
          <technique_common>
            <accessor count="99" offset="0" source="#meshId6-tangents-array" stride="3">
              <param name="X" type="float" />
              <param name="Y" type="float" />
              <param name="Z" type="float" />
            </accessor>
          </technique_common>
        </source>
        <source id="meshId6-bitangents" name="meshId6-bitangents">
          <float_array id="meshId6-bitangents-array" count="297"> -0.975379 -0.214949 0.049319 -0.978169 -0.206611 0.0223159 -0.984777 -0.159358 -0.0694221 -0.982333 -0.185827 -0.0221352 -0.984842 -0.156144 -0.0755245 -0.983519 -0.127931 -0.127767 -0.979713 -0.108506 -0.16849 -0.976228 -0.102801 -0.190817 -0.975526 -0.109525 -0.190665 -0.97827 -0.12389 -0.166254 -0.982356 -0.142639 -0.120954 -0.984756 -0.162067 -0.063166 -0.983503 -0.180766 -0.00671504 -0.979674 -0.197492 0.0351578 -0.97614 -0.210205 0.0544475 -0.58499 -0.326087 0.7426 -0.77209 -0.335897 0.539491 -0.749513 -0.409227 0.520351 -0.537728 -0.48546 0.689331 -0.90732 -0.290929 0.303529 -0.899071 -0.318238 0.300659 -0.0741987 -0.28845 0.954616 -0.0162614 -0.476301 0.879132 -0.941485 -0.245779 0.230647 -0.487432 0.0257977 0.87278 -0.763953 -0.186687 0.617676 -0.97602 -0.198509 0.0893338 -0.889727 0.0152197 0.45624 -0.942273 -0.141483 0.303486 -0.984347 -0.151657 -0.0897825 -0.971096 -0.164896 -0.172572 -0.980393 -0.155127 -0.12151 -0.960115 -0.0998281 -0.261175 -0.65527 -0.246206 -0.714144 -0.847155 -0.131802 -0.514738 -0.922258 -0.0439057 -0.384072 -0.235041 -0.0749723 -0.96909 -0.650617 -0.00968418 -0.759344 -0.899222 0.00439151 -0.437469 -0.0161373 0.259007 -0.965741 -0.537871 0.175836 -0.824485 -0.907597 0.0253469 -0.419078 -0.114668 0.57327 -0.811303 -0.586053 0.324547 -0.742436 -0.941493 0.00154969 -0.33703 -0.486527 0.656396 -0.576572 -0.763735 0.324923 -0.557794 -0.975963 -0.0699459 -0.206407 -0.889592 0.344564 -0.299838 -0.942225 0.125865 -0.310436 -0.984279 -0.169317 -0.0502695 -0.971219 -0.238147 -0.00455417 -0.980395 -0.194613 -0.0308505 -0.960051 -0.259645 0.10434 -0.655154 -0.690652 0.306225 -0.84708 -0.466483 0.254654 -0.922191 -0.311597 0.229066 -0.234775 -0.760364 0.60558 -0.65057 -0.562321 0.510444 -0.864079 -0.253802 0.434687 -0.959439 -0.195571 0.203054 -0.982668 -0.152766 -0.104999 -0.914107 -0.0915651 -0.394999 -0.810398 0.00126456 -0.585879 -0.74966 0.103524 -0.653676 -0.772648 0.168126 -0.612167 -0.864086 0.145481 -0.481862 -0.959396 0.015443 -0.281641 -0.982752 -0.180606 -0.0397503 -0.914111 -0.351413 0.20226 -0.810405 -0.428184 0.399877 0.0320843 -0.304171 0.952077 -0.015081 -0.295115 0.955343 -0.0162188 -0.294929 0.955382 0.031056 -0.303715 0.952257 0.0692229 -0.329017 0.941783 0.0685311 -0.328179 0.942126 0.0899846 -0.364489 0.92685 0.0897218 -0.363465 0.927278 0.0919948 -0.402742 0.910679 0.0922505 -0.401716 0.911107 0.0768243 -0.436309 0.896512 0.0775553 -0.435497 0.896843 0.048988 -0.459333 0.886912 0.0500445 -0.458924 0.887065 0.0151276 -0.468494 0.883337 0.0162692 -0.468526 0.8833 -0.0175486 -0.46371 0.885813 -0.0165267 -0.46417 0.885592 -0.0429871 -0.447634 0.893183 -0.0422749 -0.448446 0.892809 -0.0574342 -0.424833 0.903448 -0.0570374 -0.425821 0.903008 -0.0594689 -0.400494 0.914368 -0.0597552 -0.401502 0.913907 -0.0506834 -0.379509 0.923799 -0.0515353 -0.380216 0.923461 -0.0345005 -0.365233 0.930277 -0.0151618 -0.360351 0.932694 </float_array>
          <technique_common>
            <accessor count="99" offset="0" source="#meshId6-bitangents-array" stride="3">
              <param name="X" type="float" />
              <param name="Y" type="float" />
              <param name="Z" type="float" />
            </accessor>
          </technique_common>
        </source>
        <source id="meshId6-tex0" name="meshId6-tex0">
          <float_array id="meshId6-tex0-array" count="198"> 0.869418 0.675641 0.870578 0.676276 0.868625 0.678516 0.871356 0.677355 0.871592 0.678664 0.871236 0.679944 0.870361 0.68094 0.869141 0.681456 0.867818 0.68139 0.866655 0.680755 0.865884 0.679676 0.865658 0.678367 0.866023 0.677088 0.866906 0.676092 0.868123 0.675576 0.869938 0.673519 0.869779 0.674211 0.867917 0.674115 0.867841 0.673409 0.869608 0.674905 0.868011 0.674824 0.870083 0.672778 0.867787 0.672655 0.871074 0.675704 0.872527 0.674061 0.872017 0.674631 0.872057 0.67706 0.874092 0.67622 0.873382 0.676511 0.872353 0.678705 0.874554 0.678833 0.873788 0.678786 0.871906 0.680311 0.873834 0.681382 0.873164 0.681008 0.870805 0.681562 0.872078 0.683364 0.871637 0.682736 0.869271 0.682209 0.869636 0.684386 0.869511 0.683628 0.867609 0.682125 0.866993 0.684244 0.867209 0.683507 0.866148 0.681326 0.864674 0.682968 0.865189 0.682398 0.86518 0.679971 0.86314 0.680811 0.86385 0.68052 0.864897 0.678327 0.862696 0.678199 0.863462 0.678245 0.865357 0.676721 0.863434 0.67565 0.864104 0.676024 0.866472 0.675471 0.86522 0.67367 0.865657 0.674298 0.871544 0.675166 0.872719 0.676784 0.873071 0.678744 0.872536 0.680659 0.871223 0.682149 0.869393 0.682919 0.86741 0.682818 0.865669 0.681864 0.864515 0.680247 0.864179 0.678288 0.86473 0.676374 0.866063 0.674885 0.925049 0.453631 0.928566 0.454078 0.899772 0.675543 0.897496 0.675254 0.921528 0.453203 0.895218 0.674977 0.918006 0.452795 0.89294 0.674713 0.914481 0.452407 0.890659 0.674462 0.910954 0.452039 0.888377 0.674224 0.907425 0.45169 0.886094 0.673998 0.903894 0.451361 0.88381 0.673785 0.900361 0.451052 0.881525 0.673585 0.896827 0.450763 0.879238 0.673398 0.893291 0.450494 0.876951 0.673224 0.889753 0.450244 0.874662 0.673063 0.886215 0.450015 0.872373 0.672914 0.882675 0.449805 0.879133 0.449615 </float_array>
          <technique_common>
            <accessor count="99" offset="0" source="#meshId6-tex0-array" stride="2">
              <param name="S" type="float" />
              <param name="T" type="float" />
            </accessor>
          </technique_common>
        </source>
        <vertices id="meshId6-vertices">
          <input semantic="POSITION" source="#meshId6-positions" />
        </vertices>
        <polylist count="154" material="defaultMaterial">
          <input offset="0" semantic="VERTEX" source="#meshId6-vertices" />
          <input offset="0" semantic="NORMAL" source="#meshId6-normals" />
          <input offset="0" semantic="TANGENT" source="#meshId6-tangents" />
          <input offset="0" semantic="BINORMAL" source="#meshId6-bitangents" />
          <input offset="0" semantic="TEXCOORD" source="#meshId6-tex0" set="0" />
          <vcount>3 3 3 3 3 3 3 3 3 3 3 3 3 3 3 3 3 3 3 3 3 3 3 3 3 3 3 3 3 3 3 3 3 3 3 3 3 3 3 3 3 3 3 3 3 3 3 3 3 3 3 3 3 3 3 3 3 3 3 3 3 3 3 3 3 3 3 3 3 3 3 3 3 3 3 3 3 3 3 3 3 3 3 3 3 3 3 3 3 3 3 3 3 3 3 3 3 3 3 3 3 3 3 3 3 3 3 3 3 3 3 3 3 3 3 3 3 3 3 3 3 3 3 3 3 3 3 3 3 3 3 3 3 3 3 3 3 3 3 3 3 3 3 3 3 3 3 3 3 3 3 3 3 3 </vcount>
          <p>0 1 2 1 3 2 3 4 2 4 5 2 5 6 2 6 7 2 7 8 2 8 9 2 9 10 2 10 11 2 11 12 2 12 13 2 13 14 2 14 0 2 18 15 16 16 17 18 17 16 19 19 20 17 22 21 15 15 18 22 20 19 0 0 14 20 1 0 19 19 23 1 25 15 21 21 24 25 3 1 23 23 26 3 28 25 24 24 27 28 4 3 26 26 29 4 31 28 27 27 30 31 5 4 29 29 32 5 34 31 30 30 33 34 6 5 32 32 35 6 37 34 33 33 36 37 7 6 35 35 38 7 40 37 36 36 39 40 8 7 38 38 41 8 43 40 39 39 42 43 9 8 41 41 44 9 46 43 42 42 45 46 10 9 44 44 47 10 49 46 45 45 48 49 11 10 47 47 50 11 52 49 48 48 51 52 12 11 50 50 53 12 55 52 51 51 54 55 13 12 53 53 56 13 58 55 54 54 57 58 14 13 56 56 20 14 18 58 57 57 22 18 23 19 16 16 59 23 59 16 15 15 25 59 26 23 59 59 60 26 60 59 25 25 28 60 29 26 60 60 61 29 61 60 28 28 31 61 32 29 61 61 62 32 62 61 31 31 34 62 35 32 62 62 63 35 63 62 34 34 37 63 38 35 63 63 64 38 64 63 37 37 40 64 41 38 64 64 65 41 65 64 40 40 43 65 44 41 65 65 66 44 66 65 43 43 46 66 47 44 66 66 67 47 67 66 46 46 49 67 50 47 67 67 68 50 68 67 49 49 52 68 53 50 68 68 69 53 69 68 52 52 55 69 56 53 69 69 70 56 70 69 55 55 58 70 58 18 17 17 70 58 70 17 20 20 56 70 74 71 72 72 73 74 76 75 71 71 74 76 78 77 75 75 76 78 80 79 77 77 78 80 82 81 79 79 80 82 84 83 81 81 82 84 86 85 83 83 84 86 88 87 85 85 86 88 90 89 87 87 88 90 92 91 89 89 90 92 94 93 91 91 92 94 96 95 93 93 94 96 21 97 95 95 96 21 22 98 97 97 21 22 </p>
        </polylist>
      </mesh>
    </geometry>
    <geometry id="meshId7" name="meshId7_name" >
      <mesh>
        <source id="meshId7-positions" name="meshId7-positions">
          <float_array id="meshId7-positions-array" count="297"> 0.0156248 0.491831 -0.490146 0.0128986 0.489414 -0.492564 0.00677265 0.494845 -0.487132 0.00895932 0.488072 -0.493905 0.00458646 0.488072 -0.493905 0.000646958 0.489414 -0.492564 -0.00207948 0.491831 -0.490146 -0.0030521 0.494845 -0.487132 -0.00207948 0.49786 -0.484118 0.000646958 0.500277 -0.4817 0.00458646 0.501619 -0.480359 0.00895932 0.501619 -0.480359 0.0128986 0.500277 -0.4817 0.0156248 0.49786 -0.484118 0.0165979 0.494845 -0.487132 0.0207099 0.488075 -0.489853 0.019508 0.489424 -0.490384 0.0209077 0.493761 -0.486047 0.0222416 0.492821 -0.485107 0.0177239 0.490659 -0.490403 0.0189279 0.494388 -0.486674 0.0215973 0.486663 -0.489046 0.0232269 0.491711 -0.483998 0.0143515 0.487668 -0.493394 0.0170317 0.482615 -0.493094 0.0164176 0.484269 -0.493659 0.00947765 0.486008 -0.495053 0.0104343 0.480368 -0.495341 0.0102152 0.482157 -0.495771 0.00406813 0.486008 -0.495053 0.00311158 0.480368 -0.495341 0.00333054 0.482157 -0.495771 -0.000805757 0.487668 -0.493394 -0.00348595 0.482615 -0.493094 -0.00287181 0.484269 -0.493659 -0.0041786 0.490659 -0.490403 -0.00805203 0.486663 -0.489046 -0.00716463 0.488075 -0.489853 -0.00538212 0.494388 -0.486674 -0.00968109 0.491711 -0.483998 -0.0086961 0.492821 -0.485107 -0.0041786 0.498117 -0.482945 -0.00805203 0.49676 -0.47895 -0.00716463 0.497566 -0.480361 -0.000805757 0.501108 -0.479954 -0.00348595 0.500808 -0.474901 -0.00287181 0.501373 -0.476555 0.00406813 0.502767 -0.478295 0.00311158 0.503054 -0.472655 0.00333054 0.503484 -0.474443 0.00947765 0.502767 -0.478295 0.0104343 0.503054 -0.472655 0.0102152 0.503484 -0.474443 0.0143515 0.501108 -0.479954 0.0170317 0.500808 -0.474901 0.0164176 0.501373 -0.476555 0.0177239 0.498117 -0.482945 0.0215973 0.49676 -0.47895 0.0207099 0.497566 -0.480361 0.0155857 0.485947 -0.493862 0.00991822 0.484017 -0.495792 0.00362757 0.484017 -0.495792 -0.00203995 0.485947 -0.493861 -0.0059627 0.489424 -0.490384 -0.00736191 0.493761 -0.486047 -0.0059627 0.498098 -0.481711 -0.00203995 0.501575 -0.478233 0.00362757 0.503505 -0.476303 0.00991822 0.503505 -0.476303 0.0155857 0.501575 -0.478233 0.019508 0.498098 -0.481711 0.0289659 0.180523 -0.157695 0.0314052 0.172966 -0.165253 0.0232269 0.491711 -0.483998 0.0215973 0.49676 -0.47895 0.0221309 0.186584 -0.151635 0.0170317 0.500808 -0.474901 0.0122545 0.189947 -0.148271 0.0104343 0.503054 -0.472655 0.00129158 0.189947 -0.148271 0.00311158 0.503054 -0.472655 -0.00858557 0.186584 -0.151635 -0.00348595 0.500808 -0.474901 -0.0154204 0.180523 -0.157695 -0.00805203 0.49676 -0.47895 -0.0178597 0.172966 -0.165253 -0.00968109 0.491711 -0.483998 -0.0154204 0.165409 -0.17281 -0.00805203 0.486663 -0.489046 -0.00858557 0.159348 -0.17887 -0.00348595 0.482615 -0.493094 0.00129158 0.155985 -0.182234 0.00311158 0.480368 -0.495341 0.0122545 0.155985 -0.182234 0.0104343 0.480368 -0.495341 0.0221309 0.159348 -0.17887 0.0170317 0.482615 -0.493094 0.0289659 0.165409 -0.17281 0.0314052 0.172966 -0.165253 </float_array>
          <technique_common>
            <accessor count="99" offset="0" source="#meshId7-positions-array" stride="3">
              <param name="X" type="float" />
              <param name="Y" type="float" />
              <param name="Z" type="float" />
            </accessor>
          </technique_common>
        </source>
        <source id="meshId7-normals" name="meshId7-normals">
          <float_array id="meshId7-normals-array" count="297"> 0.102762 0.667507 -0.737478 0.071121 0.63944 -0.765545 1e-06 0.707111 -0.707103 0.025387 0.623873 -0.781113 -0.025388 0.623873 -0.781113 -0.071125 0.639433 -0.76555 -0.102777 0.66749 -0.737492 -0.114066 0.702499 -0.702484 -0.102784 0.737494 -0.667486 -0.071122 0.765569 -0.63941 -0.025382 0.781143 -0.623836 0.02539 0.781139 -0.62384 0.071125 0.765552 -0.639431 0.102766 0.737479 -0.667505 0.114067 0.702505 -0.702478 0.711537 0.191475 -0.676056 0.524795 0.396051 -0.753481 0.582479 0.574767 -0.57477 0.789736 0.433765 -0.433779 0.316288 0.554396 -0.76981 0.351046 0.662106 -0.662105 0.900797 -0.29284 -0.320639 0.999807 0.013898 -0.013898 0.21889 0.468032 -0.856174 0.623382 -0.538824 -0.566625 0.492401 -0.002823 -0.870364 0.078119 0.420102 -0.904108 0.222479 -0.675346 -0.703144 0.175727 -0.110656 -0.9782 -0.078124 0.4201 -0.904109 -0.222475 -0.675346 -0.703145 -0.175727 -0.110653 -0.9782 -0.218887 0.468021 -0.85618 -0.623367 -0.538833 -0.566632 -0.492381 -0.002837 -0.870375 -0.316301 0.5544 -0.769802 -0.900799 -0.292838 -0.320636 -0.711527 0.191478 -0.676067 -0.351066 0.662099 -0.662101 -0.999807 0.0139 -0.013898 -0.789739 0.43377 -0.43377 -0.3163 0.769805 -0.554396 -0.900799 0.320637 0.292837 -0.71152 0.676063 -0.191514 -0.218885 0.856178 -0.468026 -0.623364 0.566634 0.538834 -0.492367 0.870384 0.002756 -0.07812 0.904115 -0.420086 -0.22247 0.703145 0.675348 -0.175722 0.978208 0.110591 0.078115 0.90412 -0.420078 0.222475 0.703144 0.675347 0.175723 0.978208 0.110591 0.218888 0.856181 -0.46802 0.623379 0.566625 0.538827 0.49239 0.870371 0.002736 0.316289 0.769816 -0.554387 0.900796 0.32064 0.292841 0.711519 0.676063 -0.191519 0.363176 0.252735 -0.896788 0.129616 0.173186 -0.976323 -0.12962 0.173189 -0.976322 -0.363176 0.252739 -0.896787 -0.524808 0.396061 -0.753467 -0.582486 0.574767 -0.574764 -0.524799 0.753475 -0.396057 -0.363166 0.896792 -0.252735 -0.129616 0.976319 -0.173209 0.129611 0.976322 -0.173194 0.363181 0.896788 -0.252727 0.524801 0.753475 -0.396055 0.900822 0.319576 0.293921 0.999836 0.012825 -0.012827 0.999807 0.013898 -0.013898 0.900796 0.32064 0.292841 0.623396 0.565569 0.539916 0.623379 0.566625 0.538827 0.222481 0.702091 0.676439 0.222475 0.703144 0.675347 -0.222477 0.702092 0.676439 -0.22247 0.703145 0.675348 -0.623382 0.565578 0.539922 -0.623364 0.566634 0.538834 -0.900825 0.319573 0.293917 -0.900799 0.320637 0.292837 -0.999835 0.012827 -0.012827 -0.999807 0.0139 -0.013898 -0.900825 -0.293918 -0.319573 -0.900799 -0.292838 -0.320636 -0.623385 -0.539921 -0.565576 -0.623367 -0.538833 -0.566632 -0.222481 -0.676438 -0.702093 -0.222475 -0.675346 -0.703145 0.222485 -0.676437 -0.702092 0.222479 -0.675346 -0.703144 0.623399 -0.539912 -0.565569 0.623382 -0.538824 -0.566625 0.900823 -0.293921 -0.319576 0.999836 0.012825 -0.012827 </float_array>
          <technique_common>
            <accessor count="99" offset="0" source="#meshId7-normals-array" stride="3">
              <param name="X" type="float" />
              <param name="Y" type="float" />
              <param name="Z" type="float" />
            </accessor>
          </technique_common>
        </source>
        <source id="meshId7-tangents" name="meshId7-tangents">
          <float_array id="meshId7-tangents-array" count="297"> -0.183959 -0.715861 -0.673574 -0.190921 -0.744571 -0.639658 -0.173818 -0.696339 -0.696347 -0.185862 -0.764796 -0.616881 -0.171111 -0.772546 -0.611469 -0.159241 -0.764929 -0.62412 -0.157914 -0.742964 -0.650436 -0.168591 -0.710531 -0.683171 -0.18315 -0.673599 -0.716045 -0.190456 -0.639663 -0.744687 -0.185712 -0.616859 -0.76485 -0.17164 -0.611368 -0.772508 -0.15933 -0.624104 -0.764924 -0.158138 -0.650411 -0.742939 -0.169062 -0.683054 -0.710532 -0.297684 -0.789393 -0.536882 -0.248417 -0.775379 -0.580582 -0.127602 -0.633685 -0.762995 -0.0933206 -0.613939 -0.783818 -0.203097 -0.753082 -0.625795 -0.156853 -0.655533 -0.738697 -0.428857 -0.715846 -0.551041 -0.00144591 -0.653181 -0.757201 -0.222755 -0.830312 -0.510844 -0.648226 -0.761371 0.0108587 -0.395406 -0.891571 -0.220805 -0.201906 -0.88142 -0.427005 -0.461473 -0.708256 0.534243 -0.305739 -0.95066 0.0526167 -0.154837 -0.900989 -0.405271 0.0986161 -0.733109 0.672924 -0.0709637 -0.989654 0.124697 -0.117319 -0.883716 -0.45308 0.476723 -0.836299 0.270814 0.105138 -0.992866 -0.0562417 -0.118556 -0.828202 -0.547746 0.379263 -0.890166 -0.252514 0.083181 -0.932436 -0.351631 -0.155989 -0.738582 -0.655869 -0.00248437 -0.790748 -0.612136 -0.0924301 -0.783175 -0.614893 -0.201738 -0.625614 -0.753597 -0.42193 -0.486877 -0.764805 -0.295635 -0.535283 -0.791247 -0.2227 -0.510833 -0.830334 -0.64923 0.00899486 -0.760539 -0.396253 -0.221335 -0.891064 -0.202146 -0.426986 -0.881374 -0.461728 0.534109 -0.708192 -0.305959 0.0525079 -0.950596 -0.155321 -0.405183 -0.900945 0.0969081 0.673328 -0.732965 -0.0710076 0.124641 -0.989658 -0.117877 -0.452936 -0.883716 0.47623 0.27142 -0.836383 0.105227 -0.0564086 -0.992847 -0.119074 -0.547551 -0.828257 0.379403 -0.253101 -0.88994 0.0835516 -0.352027 -0.932253 -0.306595 -0.876486 -0.371176 -0.25571 -0.945486 -0.201664 -0.123397 -0.979792 -0.157422 -0.0188528 -0.964302 -0.264132 -0.0261327 -0.89224 -0.450805 -0.126674 -0.762654 -0.634281 -0.246603 -0.579902 -0.776467 -0.30658 -0.371168 -0.876495 -0.25596 -0.201707 -0.945409 -0.122613 -0.157546 -0.97987 -0.0184534 -0.264272 -0.964272 -0.0260773 -0.450827 -0.89223 0.433631 -0.696439 -0.571783 0.00170799 -0.770595 -0.637322 0.00186479 -0.770995 -0.636838 0.433752 -0.696413 -0.571724 0.780001 -0.49799 -0.378952 0.780085 -0.497862 -0.378948 0.972112 -0.21253 -0.0991381 0.972139 -0.21245 -0.0990511 0.971786 0.103947 0.211726 0.971768 0.104094 0.211736 0.778976 0.38937 0.491516 0.778908 0.38944 0.491567 0.43175 0.587781 0.684182 0.431653 0.587732 0.684286 -0.00116298 0.660326 0.750978 -0.00126092 0.660245 0.751049 -0.434072 0.593001 0.678183 -0.434155 0.593008 0.678123 -0.781233 0.399884 0.47934 -0.781289 0.399892 0.479244 -0.973814 0.119624 0.193332 -0.973834 0.119622 0.193228 -0.973596 -0.191896 -0.123637 -0.973584 -0.191884 -0.123749 -0.780557 -0.472149 -0.40964 -0.780511 -0.472249 -0.409614 -0.432873 -0.665188 -0.608397 0.000616761 -0.730782 -0.682611 </float_array>
          <technique_common>
            <accessor count="99" offset="0" source="#meshId7-tangents-array" stride="3">
              <param name="X" type="float" />
              <param name="Y" type="float" />
              <param name="Z" type="float" />
            </accessor>
          </technique_common>
        </source>
        <source id="meshId7-bitangents" name="meshId7-bitangents">
          <float_array id="meshId7-bitangents-array" count="297"> -0.977547 0.204883 0.0492303 -0.979026 0.191652 0.0691281 -0.984778 0.122908 0.122908 -0.982248 0.16084 0.0965386 -0.984925 0.118133 0.126365 -0.984674 0.0775168 0.15623 -0.98209 0.0496104 0.181766 -0.979064 0.0405056 0.199482 -0.977697 0.0486523 0.204307 -0.979116 0.0688159 0.191301 -0.982276 0.0964405 0.160725 -0.984832 0.12669 0.118552 -0.98466 0.156286 0.0775862 -0.982054 0.181907 0.0497837 -0.978982 0.199811 0.0408534 -0.636474 0.583262 -0.504684 -0.814174 0.491865 -0.308529 -0.802767 0.51777 -0.295767 -0.606307 0.65949 -0.44437 -0.926668 0.354277 -0.125595 -0.923128 0.36317 -0.126269 -0.0681613 0.633884 -0.770418 -0.0196015 0.757075 -0.653035 -0.949983 0.302536 -0.0774905 -0.437263 0.360532 -0.823904 -0.775368 0.452872 -0.440127 -0.976284 0.215902 0.0159656 -0.858805 0.205624 -0.469226 -0.935758 0.289828 -0.200889 -0.984847 0.108328 0.135436 -0.969938 0.0803673 0.229698 -0.981878 0.0913293 0.166057 -0.968671 0.00127318 0.248342 -0.619797 -0.10131 0.778195 -0.864006 -0.119202 0.489167 -0.941222 -0.0819876 0.327689 -0.211474 -0.34907 0.912924 -0.697719 -0.306431 0.647526 -0.923266 -0.126973 0.362571 -0.0194985 -0.611984 0.79063 -0.60644 -0.445512 0.658597 -0.926961 -0.12652 0.35318 -0.102649 -0.812492 0.573864 -0.637447 -0.50637 0.580733 -0.949997 -0.0775182 0.302485 -0.435794 -0.82392 0.362269 -0.774958 -0.439822 0.45387 -0.976234 0.0160659 0.21612 -0.858671 -0.469378 0.205839 -0.935687 -0.200877 0.290064 -0.984771 0.135624 0.108778 -0.97011 0.228513 0.0816583 -0.981875 0.166053 0.0913625 -0.968604 0.248604 0.00178175 -0.620164 0.777989 -0.100646 -0.863991 0.489156 -0.119362 -0.94116 0.327981 -0.0815195 -0.211232 0.912759 -0.349644 -0.697682 0.647314 -0.30696 -0.879831 0.409753 -0.240831 -0.958025 0.275795 -0.0782647 -0.983856 0.10007 0.148372 -0.93153 -0.0790194 0.354976 -0.85082 -0.216896 0.478605 -0.80291 -0.296652 0.517043 -0.814723 -0.30982 0.490141 -0.87984 -0.24083 0.409734 -0.957958 -0.0782055 0.276044 -0.983955 0.148238 0.0992903 -0.931536 0.354869 -0.0794296 -0.850826 0.478571 -0.216946 0.0219699 0.642528 -0.765946 -0.0180581 0.637196 -0.770491 -0.0195661 0.63669 -0.770872 0.0206204 0.642027 -0.766404 0.0545494 0.657372 -0.751589 0.0535401 0.656559 -0.752372 0.0741598 0.679631 -0.729795 0.07383 0.678567 -0.730818 0.0783371 0.704458 -0.705409 0.0785813 0.703386 -0.706451 0.0677616 0.726989 -0.683297 0.0686951 0.726128 -0.684119 0.0458873 0.743227 -0.667464 0.0472977 0.742808 -0.667832 0.0181028 0.750869 -0.660203 0.0196157 0.750922 -0.6601 -0.00982304 0.749641 -0.661772 -0.00844046 0.750058 -0.661318 -0.032641 0.74066 -0.671086 -0.031641 0.741448 -0.670263 -0.0467899 0.72672 -0.685338 -0.046384 0.727735 -0.684288 -0.051096 0.711062 -0.701271 -0.0513486 0.712102 -0.700197 -0.0458633 0.696828 -0.71577 -0.0468778 0.697603 -0.714949 -0.0337576 0.686393 -0.726447 -0.0181282 0.682491 -0.73067 </float_array>
          <technique_common>
            <accessor count="99" offset="0" source="#meshId7-bitangents-array" stride="3">
              <param name="X" type="float" />
              <param name="Y" type="float" />
              <param name="Z" type="float" />
            </accessor>
          </technique_common>
        </source>
        <source id="meshId7-tex0" name="meshId7-tex0">
          <float_array id="meshId7-tex0-array" count="198"> 0.250413 0.957427 0.251572 0.958062 0.249619 0.960302 0.252351 0.959141 0.252586 0.96045 0.252231 0.96173 0.251356 0.962726 0.250135 0.963242 0.248812 0.963176 0.247649 0.962541 0.246878 0.961462 0.246653 0.960153 0.247018 0.958874 0.2479 0.957878 0.249117 0.957362 0.250933 0.955305 0.250774 0.955997 0.248912 0.955902 0.248835 0.955195 0.250603 0.956691 0.249006 0.95661 0.251077 0.954564 0.248781 0.954441 0.252069 0.95749 0.253522 0.955847 0.253012 0.956417 0.253051 0.958846 0.255087 0.958006 0.254376 0.958297 0.253347 0.960491 0.255549 0.960619 0.254782 0.960572 0.2529 0.962097 0.254829 0.963169 0.254158 0.962794 0.2518 0.963348 0.253073 0.96515 0.252631 0.964522 0.250266 0.963995 0.250631 0.966172 0.250506 0.965414 0.248603 0.963911 0.247988 0.96603 0.248204 0.965293 0.247142 0.963112 0.245669 0.964755 0.246183 0.964184 0.246174 0.961757 0.244134 0.962597 0.244845 0.962306 0.245891 0.960113 0.24369 0.959985 0.244457 0.960031 0.246352 0.958507 0.244428 0.957436 0.245098 0.95781 0.247466 0.957257 0.246214 0.955456 0.246652 0.956084 0.252539 0.956952 0.253714 0.95857 0.254066 0.96053 0.253531 0.962445 0.252217 0.963935 0.250387 0.964705 0.248405 0.964604 0.246663 0.96365 0.245509 0.962033 0.245173 0.960074 0.245724 0.95816 0.247058 0.956671 0.303585 0.75519 0.306992 0.755623 0.280766 0.957329 0.278491 0.957039 0.300176 0.754776 0.276213 0.956763 0.296764 0.754381 0.273934 0.956499 0.29335 0.754005 0.271654 0.956248 0.289934 0.753648 0.269372 0.95601 0.286516 0.75331 0.267089 0.955784 0.283097 0.752992 0.264805 0.955571 0.279675 0.752693 0.262519 0.955371 0.276252 0.752412 0.260233 0.955184 0.272828 0.752152 0.257945 0.95501 0.269402 0.75191 0.255657 0.954849 0.265974 0.751687 0.253367 0.9547 0.262546 0.751484 0.259116 0.7513 </float_array>
          <technique_common>
            <accessor count="99" offset="0" source="#meshId7-tex0-array" stride="2">
              <param name="S" type="float" />
              <param name="T" type="float" />
            </accessor>
          </technique_common>
        </source>
        <vertices id="meshId7-vertices">
          <input semantic="POSITION" source="#meshId7-positions" />
        </vertices>
        <polylist count="154" material="defaultMaterial">
          <input offset="0" semantic="VERTEX" source="#meshId7-vertices" />
          <input offset="0" semantic="NORMAL" source="#meshId7-normals" />
          <input offset="0" semantic="TANGENT" source="#meshId7-tangents" />
          <input offset="0" semantic="BINORMAL" source="#meshId7-bitangents" />
          <input offset="0" semantic="TEXCOORD" source="#meshId7-tex0" set="0" />
          <vcount>3 3 3 3 3 3 3 3 3 3 3 3 3 3 3 3 3 3 3 3 3 3 3 3 3 3 3 3 3 3 3 3 3 3 3 3 3 3 3 3 3 3 3 3 3 3 3 3 3 3 3 3 3 3 3 3 3 3 3 3 3 3 3 3 3 3 3 3 3 3 3 3 3 3 3 3 3 3 3 3 3 3 3 3 3 3 3 3 3 3 3 3 3 3 3 3 3 3 3 3 3 3 3 3 3 3 3 3 3 3 3 3 3 3 3 3 3 3 3 3 3 3 3 3 3 3 3 3 3 3 3 3 3 3 3 3 3 3 3 3 3 3 3 3 3 3 3 3 3 3 3 3 3 3 </vcount>
          <p>0 1 2 1 3 2 3 4 2 4 5 2 5 6 2 6 7 2 7 8 2 8 9 2 9 10 2 10 11 2 11 12 2 12 13 2 13 14 2 14 0 2 18 15 16 16 17 18 17 16 19 19 20 17 22 21 15 15 18 22 20 19 0 0 14 20 1 0 19 19 23 1 25 15 21 21 24 25 3 1 23 23 26 3 28 25 24 24 27 28 4 3 26 26 29 4 31 28 27 27 30 31 5 4 29 29 32 5 34 31 30 30 33 34 6 5 32 32 35 6 37 34 33 33 36 37 7 6 35 35 38 7 40 37 36 36 39 40 8 7 38 38 41 8 43 40 39 39 42 43 9 8 41 41 44 9 46 43 42 42 45 46 10 9 44 44 47 10 49 46 45 45 48 49 11 10 47 47 50 11 52 49 48 48 51 52 12 11 50 50 53 12 55 52 51 51 54 55 13 12 53 53 56 13 58 55 54 54 57 58 14 13 56 56 20 14 18 58 57 57 22 18 23 19 16 16 59 23 59 16 15 15 25 59 26 23 59 59 60 26 60 59 25 25 28 60 29 26 60 60 61 29 61 60 28 28 31 61 32 29 61 61 62 32 62 61 31 31 34 62 35 32 62 62 63 35 63 62 34 34 37 63 38 35 63 63 64 38 64 63 37 37 40 64 41 38 64 64 65 41 65 64 40 40 43 65 44 41 65 65 66 44 66 65 43 43 46 66 47 44 66 66 67 47 67 66 46 46 49 67 50 47 67 67 68 50 68 67 49 49 52 68 53 50 68 68 69 53 69 68 52 52 55 69 56 53 69 69 70 56 70 69 55 55 58 70 58 18 17 17 70 58 70 17 20 20 56 70 74 71 72 72 73 74 76 75 71 71 74 76 78 77 75 75 76 78 80 79 77 77 78 80 82 81 79 79 80 82 84 83 81 81 82 84 86 85 83 83 84 86 88 87 85 85 86 88 90 89 87 87 88 90 92 91 89 89 90 92 94 93 91 91 92 94 96 95 93 93 94 96 21 97 95 95 96 21 22 98 97 97 21 22 </p>
        </polylist>
      </mesh>
    </geometry>
    <geometry id="meshId8" name="meshId8_name" >
      <mesh>
        <source id="meshId8-positions" name="meshId8-positions">
          <float_array id="meshId8-positions-array" count="297"> 0.0302738 0.00586283 0.229188 0.0230361 0.014939 0.229188 0.0170317 0.00740957 0.993617 0.0215973 0.00168479 0.993617 0.0125773 0.0199757 0.229188 0.0104343 0.0105867 0.993617 0.000968497 0.0199757 0.229188 0.00311158 0.0105867 0.993617 -0.00949077 0.014939 0.229188 -0.00348595 0.00740957 0.993617 -0.0167285 0.00586283 0.229188 -0.00805203 0.00168479 0.993617 -0.0193116 -0.00545459 0.229188 -0.00968109 -0.00545459 0.993617 -0.0167285 -0.016772 0.229188 -0.00805203 -0.0125937 0.993617 -0.00949077 -0.0258481 0.229188 -0.00348595 -0.0183188 0.993617 0.000968497 -0.0308849 0.229188 0.00311158 -0.0214959 0.993617 0.0125773 -0.0308849 0.229188 0.0104343 -0.0214959 0.993617 0.0230361 -0.0258481 0.229188 0.0170317 -0.0183188 0.993617 0.0302738 -0.016772 0.229188 0.0215973 -0.0125937 0.993617 0.0328569 -0.00545459 0.229188 0.0232269 -0.00545459 0.993617 0.0328569 -0.00545459 0.229188 0.0232269 -0.00545459 0.993617 0.0156248 -0.00119146 1 0.0128986 0.00222713 1 0.00677265 -0.00545459 1 0.00895932 0.00412423 1 0.00458646 0.00412423 1 0.000646958 0.00222713 1 -0.00207948 -0.00119146 1 -0.0030521 -0.00545459 1 -0.00207948 -0.00971773 1 0.000646958 -0.0131361 1 0.00458646 -0.0150334 1 0.00895932 -0.0150334 1 0.0128986 -0.0131363 1 0.0156248 -0.00971773 1 0.0165979 -0.00545459 1 0.0207099 0.00125709 0.995876 0.019508 0.000678299 0.997791 0.0209077 -0.00545459 0.997791 0.0222416 -0.00545459 0.995876 0.0177239 -0.000180658 0.999068 0.0189279 -0.00545459 0.999068 0.0143515 0.00404861 0.999068 0.0170317 0.00740957 0.993617 0.0164176 0.0066394 0.995876 0.00947765 0.00639569 0.999068 0.0104343 0.0105867 0.993617 0.0102152 0.00962648 0.995876 0.00406813 0.00639569 0.999068 0.00311158 0.0105867 0.993617 0.00333054 0.00962648 0.995876 -0.000805757 0.00404861 0.999068 -0.00348595 0.00740957 0.993617 -0.00287181 0.0066394 0.995876 -0.0041786 -0.000180658 0.999068 -0.00805203 0.00168479 0.993617 -0.00716463 0.00125709 0.995876 -0.00538212 -0.00545459 0.999068 -0.00968109 -0.00545459 0.993617 -0.0086961 -0.00545459 0.995876 -0.0041786 -0.0107285 0.999068 -0.00805203 -0.0125937 0.993617 -0.00716463 -0.0121663 0.995876 -0.000805757 -0.0149576 0.999068 -0.00348595 -0.0183188 0.993617 -0.00287181 -0.0175486 0.995876 0.00406813 -0.0173049 0.999068 0.00311158 -0.0214959 0.993617 0.00333054 -0.0205357 0.995876 0.00947765 -0.0173049 0.999068 0.0104343 -0.0214959 0.993617 0.0102152 -0.0205357 0.995876 0.0143515 -0.0149578 0.999068 0.0170317 -0.0183188 0.993617 0.0164176 -0.0175486 0.995876 0.0177239 -0.0107285 0.999068 0.0215973 -0.0125937 0.993617 0.0207099 -0.0121663 0.995876 0.0155857 0.00559658 0.997791 0.00991822 0.00832616 0.997791 0.00362757 0.00832616 0.997791 -0.00203995 0.00559658 0.997791 -0.0059627 0.000678299 0.997791 -0.00736191 -0.00545459 0.997791 -0.0059627 -0.0115875 0.997791 -0.00203995 -0.0165055 0.997791 0.00362757 -0.0192351 0.997791 0.00991822 -0.0192351 0.997791 0.0155857 -0.0165058 0.997791 0.019508 -0.0115875 0.997791 </float_array>
          <technique_common>
            <accessor count="99" offset="0" source="#meshId8-positions-array" stride="3">
              <param name="X" type="float" />
              <param name="Y" type="float" />
              <param name="Z" type="float" />
            </accessor>
          </technique_common>
        </source>
        <source id="meshId8-normals" name="meshId8-normals">
          <float_array id="meshId8-normals-array" count="297"> 0.900899 0.433846 0.012597 0.623447 0.781764 0.012597 0.62344 0.781755 0.013479 0.900889 0.433841 0.013479 0.222502 0.974851 0.012597 0.222499 0.97484 0.013479 -0.222499 0.974852 0.012597 -0.222496 0.97484 0.013479 -0.623432 0.781776 0.012597 -0.623425 0.781767 0.013479 -0.900899 0.433846 0.012597 -0.900889 0.433841 0.013479 -0.999921 -0 0.012597 -0.999909 0 0.013479 -0.9009 -0.433843 0.012597 -0.90089 -0.433838 0.013479 -0.623436 -0.781773 0.012597 -0.623429 -0.781764 0.013479 -0.222499 -0.974852 0.012597 -0.222496 -0.97484 0.013479 0.222502 -0.974851 0.012597 0.222499 -0.97484 0.013479 0.623451 -0.781761 0.012597 0.623444 -0.781752 0.013479 0.9009 -0.433843 0.012597 0.90089 -0.433838 0.013479 0.999921 -0 0.012597 0.999909 0 0.013479 0.999921 -0 0.012597 0.999909 0 0.013479 0.14661 0.070606 0.986671 0.101444 0.127223 0.986673 0 0 1 0.036199 0.158652 0.986671 -0.036207 0.158648 0.986671 -0.101454 0.127224 0.986672 -0.146626 0.070608 0.986669 -0.162735 0 0.98667 -0.146618 -0.070608 0.98667 -0.101441 -0.127223 0.986673 -0.036212 -0.158649 0.986671 0.036208 -0.158648 0.986671 0.101454 -0.127219 0.986672 0.146616 -0.070602 0.986671 0.16274 0 0.986669 0.792171 0.381487 0.476374 0.645255 0.310741 0.697915 0.716173 -1e-06 0.697923 0.87924 -1e-06 0.476379 0.427506 0.205877 0.880257 0.474501 1e-06 0.880255 0.295845 0.370964 0.880262 0.62344 0.781755 0.013479 0.548213 0.687412 0.47637 0.105578 0.462593 0.880262 0.222499 0.97484 0.013479 0.195655 0.857203 0.476363 -0.105577 0.462601 0.880258 -0.222496 0.97484 0.013479 -0.195651 0.857204 0.476363 -0.29584 0.370984 0.880255 -0.623425 0.781767 0.013479 -0.548194 0.687425 0.476371 -0.427512 0.205876 0.880255 -0.900889 0.433841 0.013479 -0.792168 0.381484 0.476382 -0.474505 1e-06 0.880253 -0.999909 0 0.013479 -0.87924 0 0.476379 -0.42751 -0.205877 0.880256 -0.90089 -0.433838 0.013479 -0.792167 -0.381485 0.476382 -0.295844 -0.37099 0.880251 -0.623429 -0.781764 0.013479 -0.548187 -0.68742 0.476387 -0.105593 -0.462613 0.88025 -0.222496 -0.97484 0.013479 -0.19565 -0.857187 0.476394 0.105581 -0.462617 0.880249 0.222499 -0.97484 0.013479 0.195645 -0.857194 0.476385 0.295855 -0.370979 0.880252 0.623444 -0.781752 0.013479 0.548201 -0.687415 0.476377 0.427519 -0.205872 0.880252 0.90089 -0.433838 0.013479 0.792168 -0.381493 0.476374 0.446545 0.559921 0.697915 0.159372 0.69822 0.697918 -0.159366 0.698228 0.697911 -0.446523 0.559938 0.697916 -0.645249 0.310738 0.697922 -0.716173 -0 0.697923 -0.645247 -0.310736 0.697925 -0.446524 -0.559925 0.697926 -0.159375 -0.698202 0.697935 0.159361 -0.698213 0.697927 0.446535 -0.55993 0.697915 0.645255 -0.310736 0.697918 </float_array>
          <technique_common>
            <accessor count="99" offset="0" source="#meshId8-normals-array" stride="3">
              <param name="X" type="float" />
              <param name="Y" type="float" />
              <param name="Z" type="float" />
            </accessor>
          </technique_common>
        </source>
        <source id="meshId8-tangents" name="meshId8-tangents">
          <float_array id="meshId8-tangents-array" count="297"> -0.432499 0.89978 -0.0578079 -0.779744 0.622861 -0.0635903 -0.779702 0.622901 -0.0637029 -0.426144 0.889952 -0.162437 -0.972385 0.222836 -0.0693651 -0.972377 0.222895 -0.0692885 -0.972393 -0.220969 -0.0750013 -0.972416 -0.220907 -0.0748767 -0.779925 -0.620656 -0.0806463 -0.779954 -0.620585 -0.0809081 -0.433238 -0.897126 -0.0864259 -0.433304 -0.897088 -0.086493 -0.0011633 -0.995727 -0.0923394 -0.00124117 -0.995751 -0.0920733 0.430678 -0.897172 -0.0979769 0.430592 -0.897198 -0.0981098 0.776812 -0.62115 -0.103611 0.776748 -0.621217 -0.103693 0.968771 -0.222525 -0.109386 0.968762 -0.22262 -0.109274 0.968779 0.21963 -0.115025 0.968795 0.219528 -0.115079 0.777046 0.617744 -0.120799 0.777104 0.617653 -0.120891 0.431824 0.893032 -0.126574 0.431929 0.892996 -0.126472 0.00166576 0.991217 -0.132238 0.00178202 0.991223 -0.132189 0.000656723 0.998641 -0.0521155 -0.00134271 0.995026 0.0996028 -0.182713 0.982219 -0.043138 -0.188065 0.976359 -0.106557 -0.17385 0.984772 0 -0.183059 0.971665 -0.149523 -0.170249 0.971906 -0.162521 -0.160476 0.976708 -0.14244 -0.160063 0.982611 -0.0941041 -0.169225 0.985182 -0.0279109 -0.181693 0.982401 0.0433032 -0.187574 0.976447 0.10662 -0.182933 0.971688 0.149526 -0.170724 0.971822 0.162526 -0.160228 0.976752 0.142415 -0.160081 0.982609 0.0940987 -0.169816 0.985078 0.0280092 -0.294382 0.9226 -0.249297 -0.246839 0.949342 -0.194473 -0.126501 0.983436 0.12981 -0.0913371 0.981447 0.16858 -0.20258 0.970777 -0.128663 -0.156315 0.984107 0.0842602 -0.217506 0.923467 -0.31607 -0.566239 0.463323 -0.681693 -0.35784 0.707612 -0.609291 -0.192093 0.878024 -0.438377 -0.338019 0.0901029 -0.936816 -0.248313 0.513226 -0.821547 -0.145644 0.868466 -0.473872 0.0745145 0.0307893 -0.996745 -0.0561913 0.475154 -0.878107 -0.111547 0.901783 -0.417546 0.376074 0.314927 -0.87143 0.0880435 0.613851 -0.784497 -0.115655 0.953265 -0.279122 0.346817 0.738158 -0.578654 0.0796666 0.838524 -0.539009 -0.155437 0.984286 -0.08379 -0.00235313 0.984644 -0.17456 -0.0905084 0.981786 -0.167049 -0.201211 0.970967 0.129372 -0.414187 0.868541 0.272186 -0.292345 0.922376 0.252501 -0.21747 0.923461 0.316112 -0.567473 0.464265 0.680024 -0.358529 0.707757 0.608718 -0.192374 0.877979 0.438343 -0.338167 0.0901356 0.936759 -0.248565 0.513265 0.821447 -0.146032 0.868386 0.473898 0.0745304 0.0307925 0.996743 -0.0561606 0.475182 0.878094 -0.111725 0.901742 0.417587 0.376207 0.315047 0.871329 0.0881932 0.613932 0.784417 -0.11604 0.953171 0.279284 0.347 0.738526 0.578075 0.0800185 0.83874 0.538621 -0.289062 0.828452 -0.479698 -0.225994 0.713984 -0.662687 -0.106452 0.69067 -0.715292 -0.0167638 0.774621 -0.632204 -0.0237431 0.904946 -0.424863 -0.125569 0.983681 -0.128853 -0.2452 0.949447 0.196028 -0.289035 0.828449 0.479719 -0.22616 0.713992 0.662621 -0.106505 0.690676 0.715278 -0.0170503 0.77453 0.632307 -0.023784 0.904931 0.424894 </float_array>
          <technique_common>
            <accessor count="99" offset="0" source="#meshId8-tangents-array" stride="3">
              <param name="X" type="float" />
              <param name="Y" type="float" />
              <param name="Z" type="float" />
            </accessor>
          </technique_common>
        </source>
        <source id="meshId8-bitangents" name="meshId8-bitangents">
          <float_array id="meshId8-bitangents-array" count="297"> -0.0364143 0.0466309 0.998248 -0.0575588 0.0298228 0.997896 -0.0581962 0.0292054 0.997878 -0.0824677 0.140594 0.986627 -0.0704277 0.00318473 0.997512 -0.0705496 0.00230995 0.997506 -0.0703316 -0.0289369 0.997104 -0.0700152 -0.029767 0.997101 -0.0552289 -0.0601022 0.996663 -0.0548864 -0.0609531 0.996631 -0.0261944 -0.0833185 0.996179 -0.0254324 -0.0837611 0.996162 0.0125432 -0.0923467 0.995648 0.0134217 -0.0920816 0.995661 0.0538083 -0.0828422 0.995109 0.0546571 -0.0825822 0.995084 0.0888251 -0.0548095 0.994538 0.0894372 -0.0541757 0.994518 0.109438 -0.0121346 0.99392 0.109525 -0.011255 0.99392 0.109365 0.0377969 0.993283 0.109225 0.0386635 0.993265 0.0866545 0.0851009 0.992597 0.0861811 0.0858431 0.992575 0.0436636 0.11947 0.991877 0.0428317 0.119759 0.991879 -0.0124864 0.132248 0.991138 -0.0133607 0.132201 0.991133 -0.0125799 0.0521196 0.998562 -0.013412 -0.0996118 0.994936 -0.972173 -0.173954 0.156904 -0.976904 -0.174749 0.122972 -0.984772 -0.17385 0 -0.982435 -0.175207 0.064216 -0.984735 -0.173864 -0.00818019 -0.981812 -0.172789 -0.0786745 -0.976156 -0.171727 -0.132775 -0.97205 -0.171511 -0.160324 -0.972364 -0.172922 -0.156867 -0.976998 -0.174259 -0.122915 -0.982458 -0.17508 -0.0642089 -0.984653 -0.174333 0.00810267 -0.981852 -0.172541 0.0787114 -0.976155 -0.171743 0.132764 -0.971946 -0.17211 0.160312 -0.534606 0.05725 0.84316 -0.722991 -0.0467881 0.689271 -0.686363 -0.181255 0.70431 -0.467541 -0.191734 0.862927 -0.881022 -0.123318 0.456719 -0.866265 -0.177578 0.46696 -0.930143 -0.0979549 0.35389 -0.539162 0.417362 0.731514 -0.755919 0.163557 0.633906 -0.975681 -0.122809 0.181561 -0.914461 0.203885 0.349562 -0.948714 0.0424526 0.31327 -0.983688 -0.178234 -0.0243152 -0.972081 -0.220767 -0.0794902 -0.979062 -0.19857 -0.0447969 -0.948702 -0.221717 -0.225401 -0.6855 -0.538202 -0.490335 -0.831704 -0.388115 -0.397033 -0.896581 -0.221134 -0.383722 -0.260993 -0.516628 -0.815462 -0.605081 -0.389034 -0.694643 -0.866421 -0.176582 -0.467048 -0.013272 -0.174576 -0.984554 -0.467702 -0.189992 -0.863225 -0.881334 -0.121809 -0.456523 -0.129792 0.239627 -0.96215 -0.535729 0.060755 -0.842201 -0.930152 -0.0979082 -0.353879 -0.537876 0.416298 -0.733066 -0.755611 0.162893 -0.634443 -0.975624 -0.123052 -0.181703 -0.914406 0.203867 -0.349714 -0.94865 0.0423012 -0.313487 -0.98363 -0.17858 0.024128 -0.97208 -0.22077 0.0795065 -0.979066 -0.198549 0.0448264 -0.948676 -0.221891 0.225337 -0.68541 -0.538154 0.490515 -0.831683 -0.388005 0.397183 -0.896528 -0.221543 0.38361 -0.260746 -0.516105 0.815872 -0.605034 -0.38856 0.694949 -0.846782 0.0124657 0.531793 -0.961003 -0.0521117 0.271583 -0.981463 -0.188287 -0.0357417 -0.894615 -0.293993 -0.336499 -0.763603 -0.290713 -0.576538 -0.686534 -0.179919 -0.704486 -0.723556 -0.0446448 -0.68882 -0.846803 0.0124811 -0.53176 -0.960964 -0.0522396 -0.271698 -0.981458 -0.18832 0.0357038 -0.894604 -0.294247 0.336308 -0.763597 -0.290764 0.57652 </float_array>
          <technique_common>
            <accessor count="99" offset="0" source="#meshId8-bitangents-array" stride="3">
              <param name="X" type="float" />
              <param name="Y" type="float" />
              <param name="Z" type="float" />
            </accessor>
          </technique_common>
        </source>
        <source id="meshId8-tex0" name="meshId8-tex0">
          <float_array id="meshId8-tex0-array" count="198"> 0.53522 0.122609 0.53885 0.122824 0.524006 0.36187 0.521715 0.361734 0.542479 0.12306 0.526295 0.362019 0.546107 0.123316 0.528583 0.36218 0.549734 0.123592 0.530871 0.362354 0.553358 0.123888 0.533157 0.362542 0.556981 0.124205 0.535443 0.362741 0.560603 0.124543 0.537727 0.362954 0.564222 0.1249 0.54001 0.36318 0.567839 0.125278 0.542292 0.363418 0.571454 0.125676 0.544572 0.363669 0.575067 0.126094 0.546851 0.363933 0.578677 0.126533 0.549128 0.36421 0.582285 0.126992 0.551404 0.364499 0.531588 0.122414 0.51942 0.361611 0.521051 0.364597 0.52221 0.365232 0.520258 0.367472 0.522989 0.366311 0.523224 0.36762 0.522869 0.3689 0.521994 0.369896 0.520774 0.370413 0.51945 0.370346 0.518287 0.369711 0.517516 0.368632 0.517291 0.367323 0.517656 0.366045 0.518538 0.365048 0.519755 0.364532 0.521571 0.362475 0.521412 0.363167 0.51955 0.363072 0.519474 0.362365 0.521241 0.363861 0.519644 0.36378 0.522707 0.36466 0.52416 0.363017 0.52365 0.363587 0.523689 0.366016 0.525725 0.365176 0.525014 0.365467 0.523986 0.367661 0.526187 0.367789 0.52542 0.367743 0.523538 0.369267 0.525467 0.370339 0.524796 0.369964 0.522438 0.370518 0.523711 0.37232 0.523269 0.371692 0.520904 0.371165 0.521269 0.373342 0.521144 0.372584 0.519241 0.371081 0.518626 0.373201 0.518842 0.372464 0.517781 0.370282 0.516307 0.371925 0.516821 0.371354 0.516812 0.368927 0.514773 0.369767 0.515483 0.369476 0.51653 0.367283 0.514328 0.367155 0.515095 0.367201 0.51699 0.365677 0.515066 0.364606 0.515736 0.364981 0.518104 0.364427 0.516852 0.362626 0.51729 0.363254 0.523177 0.364122 0.524352 0.36574 0.524704 0.3677 0.524169 0.369615 0.522855 0.371105 0.521025 0.371875 0.519043 0.371774 0.517302 0.37082 0.516148 0.369203 0.515811 0.367244 0.516362 0.36533 0.517696 0.363841 </float_array>
          <technique_common>
            <accessor count="99" offset="0" source="#meshId8-tex0-array" stride="2">
              <param name="S" type="float" />
              <param name="T" type="float" />
            </accessor>
          </technique_common>
        </source>
        <vertices id="meshId8-vertices">
          <input semantic="POSITION" source="#meshId8-positions" />
        </vertices>
        <polylist count="154" material="defaultMaterial">
          <input offset="0" semantic="VERTEX" source="#meshId8-vertices" />
          <input offset="0" semantic="NORMAL" source="#meshId8-normals" />
          <input offset="0" semantic="TANGENT" source="#meshId8-tangents" />
          <input offset="0" semantic="BINORMAL" source="#meshId8-bitangents" />
          <input offset="0" semantic="TEXCOORD" source="#meshId8-tex0" set="0" />
          <vcount>3 3 3 3 3 3 3 3 3 3 3 3 3 3 3 3 3 3 3 3 3 3 3 3 3 3 3 3 3 3 3 3 3 3 3 3 3 3 3 3 3 3 3 3 3 3 3 3 3 3 3 3 3 3 3 3 3 3 3 3 3 3 3 3 3 3 3 3 3 3 3 3 3 3 3 3 3 3 3 3 3 3 3 3 3 3 3 3 3 3 3 3 3 3 3 3 3 3 3 3 3 3 3 3 3 3 3 3 3 3 3 3 3 3 3 3 3 3 3 3 3 3 3 3 3 3 3 3 3 3 3 3 3 3 3 3 3 3 3 3 3 3 3 3 3 3 3 3 3 3 3 3 3 3 </vcount>
          <p>3 0 1 1 2 3 2 1 4 4 5 2 5 4 6 6 7 5 7 6 8 8 9 7 9 8 10 10 11 9 11 10 12 12 13 11 13 12 14 14 15 13 15 14 16 16 17 15 17 16 18 18 19 17 19 18 20 20 21 19 21 20 22 22 23 21 23 22 24 24 25 23 25 24 26 26 27 25 29 28 0 0 3 29 30 31 32 31 33 32 33 34 32 34 35 32 35 36 32 36 37 32 37 38 32 38 39 32 39 40 32 40 41 32 41 42 32 42 43 32 43 44 32 44 30 32 48 45 46 46 47 48 47 46 49 49 50 47 29 3 45 45 48 29 50 49 30 30 44 50 31 30 49 49 51 31 53 45 3 3 52 53 33 31 51 51 54 33 56 53 52 52 55 56 34 33 54 54 57 34 59 56 55 55 58 59 35 34 57 57 60 35 62 59 58 58 61 62 36 35 60 60 63 36 65 62 61 61 64 65 37 36 63 63 66 37 68 65 64 64 67 68 38 37 66 66 69 38 71 68 67 67 70 71 39 38 69 69 72 39 74 71 70 70 73 74 40 39 72 72 75 40 77 74 73 73 76 77 41 40 75 75 78 41 80 77 76 76 79 80 42 41 78 78 81 42 83 80 79 79 82 83 43 42 81 81 84 43 86 83 82 82 85 86 44 43 84 84 50 44 48 86 85 85 29 48 51 49 46 46 87 51 87 46 45 45 53 87 54 51 87 87 88 54 88 87 53 53 56 88 57 54 88 88 89 57 89 88 56 56 59 89 60 57 89 89 90 60 90 89 59 59 62 90 63 60 90 90 91 63 91 90 62 62 65 91 66 63 91 91 92 66 92 91 65 65 68 92 69 66 92 92 93 69 93 92 68 68 71 93 72 69 93 93 94 72 94 93 71 71 74 94 75 72 94 94 95 75 95 94 74 74 77 95 78 75 95 95 96 78 96 95 77 77 80 96 81 78 96 96 97 81 97 96 80 80 83 97 84 81 97 97 98 84 98 97 83 83 86 98 86 48 47 47 98 86 98 47 50 50 84 98 </p>
        </polylist>
      </mesh>
    </geometry>
    <geometry id="meshId9" name="meshId9_name" >
      <mesh>
        <source id="meshId9-positions" name="meshId9-positions">
          <float_array id="meshId9-positions-array" count="183"> -0.0160986 0.018903 -0.0109136 -0.0160986 0.0109134 -0.0189031 -0.034635 0.0109136 -0.0189031 -0.034635 0.018903 -0.0109136 -0.0160986 0.0109134 -0.0189031 -0.0160986 -1.23148e-07 -0.0218274 -0.034635 -1.23148e-07 -0.0218274 -0.034635 0.0109136 -0.0189031 -0.0160986 -1.23148e-07 -0.0218274 -0.0160986 -0.0109137 -0.0189031 -0.034635 -0.0109137 -0.0189031 -0.034635 -1.23148e-07 -0.0218274 -0.0160986 -0.0109137 -0.0189031 -0.0160986 -0.0189032 -0.0109136 -0.034635 -0.0189032 -0.0109136 -0.034635 -0.0109137 -0.0189031 -0.0160986 -0.0189032 -0.0109136 -0.0160986 -0.0218275 -0 -0.034635 -0.0218275 -0 -0.034635 -0.0189032 -0.0109136 -0.0160986 -0.0218275 -0 -0.0160986 -0.0189032 0.0109136 -0.034635 -0.0189032 0.0109136 -0.034635 -0.0218275 -0 -0.0160986 -0.0189032 0.0109136 -0.0160986 -0.0109137 0.0189031 -0.034635 -0.0109137 0.0189031 -0.034635 -0.0189032 0.0109136 -0.0160986 -0.0109137 0.0189031 -0.0160986 -1.23148e-07 0.0218274 -0.034635 -1.23148e-07 0.0218274 -0.034635 -0.0109137 0.0189031 -0.0160986 -1.23148e-07 0.0218274 -0.0160986 0.0109134 0.0189031 -0.034635 0.0109136 0.0189031 -0.034635 -1.23148e-07 0.0218274 -0.0160986 0.0109134 0.0189031 -0.0160986 0.018903 0.0109136 -0.034635 0.018903 0.0109136 -0.034635 0.0109136 0.0189031 -0.0160986 0.018903 0.0109136 -0.0160986 0.0218272 -0 -0.034635 0.0218272 -0 -0.034635 0.018903 0.0109136 -0.0160986 0.0218272 -0 -0.0160986 0.018903 -0.0109136 -0.034635 0.018903 -0.0109136 -0.034635 0.0218272 -0 -0.0160986 0.0109134 -0.0189031 -0.0160986 0.018903 -0.0109136 -0.0160986 -1.23148e-07 -0 -0.0160986 -1.23148e-07 -0.0218274 -0.0160986 -0.0109137 -0.0189031 -0.0160986 -0.0189032 -0.0109136 -0.0160986 -0.0218275 -0 -0.0160986 -0.0189032 0.0109136 -0.0160986 -0.0109137 0.0189031 -0.0160986 -1.23148e-07 0.0218274 -0.0160986 0.0109134 0.0189031 -0.0160986 0.018903 0.0109136 -0.0160986 0.0218272 -0 </float_array>
          <technique_common>
            <accessor count="61" offset="0" source="#meshId9-positions-array" stride="3">
              <param name="X" type="float" />
              <param name="Y" type="float" />
              <param name="Z" type="float" />
            </accessor>
          </technique_common>
        </source>
        <source id="meshId9-normals" name="meshId9-normals">
          <float_array id="meshId9-normals-array" count="183"> 2e-06 0.707109 -0.707104 2e-06 0.707109 -0.707104 2e-06 0.707109 -0.707104 2e-06 0.707109 -0.707104 1e-06 0.258816 -0.965927 1e-06 0.258816 -0.965927 1e-06 0.258816 -0.965927 1e-06 0.258816 -0.965927 -1e-06 -0.258823 -0.965925 -1e-06 -0.258823 -0.965925 -1e-06 -0.258823 -0.965925 -1e-06 -0.258823 -0.965925 -2e-06 -0.707094 -0.70712 -2e-06 -0.707094 -0.70712 -2e-06 -0.707094 -0.70712 -2e-06 -0.707094 -0.70712 0 -0.965925 -0.258821 0 -0.965925 -0.258821 0 -0.965925 -0.258821 0 -0.965925 -0.258821 0 -0.965925 0.258821 0 -0.965925 0.258821 0 -0.965925 0.258821 0 -0.965925 0.258821 -2e-06 -0.707095 0.707119 -2e-06 -0.707095 0.707119 -2e-06 -0.707095 0.707119 -2e-06 -0.707095 0.707119 -1e-06 -0.258825 0.965924 -1e-06 -0.258825 0.965924 -1e-06 -0.258825 0.965924 -1e-06 -0.258825 0.965924 1e-06 0.258818 0.965926 1e-06 0.258818 0.965926 1e-06 0.258818 0.965926 1e-06 0.258818 0.965926 2e-06 0.70711 0.707103 2e-06 0.70711 0.707103 2e-06 0.70711 0.707103 2e-06 0.70711 0.707103 0 0.965926 0.25882 0 0.965926 0.25882 0 0.965926 0.25882 0 0.965926 0.25882 0 0.965926 -0.25882 0 0.965926 -0.25882 0 0.965926 -0.25882 0 0.965926 -0.25882 1 -4e-06 -1e-06 1 0 -1e-06 1 -1e-06 0 1 0 0 1 -0 0 1 -4e-06 0 1 0 0 1 0 0 1 4e-06 0 1 4e-06 0 1 -6e-06 1e-06 1 -6e-06 1e-06 1 0 0 </float_array>
          <technique_common>
            <accessor count="61" offset="0" source="#meshId9-normals-array" stride="3">
              <param name="X" type="float" />
              <param name="Y" type="float" />
              <param name="Z" type="float" />
            </accessor>
          </technique_common>
        </source>
        <source id="meshId9-tangents" name="meshId9-tangents">
          <float_array id="meshId9-tangents-array" count="183"> -0.530088 0.599585 0.599587 -0.530071 0.599592 0.599595 -0.530039 0.599606 0.599609 -0.530056 0.599599 0.599602 -0.530128 0.819027 0.219454 -0.530126 0.819028 0.219454 -0.530123 0.81903 0.219455 -0.530124 0.819028 0.219455 -0.530047 0.819074 -0.219473 -0.530047 0.819074 -0.219473 -0.530047 0.819074 -0.219473 -0.530047 0.819074 -0.219473 -0.530123 0.599582 -0.599559 -0.530123 0.599582 -0.599559 -0.530123 0.599582 -0.599559 -0.530123 0.599582 -0.599559 -0.530049 0.219472 -0.819073 -0.530066 0.219469 -0.819062 -0.530099 0.219464 -0.819043 -0.530081 0.219467 -0.819053 -0.530099 -0.219464 -0.819043 -0.530081 -0.219467 -0.819053 -0.530049 -0.219472 -0.819073 -0.530066 -0.219469 -0.819062 -0.530038 -0.599617 -0.599599 -0.530056 -0.599609 -0.599591 -0.530091 -0.599594 -0.599575 -0.530072 -0.599602 -0.599584 -0.530099 -0.819041 -0.219467 -0.530081 -0.819052 -0.21947 -0.530047 -0.819073 -0.219476 -0.530065 -0.819062 -0.219473 -0.530051 -0.819072 0.219469 -0.530067 -0.819062 0.219467 -0.530098 -0.819043 0.219462 -0.530082 -0.819054 0.219464 -0.53009 -0.599581 0.599589 -0.530072 -0.599589 0.599597 -0.530038 -0.599604 0.599612 -0.530056 -0.599596 0.599604 -0.530102 -0.219462 0.819041 -0.530083 -0.219465 0.819052 -0.530049 -0.219471 0.819073 -0.530067 -0.219468 0.819062 -0.530049 0.219471 0.819073 -0.530067 0.219468 0.819062 -0.530102 0.219462 0.819041 -0.530083 0.219465 0.819052 1.73282e-06 0.187645 0.982237 9.82235e-07 0.187656 0.982235 1.87622e-07 0.187622 0.982241 0 0.187631 0.98224 0 0.18765 0.982236 7.50553e-07 0.187638 0.982238 0 0.187543 0.982256 0 0.187536 0.982258 -7.5051e-07 0.187628 0.98224 -7.50567e-07 0.187642 0.982238 1.43601e-07 0.18764 0.982238 1.43543e-07 0.18763 0.98224 0 0.187628 0.98224 </float_array>
          <technique_common>
            <accessor count="61" offset="0" source="#meshId9-tangents-array" stride="3">
              <param name="X" type="float" />
              <param name="Y" type="float" />
              <param name="Z" type="float" />
            </accessor>
          </technique_common>
        </source>
        <source id="meshId9-bitangents" name="meshId9-bitangents">
          <float_array id="meshId9-bitangents-array" count="183"> 0.847942 0.374826 0.374831 0.847953 0.374814 0.374819 0.847973 0.374791 0.374796 0.847962 0.374803 0.374808 0.847918 0.512064 0.137206 0.847919 0.512063 0.137206 0.847921 0.51206 0.137205 0.84792 0.512061 0.137206 0.847969 0.511985 -0.137189 0.847969 0.511985 -0.137189 0.847969 0.511985 -0.137189 0.847969 0.511985 -0.137189 0.847921 0.37486 -0.374848 0.847921 0.374859 -0.374848 0.847921 0.37486 -0.374848 0.847921 0.374859 -0.374848 0.847967 0.137188 -0.511988 0.847956 0.137192 -0.512004 0.847936 0.137201 -0.512035 0.847947 0.137196 -0.512019 0.847936 -0.137201 -0.512035 0.847947 -0.137196 -0.512019 0.847967 -0.137188 -0.511988 0.847956 -0.137192 -0.512004 0.847974 -0.374801 -0.374786 0.847963 -0.374814 -0.374799 0.847941 -0.374838 -0.374823 0.847953 -0.374825 -0.37481 0.847935 -0.512036 -0.137202 0.847947 -0.512018 -0.137197 0.847968 -0.511985 -0.137188 0.847957 -0.512003 -0.137193 0.847966 -0.51199 0.137186 0.847955 -0.512006 0.13719 0.847936 -0.512036 0.137198 0.847946 -0.51202 0.137194 0.847941 -0.37483 0.374831 0.847952 -0.374817 0.374818 0.847974 -0.374793 0.374794 0.847962 -0.374805 0.374807 0.847934 -0.137201 0.512039 0.847946 -0.137196 0.512021 0.847967 -0.137187 0.511988 0.847956 -0.137192 0.512006 0.847967 0.137187 0.511988 0.847956 0.137192 0.512006 0.847934 0.137201 0.512039 0.847946 0.137196 0.512021 -3.7413e-06 -0.982237 0.187645 1.87656e-07 -0.982235 0.187656 -9.82241e-07 -0.982241 0.187622 0 -0.98224 0.187631 -0 -0.982236 0.18765 -3.92895e-06 -0.982238 0.187638 0 -0.982256 0.187543 0 -0.982258 0.187536 3.92896e-06 -0.98224 0.187628 3.92895e-06 -0.982238 0.187642 -6.08107e-06 -0.982238 0.18764 -6.08107e-06 -0.98224 0.18763 0 -0.98224 0.187628 </float_array>
          <technique_common>
            <accessor count="61" offset="0" source="#meshId9-bitangents-array" stride="3">
              <param name="X" type="float" />
              <param name="Y" type="float" />
              <param name="Z" type="float" />
            </accessor>
          </technique_common>
        </source>
        <source id="meshId9-tex0" name="meshId9-tex0">
          <float_array id="meshId9-tex0-array" count="122"> 0.174493 0.943986 0.171413 0.939451 0.188933 0.927551 0.192013 0.932085 0.171413 0.939451 0.168333 0.934916 0.185853 0.923016 0.188933 0.927551 0.168333 0.934916 0.165253 0.930382 0.182773 0.918482 0.185853 0.923016 0.165253 0.930382 0.162173 0.925847 0.179693 0.913947 0.182773 0.918482 0.162173 0.925847 0.159093 0.921313 0.176613 0.909412 0.179693 0.913947 0.159093 0.921313 0.156013 0.916778 0.173533 0.904878 0.176613 0.909412 0.156013 0.916778 0.152933 0.912244 0.170453 0.900343 0.173533 0.904878 0.152933 0.912244 0.149853 0.907709 0.167373 0.895809 0.170453 0.900343 0.149853 0.907709 0.146773 0.903175 0.164293 0.891274 0.167373 0.895809 0.146773 0.903175 0.143693 0.89864 0.161213 0.88674 0.164293 0.891274 0.180654 0.953055 0.177573 0.94852 0.195093 0.93662 0.198173 0.941154 0.177573 0.94852 0.174493 0.943986 0.192013 0.932085 0.195093 0.93662 0.128757 0.899733 0.133291 0.896653 0.136771 0.906655 0.12637 0.904668 0.12677 0.910135 0.12985 0.91467 0.134785 0.917057 0.140252 0.916656 0.144786 0.913576 0.147173 0.908642 0.146773 0.903175 0.143693 0.89864 0.138758 0.896253 </float_array>
          <technique_common>
            <accessor count="61" offset="0" source="#meshId9-tex0-array" stride="2">
              <param name="S" type="float" />
              <param name="T" type="float" />
            </accessor>
          </technique_common>
        </source>
        <vertices id="meshId9-vertices">
          <input semantic="POSITION" source="#meshId9-positions" />
        </vertices>
        <polylist count="36" material="defaultMaterial">
          <input offset="0" semantic="VERTEX" source="#meshId9-vertices" />
          <input offset="0" semantic="NORMAL" source="#meshId9-normals" />
          <input offset="0" semantic="TANGENT" source="#meshId9-tangents" />
          <input offset="0" semantic="BINORMAL" source="#meshId9-bitangents" />
          <input offset="0" semantic="TEXCOORD" source="#meshId9-tex0" set="0" />
          <vcount>3 3 3 3 3 3 3 3 3 3 3 3 3 3 3 3 3 3 3 3 3 3 3 3 3 3 3 3 3 3 3 3 3 3 3 3 </vcount>
          <p>3 0 1 1 2 3 7 4 5 5 6 7 11 8 9 9 10 11 15 12 13 13 14 15 19 16 17 17 18 19 23 20 21 21 22 23 27 24 25 25 26 27 31 28 29 29 30 31 35 32 33 33 34 35 39 36 37 37 38 39 43 40 41 41 42 43 47 44 45 45 46 47 48 49 50 51 48 50 52 51 50 53 52 50 54 53 50 55 54 50 56 55 50 57 56 50 58 57 50 59 58 50 60 59 50 49 60 50 </p>
        </polylist>
      </mesh>
    </geometry>
    <geometry id="meshId10" name="meshId10_name" >
      <mesh>
        <source id="meshId10-positions" name="meshId10-positions">
          <float_array id="meshId10-positions-array" count="297"> 0.0156248 0.764247 -0.324311 0.0128986 0.762907 -0.327456 0.00677265 0.765918 -0.320389 0.00895932 0.762163 -0.329201 0.00458646 0.762163 -0.329201 0.000646958 0.762907 -0.327456 -0.00207948 0.764247 -0.324311 -0.0030521 0.765918 -0.320389 -0.00207948 0.767589 -0.316467 0.000646958 0.768928 -0.313322 0.00458646 0.769672 -0.311577 0.00895932 0.769672 -0.311577 0.0128986 0.768928 -0.313322 0.0156248 0.767589 -0.316467 0.0165979 0.765918 -0.320389 0.0207099 0.760137 -0.325221 0.019508 0.761826 -0.325312 0.0209077 0.76423 -0.31967 0.0222416 0.762768 -0.319047 0.0177239 0.763138 -0.324937 0.0189279 0.765205 -0.320085 0.0215973 0.758244 -0.32488 0.0232269 0.761042 -0.318312 0.0143515 0.761481 -0.328828 0.0170317 0.756 -0.330146 0.0164176 0.758027 -0.330173 0.00947765 0.760561 -0.330987 0.0104343 0.754755 -0.333069 0.0102152 0.756856 -0.332921 0.00406813 0.760561 -0.330987 0.00311158 0.754755 -0.333069 0.00333054 0.756856 -0.332921 -0.000805757 0.761481 -0.328828 -0.00348595 0.756 -0.330146 -0.00287181 0.758027 -0.330173 -0.0041786 0.763138 -0.324937 -0.00805203 0.758244 -0.32488 -0.00716463 0.760137 -0.325221 -0.00538212 0.765205 -0.320085 -0.00968109 0.761042 -0.318312 -0.0086961 0.762768 -0.319047 -0.0041786 0.767272 -0.315234 -0.00805203 0.76384 -0.311744 -0.00716463 0.765398 -0.312872 -0.000805757 0.76893 -0.311343 -0.00348595 0.766084 -0.306477 -0.00287181 0.767508 -0.307921 0.00406813 0.76985 -0.309183 0.00311158 0.767329 -0.303554 0.00333054 0.768679 -0.305172 0.00947765 0.76985 -0.309183 0.0104343 0.767329 -0.303554 0.0102152 0.768679 -0.305172 0.0143515 0.76893 -0.311343 0.0170317 0.766084 -0.306477 0.0164176 0.767508 -0.307921 0.0177239 0.767272 -0.315234 0.0215973 0.76384 -0.311744 0.0207099 0.765398 -0.312872 0.0155857 0.759899 -0.329837 0.00991822 0.758829 -0.332348 0.00362757 0.758829 -0.332348 -0.00203995 0.759899 -0.329837 -0.0059627 0.761826 -0.325312 -0.00736191 0.76423 -0.31967 -0.0059627 0.766634 -0.314028 -0.00203995 0.768562 -0.309503 0.00362757 0.769632 -0.306992 0.00991822 0.769632 -0.306992 0.0155857 0.768562 -0.309503 0.019508 0.766634 -0.314028 0.0296875 0.220953 -0.0762125 0.0322061 0.216627 -0.0863647 0.0232269 0.761042 -0.318312 0.0215973 0.76384 -0.311744 0.0226303 0.224421 -0.0680711 0.0170317 0.766084 -0.306477 0.0124324 0.226346 -0.0635529 0.0104343 0.767329 -0.303554 0.00111313 0.226346 -0.0635529 0.00311158 0.767329 -0.303554 -0.00908506 0.224421 -0.0680711 -0.00348595 0.766084 -0.306477 -0.0161425 0.220953 -0.0762125 -0.00805203 0.76384 -0.311744 -0.0186608 0.216627 -0.0863647 -0.00968109 0.761042 -0.318312 -0.0161425 0.212302 -0.0965172 -0.00805203 0.758244 -0.32488 -0.00908506 0.208833 -0.104659 -0.00348595 0.756 -0.330146 0.00111313 0.206908 -0.109177 0.00311158 0.754755 -0.333069 0.0124324 0.206908 -0.109177 0.0104343 0.754755 -0.333069 0.0226303 0.208833 -0.104659 0.0170317 0.756 -0.330146 0.0296875 0.212302 -0.0965172 0.0322061 0.216627 -0.0863647 </float_array>
          <technique_common>
            <accessor count="99" offset="0" source="#meshId10-positions-array" stride="3">
              <param name="X" type="float" />
              <param name="Y" type="float" />
              <param name="Z" type="float" />
            </accessor>
          </technique_common>
        </source>
        <source id="meshId10-normals" name="meshId10-normals">
          <float_array id="meshId10-normals-array" count="297"> 0.122401 0.88835 -0.442551 0.084709 0.869823 -0.486038 0 0.919983 -0.391959 0.030235 0.859541 -0.510171 -0.030238 0.859548 -0.51016 -0.084712 0.869831 -0.486024 -0.122412 0.88835 -0.44255 -0.135853 0.91145 -0.388333 -0.122411 0.93456 -0.334086 -0.084714 0.953094 -0.290578 -0.030239 0.963376 -0.266444 0.030236 0.963376 -0.266445 0.084713 0.953088 -0.290597 0.122402 0.934556 -0.3341 0.135859 0.911452 -0.388327 0.755033 0.359468 -0.548368 0.585313 0.588914 -0.557305 0.649652 0.6994 -0.297979 0.838018 0.501986 -0.213861 0.368325 0.770069 -0.520894 0.408798 0.839597 -0.357716 0.900853 -0.155027 -0.405501 0.999867 0.015013 -0.006396 0.254905 0.714317 -0.651748 0.623417 -0.29139 -0.725564 0.522504 0.245177 -0.816626 0.090972 0.683378 -0.724375 0.222488 -0.367068 -0.903195 0.186475 0.181753 -0.965501 -0.090974 0.683391 -0.724362 -0.222487 -0.367067 -0.903195 -0.186476 0.181757 -0.9655 -0.254894 0.714322 -0.651746 -0.623404 -0.291393 -0.725574 -0.522475 0.245165 -0.816648 -0.368318 0.770067 -0.520901 -0.900853 -0.155027 -0.405501 -0.755027 0.359461 -0.548382 -0.408802 0.839596 -0.357714 -0.999867 0.015011 -0.006396 -0.838021 0.50198 -0.21386 -0.368318 0.909124 -0.19451 -0.900853 0.185049 0.392709 -0.755024 0.644503 0.120644 -0.254894 0.964874 -0.063624 -0.623403 0.321418 0.712782 -0.522484 0.758797 0.388892 -0.090977 0.995813 0.008981 -0.222488 0.397093 0.890402 -0.186479 0.82223 0.53774 0.090967 0.995813 0.008981 0.222489 0.397093 0.890402 0.186479 0.822229 0.537741 0.254895 0.964872 -0.063644 0.623417 0.321414 0.712773 0.522504 0.758788 0.388885 0.368315 0.909123 -0.194524 0.900853 0.185051 0.39271 0.755033 0.644491 0.120651 0.405058 0.500296 -0.765266 0.144563 0.451133 -0.88067 -0.144563 0.451137 -0.880669 -0.405038 0.500289 -0.765281 -0.585306 0.588905 -0.557322 -0.649652 0.699398 -0.297984 -0.585313 0.809886 -0.038647 -0.405047 0.89848 0.169325 -0.144568 0.947651 0.284707 0.144566 0.94765 0.284712 0.405064 0.898472 0.169326 0.585322 0.80988 -0.038638 0.900869 0.184001 0.393166 0.999885 0.013959 -0.005947 0.999867 0.015013 -0.006396 0.900853 0.185051 0.39271 0.623429 0.320366 0.713234 0.623417 0.321414 0.712773 0.222494 0.396046 0.890867 0.222489 0.397093 0.890402 -0.222493 0.396046 0.890867 -0.222488 0.397093 0.890402 -0.623416 0.320369 0.713243 -0.623403 0.321418 0.712782 -0.900869 0.183999 0.393166 -0.900853 0.185049 0.392709 -0.999885 0.013958 -0.005947 -0.999867 0.015011 -0.006396 -0.900869 -0.156084 -0.40506 -0.900853 -0.155027 -0.405501 -0.623415 -0.292451 -0.725138 -0.623404 -0.291393 -0.725574 -0.222491 -0.368127 -0.902762 -0.222487 -0.367067 -0.903195 0.222493 -0.368128 -0.902762 0.222488 -0.367068 -0.903195 0.623428 -0.292449 -0.725128 0.623417 -0.29139 -0.725564 0.900869 -0.156084 -0.40506 0.999885 0.013959 -0.005947 </float_array>
          <technique_common>
            <accessor count="99" offset="0" source="#meshId10-normals-array" stride="3">
              <param name="X" type="float" />
              <param name="Y" type="float" />
              <param name="Z" type="float" />
            </accessor>
          </technique_common>
        </source>
        <source id="meshId10-tangents" name="meshId10-tangents">
          <float_array id="meshId10-tangents-array" count="297"> -0.183098 -0.418038 -0.889786 -0.18942 -0.464838 -0.864896 -0.173788 -0.385995 -0.905984 -0.184592 -0.496824 -0.847993 -0.171276 -0.5073 -0.844577 -0.159973 -0.493322 -0.85501 -0.159098 -0.457701 -0.874756 -0.169016 -0.407543 -0.897409 -0.182327 -0.352064 -0.918046 -0.189553 -0.301716 -0.934365 -0.184742 -0.26736 -0.945721 -0.171443 -0.257618 -0.950916 -0.15998 -0.274852 -0.948084 -0.159294 -0.313768 -0.936042 -0.169687 -0.364762 -0.915508 -0.296035 -0.559349 -0.774269 -0.247673 -0.52463 -0.814507 -0.127134 -0.28649 -0.949611 -0.0925581 -0.255483 -0.962373 -0.202326 -0.480461 -0.853359 -0.156769 -0.321534 -0.93383 -0.427711 -0.476917 -0.767863 -0.00139287 -0.311996 -0.950082 -0.220886 -0.613177 -0.758434 -0.611836 -0.759587 -0.220646 -0.378691 -0.791386 -0.479898 -0.19862 -0.700326 -0.685634 -0.398696 -0.879664 0.259293 -0.278158 -0.932762 -0.229313 -0.150812 -0.728443 -0.668301 0.0850316 -0.930191 0.357092 -0.0642583 -0.98289 -0.17262 -0.114939 -0.691613 -0.713064 0.426449 -0.904506 -0.00314632 0.0969556 -0.934477 -0.342568 -0.117813 -0.594433 -0.795468 0.36503 -0.776089 -0.514237 0.0816113 -0.778316 -0.622546 -0.156034 -0.450492 -0.879039 -0.00241915 -0.524035 -0.851694 -0.0916982 -0.515938 -0.851704 -0.201159 -0.282191 -0.938032 -0.418732 -0.131639 -0.898518 -0.294298 -0.168674 -0.940711 -0.220146 -0.121974 -0.967811 -0.612017 0.36676 -0.700659 -0.379425 0.20154 -0.903005 -0.198677 -0.00931247 -0.980021 -0.397587 0.796943 -0.45476 -0.277708 0.480905 -0.83163 -0.150822 0.0226908 -0.9883 0.0864349 0.901663 -0.423713 -0.0636254 0.5563 -0.828542 -0.114809 -0.0351543 -0.992765 0.427362 0.623314 -0.65486 0.0971628 0.400137 -0.91129 -0.117729 -0.161941 -0.979753 0.36517 0.166189 -0.915987 0.081825 0.0899548 -0.992579 -0.298762 -0.71863 -0.627943 -0.242385 -0.846759 -0.473549 -0.115432 -0.89163 -0.437804 -0.0177208 -0.841152 -0.540509 -0.0252623 -0.700274 -0.713427 -0.126276 -0.485794 -0.864904 -0.245804 -0.222663 -0.943399 -0.299029 0.0448293 -0.953191 -0.242739 0.244972 -0.938651 -0.115429 0.301921 -0.946319 -0.0181462 0.193064 -0.981018 -0.0252939 -0.0293918 -0.999248 0.432904 -0.44776 -0.782371 0.00168819 -0.491864 -0.87067 0.00181478 -0.491814 -0.870698 0.433014 -0.447708 -0.782341 0.778819 -0.33509 -0.530242 0.778894 -0.33501 -0.530181 0.970773 -0.174335 -0.164947 0.970796 -0.174303 -0.164843 0.970573 0.0036446 0.240779 0.970545 0.00363689 0.240892 0.778107 0.164569 0.606191 0.778044 0.164574 0.60627 0.431324 0.277315 0.85852 0.431238 0.277314 0.858563 -0.00116373 0.320259 0.947329 -0.00124945 0.320399 0.947282 -0.433737 0.285928 0.854469 -0.43381 0.285914 0.854437 -0.780703 0.181727 0.597894 -0.780755 0.181789 0.597808 -0.973242 0.0293253 0.227903 -0.973254 0.0292347 0.227864 -0.973118 -0.140351 -0.1826 -0.973104 -0.140372 -0.18266 -0.78023 -0.29292 -0.552666 -0.780199 -0.292811 -0.552766 -0.432718 -0.397062 -0.80938 0.000640427 -0.430419 -0.902629 </float_array>
          <technique_common>
            <accessor count="99" offset="0" source="#meshId10-tangents-array" stride="3">
              <param name="X" type="float" />
              <param name="Y" type="float" />
              <param name="Z" type="float" />
            </accessor>
          </technique_common>
        </source>
        <source id="meshId10-bitangents" name="meshId10-bitangents">
          <float_array id="meshId10-bitangents-array" count="297"> -0.975445 0.189941 0.111487 -0.978236 0.16533 0.125386 -0.984784 0.0681176 0.159882 -0.98235 0.119813 0.143643 -0.984759 0.0618399 0.16256 -0.983481 0.00532101 0.18094 -0.979645 -0.0366717 0.197363 -0.976206 -0.0562813 0.209415 -0.975588 -0.0514658 0.213492 -0.978209 -0.0240738 0.206222 -0.982322 0.0206257 0.186061 -0.98473 0.074432 0.157375 -0.983478 0.126805 0.129192 -0.979614 0.167794 0.110463 -0.976089 0.190274 0.105105 -0.585054 0.746934 -0.315912 -0.772053 0.614771 -0.161215 -0.749526 0.6548 -0.0972018 -0.537736 0.82628 -0.167636 -0.907414 0.419704 -0.0211606 -0.899059 0.437827 0.000180468 -0.0743509 0.865169 -0.495939 -0.0162591 0.949965 -0.311933 -0.9414 0.337291 0.00148097 -0.486835 0.581481 -0.651822 -0.763926 0.559997 -0.320656 -0.975846 0.206249 0.0720223 -0.889686 0.302411 -0.342063 -0.94226 0.311322 -0.123381 -0.984367 0.0484445 0.169333 -0.97122 0.0026482 0.238168 -0.980355 0.0298519 0.194965 -0.960113 -0.106845 0.258391 -0.65537 -0.311381 0.688137 -0.847124 -0.258162 0.464471 -0.922205 -0.231616 0.309664 -0.234984 -0.611272 0.755731 -0.650596 -0.514793 0.558314 -0.899185 -0.303538 0.315168 -0.0161365 -0.851565 0.524001 -0.537877 -0.694135 0.478397 -0.907676 -0.306366 0.286815 -0.114574 -0.973872 0.196073 -0.585942 -0.745765 0.317029 -0.941576 -0.232683 0.243503 -0.486624 -0.873028 -0.0319257 -0.763575 -0.619361 0.182605 -0.975834 -0.0909437 0.198692 -0.890182 -0.45519 -0.0194315 -0.942393 -0.304416 0.138661 -0.984366 0.0885482 0.152255 -0.971096 0.171233 0.166287 -0.980397 0.120292 0.156053 -0.960129 0.260358 0.101815 -0.654763 0.712863 0.251224 -0.847083 0.513938 0.135347 -0.922217 0.383759 0.0473848 -0.234768 0.968576 0.0821366 -0.650561 0.759302 0.0151834 -0.8641 0.482985 -0.141618 -0.959349 0.281919 -0.0130621 -0.98274 0.0383668 0.180972 -0.914128 -0.205365 0.349564 -0.810419 -0.403494 0.424752 -0.749671 -0.524258 0.403914 -0.772651 -0.542684 0.329401 -0.864013 -0.43672 0.250514 -0.959259 -0.204808 0.194617 -0.98274 0.103942 0.153033 -0.914108 0.394303 0.094507 -0.810407 0.585859 0.00328137 0.0320869 0.875017 -0.483028 -0.0150788 0.87056 -0.491831 -0.0162174 0.870571 -0.491776 0.0310465 0.874823 -0.483449 0.0691257 0.886048 -0.458412 0.0683783 0.885699 -0.459198 0.0899829 0.901529 -0.423259 0.089742 0.901075 -0.424277 0.0921128 0.918223 -0.385202 0.0924181 0.917771 -0.386206 0.0768271 0.932888 -0.351876 0.0775609 0.932526 -0.352673 0.0489359 0.942996 -0.329188 0.0499725 0.94279 -0.329619 0.0151274 0.947227 -0.320206 0.0162689 0.947164 -0.320338 -0.0175509 0.945454 -0.325283 -0.0165223 0.945632 -0.324819 -0.0430776 0.938854 -0.341609 -0.0422956 0.939171 -0.340835 -0.0574235 0.929312 -0.364801 -0.0572366 0.929735 -0.363754 -0.0594835 0.919121 -0.389459 -0.0597344 0.919542 -0.388426 -0.0507777 0.910314 -0.410792 -0.0513829 0.910688 -0.409886 -0.0345026 0.904423 -0.425241 -0.0151595 0.902521 -0.430378 </float_array>
          <technique_common>
            <accessor count="99" offset="0" source="#meshId10-bitangents-array" stride="3">
              <param name="X" type="float" />
              <param name="Y" type="float" />
              <param name="Z" type="float" />
            </accessor>
          </technique_common>
        </source>
        <source id="meshId10-tex0" name="meshId10-tex0">
          <float_array id="meshId10-tex0-array" count="198"> 0.719605 0.517507 0.720765 0.518143 0.718812 0.520382 0.721543 0.519222 0.721779 0.520531 0.721423 0.52181 0.720548 0.522807 0.719328 0.523323 0.718005 0.523257 0.716842 0.522621 0.716071 0.521542 0.715845 0.520234 0.71621 0.518955 0.717093 0.517959 0.71831 0.517442 0.720125 0.515385 0.719966 0.516078 0.718104 0.515982 0.718028 0.515275 0.719795 0.516771 0.718198 0.51669 0.72027 0.514645 0.717974 0.514521 0.721262 0.517571 0.722714 0.515927 0.722204 0.516498 0.722244 0.518927 0.724279 0.518086 0.723569 0.518377 0.72254 0.520571 0.724741 0.520699 0.723975 0.520653 0.722093 0.522177 0.724021 0.523249 0.72335 0.522875 0.720992 0.523428 0.722265 0.525231 0.721823 0.524603 0.719458 0.524076 0.719823 0.526252 0.719698 0.525494 0.717796 0.523992 0.71718 0.526111 0.717396 0.525374 0.716335 0.523193 0.714861 0.524835 0.715375 0.524265 0.715367 0.521837 0.713327 0.522677 0.714037 0.522387 0.715084 0.520194 0.712883 0.520065 0.713649 0.520112 0.715544 0.518588 0.713621 0.517516 0.71429 0.517891 0.716659 0.517338 0.715407 0.515536 0.715844 0.516164 0.721731 0.517032 0.722906 0.51865 0.723258 0.520611 0.722723 0.522525 0.721409 0.524015 0.71958 0.524786 0.717597 0.524684 0.715856 0.52373 0.714702 0.522114 0.714366 0.520154 0.714917 0.51824 0.71625 0.516751 0.775235 0.295497 0.778753 0.295945 0.749959 0.517409 0.747683 0.51712 0.771715 0.29507 0.745405 0.516843 0.768193 0.294662 0.743127 0.51658 0.764668 0.294274 0.740846 0.516328 0.761141 0.293905 0.738564 0.51609 0.757612 0.293557 0.736281 0.515864 0.754081 0.293228 0.733997 0.515652 0.750548 0.292919 0.731712 0.515452 0.747014 0.29263 0.729425 0.515265 0.743478 0.29236 0.727138 0.515091 0.73994 0.292111 0.724849 0.514929 0.736402 0.291881 0.72256 0.514781 0.732862 0.291671 0.72932 0.291481 </float_array>
          <technique_common>
            <accessor count="99" offset="0" source="#meshId10-tex0-array" stride="2">
              <param name="S" type="float" />
              <param name="T" type="float" />
            </accessor>
          </technique_common>
        </source>
        <vertices id="meshId10-vertices">
          <input semantic="POSITION" source="#meshId10-positions" />
        </vertices>
        <polylist count="154" material="defaultMaterial">
          <input offset="0" semantic="VERTEX" source="#meshId10-vertices" />
          <input offset="0" semantic="NORMAL" source="#meshId10-normals" />
          <input offset="0" semantic="TANGENT" source="#meshId10-tangents" />
          <input offset="0" semantic="BINORMAL" source="#meshId10-bitangents" />
          <input offset="0" semantic="TEXCOORD" source="#meshId10-tex0" set="0" />
          <vcount>3 3 3 3 3 3 3 3 3 3 3 3 3 3 3 3 3 3 3 3 3 3 3 3 3 3 3 3 3 3 3 3 3 3 3 3 3 3 3 3 3 3 3 3 3 3 3 3 3 3 3 3 3 3 3 3 3 3 3 3 3 3 3 3 3 3 3 3 3 3 3 3 3 3 3 3 3 3 3 3 3 3 3 3 3 3 3 3 3 3 3 3 3 3 3 3 3 3 3 3 3 3 3 3 3 3 3 3 3 3 3 3 3 3 3 3 3 3 3 3 3 3 3 3 3 3 3 3 3 3 3 3 3 3 3 3 3 3 3 3 3 3 3 3 3 3 3 3 3 3 3 3 3 3 </vcount>
          <p>0 1 2 1 3 2 3 4 2 4 5 2 5 6 2 6 7 2 7 8 2 8 9 2 9 10 2 10 11 2 11 12 2 12 13 2 13 14 2 14 0 2 18 15 16 16 17 18 17 16 19 19 20 17 22 21 15 15 18 22 20 19 0 0 14 20 1 0 19 19 23 1 25 15 21 21 24 25 3 1 23 23 26 3 28 25 24 24 27 28 4 3 26 26 29 4 31 28 27 27 30 31 5 4 29 29 32 5 34 31 30 30 33 34 6 5 32 32 35 6 37 34 33 33 36 37 7 6 35 35 38 7 40 37 36 36 39 40 8 7 38 38 41 8 43 40 39 39 42 43 9 8 41 41 44 9 46 43 42 42 45 46 10 9 44 44 47 10 49 46 45 45 48 49 11 10 47 47 50 11 52 49 48 48 51 52 12 11 50 50 53 12 55 52 51 51 54 55 13 12 53 53 56 13 58 55 54 54 57 58 14 13 56 56 20 14 18 58 57 57 22 18 23 19 16 16 59 23 59 16 15 15 25 59 26 23 59 59 60 26 60 59 25 25 28 60 29 26 60 60 61 29 61 60 28 28 31 61 32 29 61 61 62 32 62 61 31 31 34 62 35 32 62 62 63 35 63 62 34 34 37 63 38 35 63 63 64 38 64 63 37 37 40 64 41 38 64 64 65 41 65 64 40 40 43 65 44 41 65 65 66 44 66 65 43 43 46 66 47 44 66 66 67 47 67 66 46 46 49 67 50 47 67 67 68 50 68 67 49 49 52 68 53 50 68 68 69 53 69 68 52 52 55 69 56 53 69 69 70 56 70 69 55 55 58 70 58 18 17 17 70 58 70 17 20 20 56 70 74 71 72 72 73 74 76 75 71 71 74 76 78 77 75 75 76 78 80 79 77 77 78 80 82 81 79 79 80 82 84 83 81 81 82 84 86 85 83 83 84 86 88 87 85 85 86 88 90 89 87 87 88 90 92 91 89 89 90 92 94 93 91 91 92 94 96 95 93 93 94 96 21 97 95 95 96 21 22 98 97 97 21 22 </p>
        </polylist>
      </mesh>
    </geometry>
    <geometry id="meshId11" name="meshId11_name" >
      <mesh>
        <source id="meshId11-positions" name="meshId11-positions">
          <float_array id="meshId11-positions-array" count="60"> -0.0274915 0.100835 0.13312 -0.0274915 0.0957533 0.136966 -0.0274915 -0.00204216 0.0158086 -0.0274915 0.0107787 0.00610346 -0.0329942 0.100835 0.13312 -0.0329942 0.0107787 0.00610346 -0.0329942 -0.00204216 0.0158086 -0.0329942 0.0957533 0.136966 -0.0329942 0.100835 0.13312 -0.0329942 0.0957533 0.136966 -0.0274915 0.0957533 0.136966 -0.0274915 0.100835 0.13312 -0.0329942 0.0957533 0.136966 -0.0329942 -0.00204216 0.0158086 -0.0274915 -0.00204216 0.0158086 -0.0274915 0.0957533 0.136966 -0.0329942 0.0107787 0.00610346 -0.0329942 0.100835 0.13312 -0.0274915 0.100835 0.13312 -0.0274915 0.0107787 0.00610346 </float_array>
          <technique_common>
            <accessor count="20" offset="0" source="#meshId11-positions-array" stride="3">
              <param name="X" type="float" />
              <param name="Y" type="float" />
              <param name="Z" type="float" />
            </accessor>
          </technique_common>
        </source>
        <source id="meshId11-normals" name="meshId11-normals">
          <float_array id="meshId11-normals-array" count="60"> 1 0 0 1 0 0 1 0 0 1 0 0 -1 1e-06 0 -1 1e-06 0 -1 1e-06 0 -1 1e-06 0 0 0.603509 0.797356 0 0.603509 0.797356 0 0.603509 0.797356 0 0.603509 0.797356 0 -0.778135 0.628097 0 -0.778135 0.628097 0 -0.778135 0.628097 0 -0.778135 0.628097 0 0.815763 -0.578386 0 0.815763 -0.578386 0 0.815763 -0.578386 0 0.815763 -0.578386 </float_array>
          <technique_common>
            <accessor count="20" offset="0" source="#meshId11-normals-array" stride="3">
              <param name="X" type="float" />
              <param name="Y" type="float" />
              <param name="Z" type="float" />
            </accessor>
          </technique_common>
        </source>
        <source id="meshId11-tangents" name="meshId11-tangents">
          <float_array id="meshId11-tangents-array" count="60"> 0 0.1347 -0.990886 0 0.134716 -0.990884 0 0.134942 -0.990853 0 0.134936 -0.990854 -9.97032e-07 -0.997032 -0.0769927 -9.97016e-07 -0.997016 -0.0771994 -9.97015e-07 -0.997015 -0.077205 -9.9703e-07 -0.997031 -0.0770064 0.727398 -0.547159 0.414138 0.727398 -0.547159 0.414138 0.727398 -0.547159 0.414138 0.727398 -0.547159 0.414138 0.727351 -0.431042 -0.534007 0.727351 -0.431042 -0.534007 0.727351 -0.431042 -0.534007 0.727351 -0.431042 -0.534007 -0.683145 -0.422386 -0.595738 -0.683145 -0.422386 -0.595738 -0.683145 -0.422386 -0.595738 -0.683145 -0.422386 -0.595738 </float_array>
          <technique_common>
            <accessor count="20" offset="0" source="#meshId11-tangents-array" stride="3">
              <param name="X" type="float" />
              <param name="Y" type="float" />
              <param name="Z" type="float" />
            </accessor>
          </technique_common>
        </source>
        <source id="meshId11-bitangents" name="meshId11-bitangents">
          <float_array id="meshId11-bitangents-array" count="60"> -0 0.990886 0.1347 -0 0.990884 0.134716 -0 0.990853 0.134942 -0 0.990854 0.134936 -7.69927e-08 -0.0769927 0.997032 -7.71994e-08 -0.0771994 0.997016 -7.7205e-08 -0.077205 0.997015 -7.70064e-08 -0.0770064 0.997031 0.686216 0.579995 -0.438991 0.686216 0.579995 -0.438991 0.686216 0.579995 -0.438991 0.686216 0.579995 -0.438991 0.686266 0.456847 0.565977 0.686266 0.456847 0.565977 0.686266 0.456847 0.565977 0.686266 0.456847 0.565977 -0.730283 0.395121 0.557284 -0.730283 0.395121 0.557284 -0.730283 0.395121 0.557284 -0.730283 0.395121 0.557284 </float_array>
          <technique_common>
            <accessor count="20" offset="0" source="#meshId11-bitangents-array" stride="3">
              <param name="X" type="float" />
              <param name="Y" type="float" />
              <param name="Z" type="float" />
            </accessor>
          </technique_common>
        </source>
        <source id="meshId11-tex0" name="meshId11-tex0">
          <float_array id="meshId11-tex0-array" count="40"> 0.096062 0.375894 0.09419 0.374012 0.138701 0.326839 0.143427 0.331585 0.090536 0.370679 0.132021 0.320823 0.137034 0.325266 0.092522 0.372439 0.090701 0.37437 0.092522 0.372439 0.09419 0.374012 0.092368 0.375943 0.092522 0.372439 0.137034 0.325266 0.138701 0.326839 0.09419 0.374012 0.144993 0.333259 0.097628 0.377568 0.096062 0.375894 0.143427 0.331585 </float_array>
          <technique_common>
            <accessor count="20" offset="0" source="#meshId11-tex0-array" stride="2">
              <param name="S" type="float" />
              <param name="T" type="float" />
            </accessor>
          </technique_common>
        </source>
        <vertices id="meshId11-vertices">
          <input semantic="POSITION" source="#meshId11-positions" />
        </vertices>
        <polylist count="10" material="defaultMaterial">
          <input offset="0" semantic="VERTEX" source="#meshId11-vertices" />
          <input offset="0" semantic="NORMAL" source="#meshId11-normals" />
          <input offset="0" semantic="TANGENT" source="#meshId11-tangents" />
          <input offset="0" semantic="BINORMAL" source="#meshId11-bitangents" />
          <input offset="0" semantic="TEXCOORD" source="#meshId11-tex0" set="0" />
          <vcount>3 3 3 3 3 3 3 3 3 3 </vcount>
          <p>3 0 1 1 2 3 7 4 5 5 6 7 11 8 9 9 10 11 15 12 13 13 14 15 19 16 17 17 18 19 </p>
        </polylist>
      </mesh>
    </geometry>
    <geometry id="meshId12" name="meshId12_name" >
      <mesh>
        <source id="meshId12-positions" name="meshId12-positions">
          <float_array id="meshId12-positions-array" count="60"> -0.018261 0.11751 -0.172586 -0.018261 0.122685 -0.168867 -0.018261 0.0153759 -0.0112563 -0.018261 0.00231875 -0.0206414 -0.0237637 0.11751 -0.172586 -0.0237637 0.00231875 -0.0206414 -0.0237637 0.0153759 -0.0112563 -0.0237637 0.122685 -0.168867 -0.0237637 0.11751 -0.172586 -0.0237637 0.122685 -0.168867 -0.018261 0.122685 -0.168867 -0.018261 0.11751 -0.172586 -0.0237637 0.122685 -0.168867 -0.0237637 0.0153759 -0.0112563 -0.018261 0.0153759 -0.0112563 -0.018261 0.122685 -0.168867 -0.0237637 0.00231875 -0.0206414 -0.0237637 0.11751 -0.172586 -0.018261 0.11751 -0.172586 -0.018261 0.00231875 -0.0206414 </float_array>
          <technique_common>
            <accessor count="20" offset="0" source="#meshId12-positions-array" stride="3">
              <param name="X" type="float" />
              <param name="Y" type="float" />
              <param name="Z" type="float" />
            </accessor>
          </technique_common>
        </source>
        <source id="meshId12-normals" name="meshId12-normals">
          <float_array id="meshId12-normals-array" count="60"> 1 0 0 1 0 0 1 0 0 1 0 0 -1 0 0 -1 0 0 -1 0 0 -1 0 0 0 0.583671 -0.81199 0 0.583671 -0.81199 0 0.583671 -0.81199 0 0.583671 -0.81199 0 0.826601 0.562788 0 0.826601 0.562788 0 0.826601 0.562788 0 0.826601 0.562788 0 -0.796887 -0.604129 0 -0.796887 -0.604129 0 -0.796887 -0.604129 0 -0.796887 -0.604129 </float_array>
          <technique_common>
            <accessor count="20" offset="0" source="#meshId12-normals-array" stride="3">
              <param name="X" type="float" />
              <param name="Y" type="float" />
              <param name="Z" type="float" />
            </accessor>
          </technique_common>
        </source>
        <source id="meshId12-tangents" name="meshId12-tangents">
          <float_array id="meshId12-tangents-array" count="60"> 0 -0.335959 -0.941877 0 -0.335954 -0.941879 0 -0.335868 -0.941909 0 -0.33587 -0.941909 0 0.999464 -0.032732 0 0.999466 -0.0326876 0 0.999466 -0.0326866 0 0.999464 -0.0327296 -0.569147 -0.667647 -0.479915 -0.568851 -0.667813 -0.480035 -0.568606 -0.667951 -0.480134 -0.568902 -0.667785 -0.480014 0.807774 0.331759 -0.487275 0.807774 0.331759 -0.487275 0.807774 0.331759 -0.487275 0.807774 0.331759 -0.487275 -0.836866 0.330704 -0.436221 -0.836639 0.330914 -0.436498 -0.836635 0.330918 -0.436503 -0.836862 0.330708 -0.436227 </float_array>
          <technique_common>
            <accessor count="20" offset="0" source="#meshId12-tangents-array" stride="3">
              <param name="X" type="float" />
              <param name="Y" type="float" />
              <param name="Z" type="float" />
            </accessor>
          </technique_common>
        </source>
        <source id="meshId12-bitangents" name="meshId12-bitangents">
          <float_array id="meshId12-bitangents-array" count="60"> 0 0.941877 -0.335959 0 0.941879 -0.335954 0 0.941909 -0.335868 0 0.941909 -0.33587 -0 -0.032732 -0.999464 -0 -0.0326876 -0.999466 -0 -0.0326866 -0.999466 -0 -0.0327296 -0.999464 -0.822235 0.462142 0.332195 -0.82244 0.461902 0.332022 -0.82261 0.461702 0.331879 -0.822405 0.461942 0.332051 -0.589492 0.454605 -0.667707 -0.589492 0.454605 -0.667707 -0.589492 0.454605 -0.667707 -0.589492 0.454605 -0.667707 0.547407 0.505575 -0.666888 0.547755 0.505438 -0.666707 0.547761 0.505435 -0.666704 0.547414 0.505573 -0.666885 </float_array>
          <technique_common>
            <accessor count="20" offset="0" source="#meshId12-bitangents-array" stride="3">
              <param name="X" type="float" />
              <param name="Y" type="float" />
              <param name="Z" type="float" />
            </accessor>
          </technique_common>
        </source>
        <source id="meshId12-tex0" name="meshId12-tex0">
          <float_array id="meshId12-tex0-array" count="40"> 0.072901 0.323132 0.071027 0.324428 0.030831 0.26935 0.035561 0.266079 0.067631 0.326978 0.024684 0.274017 0.029241 0.27051 0.069437 0.325588 0.07402 0.32475 0.072146 0.326047 0.071027 0.324428 0.072901 0.323132 0.069437 0.325588 0.029241 0.27051 0.030831 0.26935 0.071027 0.324428 0.037207 0.265002 0.074548 0.322054 0.072901 0.323132 0.035561 0.266079 </float_array>
          <technique_common>
            <accessor count="20" offset="0" source="#meshId12-tex0-array" stride="2">
              <param name="S" type="float" />
              <param name="T" type="float" />
            </accessor>
          </technique_common>
        </source>
        <vertices id="meshId12-vertices">
          <input semantic="POSITION" source="#meshId12-positions" />
        </vertices>
        <polylist count="10" material="defaultMaterial">
          <input offset="0" semantic="VERTEX" source="#meshId12-vertices" />
          <input offset="0" semantic="NORMAL" source="#meshId12-normals" />
          <input offset="0" semantic="TANGENT" source="#meshId12-tangents" />
          <input offset="0" semantic="BINORMAL" source="#meshId12-bitangents" />
          <input offset="0" semantic="TEXCOORD" source="#meshId12-tex0" set="0" />
          <vcount>3 3 3 3 3 3 3 3 3 3 </vcount>
          <p>3 0 1 1 2 3 7 4 5 5 6 7 11 8 9 9 10 11 15 12 13 13 14 15 19 16 17 17 18 19 </p>
        </polylist>
      </mesh>
    </geometry>
    <geometry id="meshId13" name="meshId13_name" >
      <mesh>
        <source id="meshId13-positions" name="meshId13-positions">
          <float_array id="meshId13-positions-array" count="297"> 0.0302738 -0.229189 0.00586302 0.0230361 -0.229189 0.0149391 0.0170317 -0.993617 0.00740974 0.0215973 -0.993617 0.00168463 0.0125773 -0.229189 0.0199759 0.0104343 -0.993617 0.0105871 0.000968497 -0.229189 0.0199759 0.00311158 -0.993617 0.0105871 -0.00949077 -0.229189 0.0149391 -0.00348595 -0.993617 0.00740974 -0.0167285 -0.229189 0.00586302 -0.00805203 -0.993617 0.00168463 -0.0193116 -0.229189 -0.00545445 -0.00968109 -0.993617 -0.00545445 -0.0167285 -0.229189 -0.0167719 -0.00805203 -0.993617 -0.0125935 -0.00949077 -0.229189 -0.025848 -0.00348595 -0.993617 -0.0183186 0.000968497 -0.229189 -0.0308848 0.00311158 -0.993617 -0.021496 0.0125773 -0.229189 -0.0308848 0.0104343 -0.993617 -0.021496 0.0230361 -0.229189 -0.025848 0.0170317 -0.993617 -0.0183186 0.0302738 -0.229189 -0.0167719 0.0215973 -0.993617 -0.0125935 0.0328569 -0.229189 -0.00545445 0.0232269 -0.993617 -0.00545445 0.0328569 -0.229189 -0.00545445 0.0232269 -0.993617 -0.00545445 0.0156248 -1 -0.00119161 0.0128986 -1 0.00222698 0.00677265 -1 -0.00545445 0.00895932 -1 0.00412441 0.00458646 -1 0.00412441 0.000646958 -1 0.00222698 -0.00207948 -1 -0.00119161 -0.0030521 -1 -0.00545445 -0.00207948 -1 -0.00971755 0.000646958 -1 -0.0131359 0.00458646 -1 -0.0150333 0.00895932 -1 -0.0150333 0.0128986 -1 -0.0131361 0.0156248 -1 -0.00971755 0.0165979 -1 -0.00545445 0.0207099 -0.995876 0.00125721 0.019508 -0.997791 0.000678449 0.0209077 -0.997791 -0.00545445 0.0222416 -0.995876 -0.00545445 0.0177239 -0.999067 -0.000180524 0.0189279 -0.999067 -0.00545445 0.0143515 -0.999067 0.00404874 0.0170317 -0.993617 0.00740974 0.0164176 -0.995876 0.00663961 0.00947765 -0.999067 0.00639581 0.0104343 -0.993617 0.0105871 0.0102152 -0.995876 0.00962664 0.00406813 -0.999067 0.00639581 0.00311158 -0.993617 0.0105871 0.00333054 -0.995876 0.00962664 -0.000805757 -0.999067 0.00404874 -0.00348595 -0.993617 0.00740974 -0.00287181 -0.995876 0.00663961 -0.0041786 -0.999067 -0.000180782 -0.00805203 -0.993617 0.00168463 -0.00716463 -0.995876 0.00125721 -0.00538212 -0.999067 -0.00545445 -0.00968109 -0.993617 -0.00545445 -0.0086961 -0.995876 -0.00545445 -0.0041786 -0.999067 -0.0107284 -0.00805203 -0.993617 -0.0125935 -0.00716463 -0.995876 -0.0121661 -0.000805757 -0.999067 -0.0149576 -0.00348595 -0.993617 -0.0183186 -0.00287181 -0.995876 -0.0175485 0.00406813 -0.999067 -0.0173047 0.00311158 -0.993617 -0.021496 0.00333054 -0.995876 -0.0205355 0.00947765 -0.999067 -0.0173047 0.0104343 -0.993617 -0.021496 0.0102152 -0.995876 -0.0205355 0.0143515 -0.999067 -0.0149576 0.0170317 -0.993617 -0.0183186 0.0164176 -0.995876 -0.0175485 0.0177239 -0.999067 -0.0107284 0.0215973 -0.993617 -0.0125935 0.0207099 -0.995876 -0.0121661 0.0155857 -0.997791 0.00559675 0.00991822 -0.997791 0.00832605 0.00362757 -0.997791 0.00832605 -0.00203995 -0.997791 0.00559675 -0.0059627 -0.997791 0.000678449 -0.00736191 -0.997791 -0.00545445 -0.0059627 -0.997791 -0.0115874 -0.00203995 -0.997791 -0.0165054 0.00362757 -0.997791 -0.0192349 0.00991822 -0.997791 -0.0192349 0.0155857 -0.997791 -0.0165057 0.019508 -0.997791 -0.0115874 </float_array>
          <technique_common>
            <accessor count="99" offset="0" source="#meshId13-positions-array" stride="3">
              <param name="X" type="float" />
              <param name="Y" type="float" />
              <param name="Z" type="float" />
            </accessor>
          </technique_common>
        </source>
        <source id="meshId13-normals" name="meshId13-normals">
          <float_array id="meshId13-normals-array" count="297"> 0.9009 -0.012597 0.433844 0.623451 -0.012597 0.781761 0.623444 -0.013479 0.781752 0.90089 -0.013479 0.433839 0.222502 -0.012597 0.974851 0.2225 -0.013479 0.97484 -0.2225 -0.012597 0.974851 -0.222497 -0.013479 0.97484 -0.623438 -0.012597 0.781771 -0.623431 -0.013479 0.781762 -0.9009 -0.012597 0.433844 -0.90089 -0.013479 0.433839 -0.999921 -0.012597 0 -0.999909 -0.013479 0 -0.9009 -0.012597 -0.433845 -0.900889 -0.013479 -0.43384 -0.623437 -0.012597 -0.781772 -0.62343 -0.013479 -0.781763 -0.222499 -0.012597 -0.974852 -0.222496 -0.013479 -0.97484 0.222502 -0.012597 -0.974851 0.222499 -0.013479 -0.97484 0.62345 -0.012597 -0.781762 0.623443 -0.013479 -0.781753 0.9009 -0.012597 -0.433845 0.900889 -0.013479 -0.43384 0.999921 -0.012597 -0 0.999909 -0.013479 -0 0.999921 -0.012597 -0 0.999909 -0.013479 -0 0.146607 -0.986672 0.070603 0.101456 -0.986672 0.127219 0 -1 1e-06 0.036211 -0.986671 0.158648 -0.036212 -0.986671 0.15865 -0.101456 -0.986671 0.127226 -0.146619 -0.98667 0.070607 -0.16272 -0.986672 -0 -0.146617 -0.98667 -0.070604 -0.101454 -0.986672 -0.127223 -0.036211 -0.986671 -0.158648 0.03621 -0.986671 -0.158649 0.101458 -0.986672 -0.127221 0.146608 -0.986672 -0.070602 0.162726 -0.986671 1e-06 0.79217 -0.476378 0.381485 0.645256 -0.697916 0.310738 0.716175 -0.697921 -1e-06 0.879234 -0.47639 -1e-06 0.427504 -0.880259 0.205875 0.474497 -0.880257 -1e-06 0.295849 -0.88026 0.370966 0.623444 -0.013479 0.781752 0.548207 -0.476376 0.687412 0.105585 -0.880258 0.462599 0.2225 -0.013479 0.97484 0.195648 -0.476381 0.857194 -0.105587 -0.880256 0.462603 -0.222497 -0.013479 0.97484 -0.195649 -0.476385 0.857193 -0.295843 -0.880254 0.370984 -0.623431 -0.013479 0.781762 -0.548187 -0.476387 0.687421 -0.427506 -0.880258 0.205875 -0.90089 -0.013479 0.433839 -0.792168 -0.476382 0.381483 -0.474495 -0.880258 -0 -0.999909 -0.013479 0 -0.879246 -0.476368 -0 -0.427502 -0.880261 -0.205872 -0.900889 -0.013479 -0.43384 -0.79217 -0.476378 -0.381486 -0.29584 -0.880258 -0.370979 -0.62343 -0.013479 -0.781763 -0.548187 -0.476381 -0.687424 -0.105586 -0.880256 -0.462601 -0.222496 -0.013479 -0.97484 -0.195648 -0.476384 -0.857193 0.105584 -0.880254 -0.462607 0.222499 -0.013479 -0.97484 0.195646 -0.476383 -0.857194 0.295852 -0.880256 -0.370973 0.623443 -0.013479 -0.781753 0.548204 -0.47638 -0.687411 0.427506 -0.880258 -0.205876 0.900889 -0.013479 -0.43384 0.792168 -0.476381 -0.381485 0.446539 -0.697917 0.559923 0.159366 -0.69792 0.698219 -0.159367 -0.69792 0.698219 -0.446522 -0.697921 0.559933 -0.645252 -0.69792 0.310738 -0.71618 -0.697915 -0 -0.645251 -0.69792 -0.31074 -0.446521 -0.697924 -0.55993 -0.159367 -0.697924 -0.698215 0.159364 -0.69792 -0.69822 0.446536 -0.69792 -0.559922 0.645252 -0.69792 -0.310738 </float_array>
          <technique_common>
            <accessor count="99" offset="0" source="#meshId13-normals-array" stride="3">
              <param name="X" type="float" />
              <param name="Y" type="float" />
              <param name="Z" type="float" />
            </accessor>
          </technique_common>
        </source>
        <source id="meshId13-tangents" name="meshId13-tangents">
          <float_array id="meshId13-tangents-array" count="297"> -0.432497 0.0578024 0.899781 -0.779741 0.0635928 0.622865 -0.779712 0.0634868 0.622912 -0.42613 0.162586 0.889932 -0.972385 0.0693718 0.222835 -0.972378 0.0692733 0.222896 -0.972393 0.0749995 -0.22097 -0.972401 0.0750923 -0.220902 -0.779912 0.0807799 -0.620654 -0.779962 0.0806885 -0.620604 -0.433232 0.0865603 -0.897116 -0.433303 0.0864822 -0.897089 -0.00116148 0.0921961 -0.99574 -0.0012442 0.0922985 -0.995731 0.430687 0.0978416 -0.897182 0.430606 0.0978917 -0.897215 0.776811 0.103618 -0.62115 0.776767 0.103472 -0.62123 0.968771 0.109386 -0.222525 0.968737 0.109499 -0.222617 0.968763 0.115167 0.219624 0.968795 0.115082 0.219528 0.777047 0.120797 0.617743 0.777125 0.120656 0.617672 0.431832 0.126432 0.893049 0.431931 0.126472 0.892995 0.00166576 0.132237 0.991217 0.00178226 0.132207 0.991221 0.000656646 0.0521095 0.998641 -0.00134418 -0.0997117 0.995015 -0.182467 0.0431752 0.982264 -0.187708 0.106596 0.976423 -0.173789 9.84783e-07 0.984783 -0.18291 0.149527 0.971692 -0.170735 0.162528 0.97182 -0.160162 0.142417 0.976763 -0.160017 0.0940956 0.982619 -0.169461 0.0279472 0.985141 -0.181574 -0.0433186 0.982423 -0.187818 -0.106587 0.976403 -0.183124 -0.149513 0.971654 -0.170917 -0.162528 0.971788 -0.160661 -0.142453 0.976676 -0.160371 -0.0941369 0.982557 -0.170124 -0.0280567 0.985023 -0.294362 0.249324 0.922599 -0.246803 0.194503 0.949345 -0.126361 -0.129668 0.983473 -0.0913741 -0.168644 0.981433 -0.202161 0.128878 0.970836 -0.156482 -0.0843517 0.984072 -0.217341 0.316135 0.923483 -0.566817 0.680905 0.463774 -0.358243 0.608952 0.7077 -0.192896 0.438233 0.87792 -0.338011 0.936819 0.0901014 -0.248483 0.821482 0.513248 -0.145486 0.473872 0.868492 0.0744163 0.996753 0.0307669 -0.0566556 0.878116 0.475082 -0.111659 0.417573 0.901757 0.375383 0.871921 0.31439 0.0880418 0.784487 0.613864 -0.115916 0.279231 0.953202 0.346833 0.5786 0.738193 0.079806 0.538848 0.838614 -0.155682 0.083919 0.984236 -0.00235097 0.174399 0.984672 -0.0904184 0.166888 0.981821 -0.200866 -0.129546 0.971015 -0.414197 -0.272133 0.868553 -0.292441 -0.252352 0.922387 -0.217151 -0.316222 0.923498 -0.567017 -0.680644 0.463913 -0.358645 -0.608627 0.707776 -0.193014 -0.438213 0.877904 -0.337053 -0.937185 0.0898872 -0.248041 -0.821626 0.513231 -0.145555 -0.473877 0.868478 0.0755579 -0.996659 0.0310259 -0.056064 -0.87809 0.4752 -0.111424 -0.417508 0.901816 0.375517 -0.871822 0.314504 0.0878294 -0.784587 0.613767 -0.115746 -0.279159 0.953243 0.346871 -0.578483 0.738267 0.0798424 -0.538809 0.838636 -0.289201 0.479613 0.828453 -0.22653 0.662534 0.713955 -0.106648 0.71529 0.690642 -0.0166807 0.632166 0.774653 -0.0235722 0.424735 0.905011 -0.125512 0.128796 0.983696 -0.244992 -0.196231 0.949459 -0.289337 -0.479536 0.82845 -0.226675 -0.662489 0.713951 -0.106519 -0.715286 0.690666 -0.0166701 -0.632156 0.774662 -0.0234838 -0.424668 0.905044 </float_array>
          <technique_common>
            <accessor count="99" offset="0" source="#meshId13-tangents-array" stride="3">
              <param name="X" type="float" />
              <param name="Y" type="float" />
              <param name="Z" type="float" />
            </accessor>
          </technique_common>
        </source>
        <source id="meshId13-bitangents" name="meshId13-bitangents">
          <float_array id="meshId13-bitangents-array" count="297"> -0.0364117 -0.998249 0.046626 -0.0575606 -0.997896 0.0298246 -0.0580271 -0.997892 0.0290707 -0.0825317 -0.986603 0.140729 -0.0704342 -0.997512 0.00318623 -0.0705348 -0.997507 0.00230662 -0.0703298 -0.997104 -0.0289366 -0.0702254 -0.997085 -0.0298148 -0.055333 -0.996652 -0.0601858 -0.0547141 -0.996648 -0.0608168 -0.0262527 -0.996167 -0.0834396 -0.0254275 -0.996163 -0.0837514 0.0125433 -0.995662 -0.0922035 0.0134215 -0.99564 -0.0923069 0.0537499 -0.995123 -0.0827202 0.0545629 -0.995106 -0.0823854 0.0888301 -0.994537 -0.0548137 0.0892644 -0.994541 -0.0540377 0.109438 -0.99392 -0.0121346 0.109745 -0.993895 -0.0113055 0.109504 -0.993267 0.0378283 0.109228 -0.993265 0.0386641 0.0866531 -0.992597 0.0850995 0.0859973 -0.992603 0.0856968 0.043602 -0.991896 0.119342 0.0428318 -0.991879 0.119759 -0.0124864 -0.991138 0.132248 -0.0133607 -0.99113 0.132219 -0.0125799 -0.998562 0.0521137 -0.0134118 -0.994925 -0.0997208 -0.97222 -0.156889 -0.173705 -0.976971 -0.122944 -0.174392 -0.984783 -1.73789e-07 -0.173789 -0.982462 -0.0642043 -0.175058 -0.984652 0.00810437 -0.174345 -0.981863 0.0787217 -0.172476 -0.976165 0.132772 -0.17168 -0.972011 0.160302 -0.17175 -0.972386 0.15686 -0.172802 -0.97695 0.122955 -0.174502 -0.982423 0.0642368 -0.175269 -0.98462 -0.00807271 -0.174524 -0.981781 -0.078652 -0.172973 -0.976108 -0.132728 -0.172035 -0.971894 -0.160289 -0.172422 -0.534619 -0.84315 0.0572792 -0.723003 -0.689262 -0.046744 -0.686387 -0.704339 -0.181055 -0.467545 -0.862909 -0.191807 -0.881119 -0.456656 -0.122858 -0.866237 -0.466939 -0.177769 -0.930181 -0.353838 -0.0977885 -0.53855 -0.732248 0.416866 -0.755732 -0.634227 0.163173 -0.975522 -0.181929 -0.123528 -0.914463 -0.349554 0.203886 -0.948671 -0.313414 0.0423487 -0.98371 0.0243991 -0.1781 -0.972089 0.0793895 -0.220771 -0.979037 0.0443844 -0.198792 -0.948688 0.225355 -0.221824 -0.685873 0.48946 -0.538523 -0.83171 0.397034 -0.388104 -0.89655 0.383635 -0.221409 -0.260969 0.8155 -0.51658 -0.605062 0.694768 -0.38884 -0.866382 0.467015 -0.176859 -0.0132724 0.984583 -0.174415 -0.467708 0.863262 -0.189808 -0.881417 0.456464 -0.121433 -0.129769 0.962165 0.239579 -0.535673 0.842249 0.0605931 -0.930229 0.353766 -0.097598 -0.538355 0.73249 0.416691 -0.755556 0.634535 0.16279 -0.975498 0.181983 -0.123633 -0.914817 0.348572 0.203977 -0.948787 0.313032 0.0425867 -0.9837 -0.0243628 -0.178159 -0.972001 -0.0805601 -0.220737 -0.979071 -0.0449132 -0.198503 -0.948713 -0.225468 -0.221603 -0.685789 -0.489637 -0.53847 -0.83172 -0.396844 -0.388274 -0.896572 -0.383688 -0.221229 -0.26092 -0.815583 -0.516473 -0.605058 -0.694799 -0.388792 -0.846738 -0.531867 0.0123281 -0.960878 -0.271948 -0.0525144 -0.981442 0.0356021 -0.188425 -0.894617 0.33656 -0.293918 -0.763606 0.576635 -0.290513 -0.686536 0.704504 -0.179838 -0.723623 0.688768 -0.0443666 -0.846702 0.531929 0.0121878 -0.960844 0.272048 -0.0526231 -0.981457 -0.0356937 -0.188333 -0.89461 -0.336581 -0.293915 -0.763609 -0.576684 -0.290408 </float_array>
          <technique_common>
            <accessor count="99" offset="0" source="#meshId13-bitangents-array" stride="3">
              <param name="X" type="float" />
              <param name="Y" type="float" />
              <param name="Z" type="float" />
            </accessor>
          </technique_common>
        </source>
        <source id="meshId13-tex0" name="meshId13-tex0">
          <float_array id="meshId13-tex0-array" count="198"> 0.346247 0.524417 0.349877 0.524632 0.335032 0.763679 0.332742 0.763543 0.353506 0.524868 0.337322 0.763827 0.357134 0.525124 0.33961 0.763989 0.360761 0.5254 0.341898 0.764163 0.364385 0.525697 0.344184 0.76435 0.368008 0.526014 0.34647 0.76455 0.37163 0.526351 0.348754 0.764763 0.375249 0.526708 0.351037 0.764988 0.378866 0.527086 0.353319 0.765226 0.382481 0.527484 0.355599 0.765478 0.386094 0.527903 0.357878 0.765741 0.389704 0.528341 0.360155 0.766018 0.393312 0.5288 0.362431 0.766307 0.342615 0.524222 0.330447 0.76342 0.332078 0.766405 0.333237 0.767041 0.331285 0.76928 0.334016 0.76812 0.334251 0.769429 0.333896 0.770708 0.333021 0.771705 0.331801 0.772221 0.330477 0.772155 0.329314 0.771519 0.328543 0.77044 0.328318 0.769132 0.328683 0.767853 0.329565 0.766857 0.330782 0.76634 0.332598 0.764283 0.332439 0.764976 0.330577 0.76488 0.330501 0.764174 0.332268 0.765669 0.330671 0.765589 0.333734 0.766469 0.335187 0.764825 0.334677 0.765396 0.334716 0.767825 0.336752 0.766984 0.336041 0.767275 0.335012 0.769469 0.337214 0.769597 0.336447 0.769551 0.334565 0.771076 0.336494 0.772147 0.335823 0.771773 0.333465 0.772326 0.334738 0.774129 0.334296 0.773501 0.331931 0.772974 0.332296 0.77515 0.332171 0.774392 0.330268 0.77289 0.329653 0.775009 0.329869 0.774272 0.328808 0.772091 0.327334 0.773733 0.327848 0.773163 0.327839 0.770735 0.3258 0.771575 0.32651 0.771285 0.327557 0.769092 0.325355 0.768963 0.326122 0.76901 0.328017 0.767486 0.326093 0.766415 0.326763 0.766789 0.329131 0.766236 0.327879 0.764435 0.328317 0.765062 0.334204 0.765931 0.335379 0.767548 0.335731 0.769509 0.335196 0.771423 0.333882 0.772913 0.332052 0.773684 0.33007 0.773582 0.328329 0.772628 0.327175 0.771012 0.326838 0.769052 0.327389 0.767138 0.328723 0.765649 </float_array>
          <technique_common>
            <accessor count="99" offset="0" source="#meshId13-tex0-array" stride="2">
              <param name="S" type="float" />
              <param name="T" type="float" />
            </accessor>
          </technique_common>
        </source>
        <vertices id="meshId13-vertices">
          <input semantic="POSITION" source="#meshId13-positions" />
        </vertices>
        <polylist count="154" material="defaultMaterial">
          <input offset="0" semantic="VERTEX" source="#meshId13-vertices" />
          <input offset="0" semantic="NORMAL" source="#meshId13-normals" />
          <input offset="0" semantic="TANGENT" source="#meshId13-tangents" />
          <input offset="0" semantic="BINORMAL" source="#meshId13-bitangents" />
          <input offset="0" semantic="TEXCOORD" source="#meshId13-tex0" set="0" />
          <vcount>3 3 3 3 3 3 3 3 3 3 3 3 3 3 3 3 3 3 3 3 3 3 3 3 3 3 3 3 3 3 3 3 3 3 3 3 3 3 3 3 3 3 3 3 3 3 3 3 3 3 3 3 3 3 3 3 3 3 3 3 3 3 3 3 3 3 3 3 3 3 3 3 3 3 3 3 3 3 3 3 3 3 3 3 3 3 3 3 3 3 3 3 3 3 3 3 3 3 3 3 3 3 3 3 3 3 3 3 3 3 3 3 3 3 3 3 3 3 3 3 3 3 3 3 3 3 3 3 3 3 3 3 3 3 3 3 3 3 3 3 3 3 3 3 3 3 3 3 3 3 3 3 3 3 </vcount>
          <p>3 0 1 1 2 3 2 1 4 4 5 2 5 4 6 6 7 5 7 6 8 8 9 7 9 8 10 10 11 9 11 10 12 12 13 11 13 12 14 14 15 13 15 14 16 16 17 15 17 16 18 18 19 17 19 18 20 20 21 19 21 20 22 22 23 21 23 22 24 24 25 23 25 24 26 26 27 25 29 28 0 0 3 29 30 31 32 31 33 32 33 34 32 34 35 32 35 36 32 36 37 32 37 38 32 38 39 32 39 40 32 40 41 32 41 42 32 42 43 32 43 44 32 44 30 32 48 45 46 46 47 48 47 46 49 49 50 47 29 3 45 45 48 29 50 49 30 30 44 50 31 30 49 49 51 31 53 45 3 3 52 53 33 31 51 51 54 33 56 53 52 52 55 56 34 33 54 54 57 34 59 56 55 55 58 59 35 34 57 57 60 35 62 59 58 58 61 62 36 35 60 60 63 36 65 62 61 61 64 65 37 36 63 63 66 37 68 65 64 64 67 68 38 37 66 66 69 38 71 68 67 67 70 71 39 38 69 69 72 39 74 71 70 70 73 74 40 39 72 72 75 40 77 74 73 73 76 77 41 40 75 75 78 41 80 77 76 76 79 80 42 41 78 78 81 42 83 80 79 79 82 83 43 42 81 81 84 43 86 83 82 82 85 86 44 43 84 84 50 44 48 86 85 85 29 48 51 49 46 46 87 51 87 46 45 45 53 87 54 51 87 87 88 54 88 87 53 53 56 88 57 54 88 88 89 57 89 88 56 56 59 89 60 57 89 89 90 60 90 89 59 59 62 90 63 60 90 90 91 63 91 90 62 62 65 91 66 63 91 91 92 66 92 91 65 65 68 92 69 66 92 92 93 69 93 92 68 68 71 93 72 69 93 93 94 72 94 93 71 71 74 94 75 72 94 94 95 75 95 94 74 74 77 95 78 75 95 95 96 78 96 95 77 77 80 96 81 78 96 96 97 81 97 96 80 80 83 97 84 81 97 97 98 84 98 97 83 83 86 98 86 48 47 47 98 86 98 47 50 50 84 98 </p>
        </polylist>
      </mesh>
    </geometry>
    <geometry id="meshId14" name="meshId14_name" >
      <mesh>
        <source id="meshId14-positions" name="meshId14-positions">
          <float_array id="meshId14-positions-array" count="372"> -0.0480004 0.144554 0.0616291 -0.0462866 0.144554 0.0616291 -0.0462866 0.169279 0.0616291 -0.0480004 0.169279 0.0616291 -0.0480004 0.169279 0.0616291 -0.0462866 0.169279 0.0616291 -0.0462866 0.169279 0.057358 -0.0480004 0.169279 0.057358 -0.0480004 0.169279 -0.0616291 -0.0462866 0.169279 -0.0616291 -0.0462866 0.144554 -0.0616291 -0.0480004 0.144554 -0.0616291 -0.0480004 0.144554 0.057358 -0.0462866 0.144554 0.057358 -0.0462866 0.144554 0.0616291 -0.0480004 0.144554 0.0616291 -0.0480004 0.144554 0.057358 -0.0480004 0.144554 0.0616291 -0.0480004 0.169279 0.0616291 -0.0480004 0.169279 0.057358 -0.0480004 0.144554 -0.0616291 -0.0480004 0.144554 -0.0565156 -0.0480004 0.169279 -0.0565156 -0.0480004 0.169279 -0.0616291 -0.0480004 0.144554 -0.0616291 -0.0462866 0.144554 -0.0616291 -0.0462866 0.144554 -0.0565156 -0.0480004 0.144554 -0.0565156 -0.0480004 0.169279 -0.0565156 -0.0462866 0.169279 -0.0565156 -0.0462866 0.169279 -0.0616291 -0.0480004 0.169279 -0.0616291 -0.0480004 0.144554 0.0441785 -0.0480004 0.144554 0.057358 -0.0480004 0.169279 0.057358 -0.0480004 0.169279 0.0441785 -0.0480004 0.144554 0.0441785 -0.0462866 0.144554 0.0441785 -0.0462866 0.144554 0.057358 -0.0480004 0.144554 0.057358 -0.0462866 0.169279 0.057358 -0.0462866 0.144554 0.057358 -0.0462866 0.144554 0.0441785 -0.0462866 0.169279 0.0441785 -0.0480004 0.169279 0.057358 -0.0462866 0.169279 0.057358 -0.0462866 0.169279 0.0441785 -0.0480004 0.169279 0.0441785 -0.0389484 0.144554 0.057358 -0.0389484 0.144554 0.0616291 -0.0462866 0.144554 0.057358 -0.0462866 0.169279 0.057358 -0.0389484 0.169279 0.057358 -0.0389484 0.144554 0.057358 -0.0389484 0.169279 0.0616291 -0.0389484 0.169279 0.057358 -0.0389484 0.144554 0.0616291 -0.0389484 0.169279 0.0616291 -0.0462866 0.169279 -0.0565156 -0.0462866 0.144554 -0.0565156 -0.0389484 0.144554 -0.0565156 -0.0389484 0.169279 -0.0565156 -0.0389484 0.144554 -0.0616291 -0.0389484 0.144554 -0.0565156 -0.0389484 0.169279 -0.0616291 -0.0389484 0.144554 -0.0616291 -0.0389484 0.169279 -0.0565156 -0.0389484 0.169279 -0.0616291 -0.0480004 0.169279 0.000633254 -0.0462866 0.169279 0.000633254 -0.0462866 0.169279 -0.013023 -0.0480004 0.169279 -0.013023 -0.0480004 0.144554 -0.013023 -0.0480004 0.149497 0.000633254 -0.0480004 0.169279 0.000633254 -0.0480004 0.169279 -0.013023 -0.0480004 0.144554 -0.013023 -0.0462866 0.144554 -0.013023 -0.0462866 0.149497 0.000633254 -0.0480004 0.149497 0.000633254 -0.0462866 0.169279 0.000633254 -0.0462866 0.149497 0.000633254 -0.0462866 0.144554 -0.013023 -0.0462866 0.169279 -0.013023 -0.0480004 0.169279 0.0290568 -0.0462866 0.169279 0.0290568 -0.0462866 0.169279 0.0143933 -0.0480004 0.169279 0.0143933 -0.0480004 0.144554 0.0143933 -0.0480004 0.149497 0.0290568 -0.0480004 0.169279 0.0290568 -0.0480004 0.169279 0.0143933 -0.0480004 0.144554 0.0143933 -0.0462866 0.144554 0.0143933 -0.0462866 0.149497 0.0290568 -0.0480004 0.149497 0.0290568 -0.0462866 0.169279 0.0290568 -0.0462866 0.149497 0.0290568 -0.0462866 0.144554 0.0143933 -0.0462866 0.169279 0.0143933 -0.0480004 0.144554 -0.0425494 -0.0480004 0.149497 -0.027882 -0.0480004 0.169279 -0.027882 -0.0480004 0.169279 -0.0425494 -0.0480004 0.144554 -0.0425494 -0.0462866 0.144554 -0.0425494 -0.0462866 0.149497 -0.027882 -0.0480004 0.149497 -0.027882 -0.0462866 0.169279 -0.027882 -0.0462866 0.149497 -0.027882 -0.0462866 0.144554 -0.0425494 -0.0462866 0.169279 -0.0425494 -0.0480004 0.169279 -0.027882 -0.0462866 0.169279 -0.027882 -0.0462866 0.169279 -0.0425494 -0.0480004 0.169279 -0.0425494 -0.0480004 0.144554 -0.0565156 -0.0480004 0.169279 -0.0565156 -0.0480004 0.144554 -0.0565156 -0.0462866 0.144554 -0.0565156 -0.0462866 0.144554 -0.0565156 -0.0462866 0.169279 -0.0565156 -0.0462866 0.169279 -0.0565156 -0.0480004 0.169279 -0.0565156 </float_array>
          <technique_common>
            <accessor count="124" offset="0" source="#meshId14-positions-array" stride="3">
              <param name="X" type="float" />
              <param name="Y" type="float" />
              <param name="Z" type="float" />
            </accessor>
          </technique_common>
        </source>
        <source id="meshId14-normals" name="meshId14-normals">
          <float_array id="meshId14-normals-array" count="372"> 0 0 1 0 0 1 0 0 1 0 0 1 0 1 0 0 1 0 0 1 0 0 1 0 0 0 -1 0 0 -1 0 0 -1 0 0 -1 0 -1 0 0 -1 0 0 -1 0 0 -1 0 -1 0 0 -1 0 0 -1 0 0 -1 0 0 -1 0 0 -1 0 0 -1 0 0 -1 0 0 0 -1 0 0 -1 0 0 -1 0 0 -1 0 0 1 0 0 1 0 0 1 0 0 1 0 -1 0 0 -1 0 0 -1 0 0 -1 0 0 0 -0.985092 -0.172028 0 -0.985092 -0.172028 0 -1 0 0 -1 0 1 0 0 1 0 0 1 0 0 1 0 0 0 1 0 0 1 0 0 1 0 0 1 0 0 -1 0 0 -1 0 0 0 -1 0 0 -1 0 0 -1 0 0 -1 0 1 0 0 1 0 0 0 1 0 0 1 0 0 1 0 0 1 0 0 1 0 0 1 0 -1 0 0 -1 0 0 0 -1 0 0 -1 0 1 0 0 1 0 0 1 0 0 1 0 0 1 0 0 1 0 -1 -0 0 -1 1e-06 0 -1 1e-06 0 -1 -0 0 0 -1 0 0 -1 0 0 -1 0 0 -1 0 1 0 0 1 0 0 1 0 0 1 0 0 0 1 0 0 1 0 0 1 0 0 1 0 -1 0 0 -1 -1e-06 0 -1 -1e-06 0 -1 0 0 0 -1 0 0 -1 0 0 -1 -0 0 -1 -0 1 1e-06 0 1 2e-06 0 1 2e-06 0 1 2e-06 0 -1 -1e-06 0 -1 -2e-06 0 -1 -2e-06 0 -1 -1e-06 0 0 -0.985428 0.170094 0 -0.985428 0.170094 0 -1 -0 0 -1 -0 1 0 0 1 0 0 1 0 0 1 0 0 0 1 0 0 1 0 0 1 0 0 1 0 -1 0 0 -1 0 0 0 -1 0 0 -1 0 1 0 0 1 0 0 0 1 0 0 1 0 </float_array>
          <technique_common>
            <accessor count="124" offset="0" source="#meshId14-normals-array" stride="3">
              <param name="X" type="float" />
              <param name="Y" type="float" />
              <param name="Z" type="float" />
            </accessor>
          </technique_common>
        </source>
        <source id="meshId14-tangents" name="meshId14-tangents">
          <float_array id="meshId14-tangents-array" count="372"> -0.0537303 -0.998555 0 -0.0631571 -0.998004 0 -0.0745958 -0.997214 0 -0.0766133 -0.997061 0 -0.0209042 0 0.999781 -0.0173745 0 0.999849 -0.0158608 0 0.999874 -0.017523 0 0.999846 -0.191327 -0.981526 0 -0.180644 -0.983549 0 -0.173136 -0.984898 0 -0.170332 -0.985387 0 0.00154258 0 -0.999999 -0.00774877 0 -0.99997 -0.0127995 0 -0.999918 -0.00885151 0 -0.999961 0 -0.0282025 -0.999602 0 -0.0590216 -0.998257 0 -0.309072 -0.951039 0 -0.27959 -0.960119 0 0.0694767 0.997584 0 0.0380328 0.999277 0 -0.173693 0.9848 0 -0.1426 0.98978 -0.0110804 0 0.999939 -0.024814 0 0.999692 -0.0322871 0 0.999479 -0.0265649 0 0.999647 -0.0368774 0 -0.99932 -0.0367019 0 -0.999326 -0.0391746 0 -0.999232 -0.0414033 0 -0.999142 0 -0.0321177 0.999484 0 -0.0321208 0.999484 0 -0.0321861 0.999482 0 -0.0321255 0.999484 -0.0408797 -0.171884 0.984269 -0.0408795 -0.171884 0.984269 -0.0286823 0 0.999589 -0.0286833 0 0.999589 0 0.032185 0.999482 0 0.0321212 0.999484 0 0.0321133 0.999484 0 0.0321244 0.999484 -0.0022321 0 0.999997 -0.00223209 0 0.999997 -0.00222876 0 0.999998 -0.00222877 0 0.999998 -0.0142829 0 -0.999898 -0.0139908 0 -0.999902 -0.0715091 0.99744 0 -0.0713959 0.997448 0 -0.0713704 0.99745 0 -0.0714836 0.997442 0 -0.0142286 0 0.999899 -0.0145826 0 0.999894 -0.071524 -0.997439 0 -0.071524 -0.997439 0 -0.173528 0.984829 0 -0.173666 0.984805 0 -0.173698 0.984799 0 -0.173559 0.984823 0 -0.035375 0 0.999374 -0.0348408 0 0.999393 -0.169559 -0.98552 0 -0.175557 -0.984469 0 -0.0346898 0 -0.999398 -0.0351093 0 -0.999383 -0.00222337 0 0.999998 -0.00222338 0 0.999997 -0.00222966 0 0.999998 -0.00222941 0 0.999998 0 -0.0321188 0.999484 -3.21274e-08 -0.0321274 0.999484 -3.21037e-08 -0.0321037 0.999485 0 -0.0321209 0.999484 -0.0573011 0 0.998357 -0.0573011 0 0.998357 -0.0589288 0 0.998262 -0.0589289 0 0.998262 0 0.0321181 0.999484 0 0.032149 0.999483 0 0.0321224 0.999484 0 0.0321527 0.999483 -0.00222859 0 0.999998 -0.00222859 0 0.999998 -0.00223059 0 0.999997 -0.00223083 0 0.999997 0 -0.0321282 0.999484 3.21596e-08 -0.0321596 0.999483 3.21538e-08 -0.0321538 0.999483 0 -0.0321521 0.999483 -0.0573967 0 0.998351 -0.0573967 0 0.998351 -0.0554057 0 0.998464 -0.0554057 0 0.998464 -3.2151e-08 0.032151 0.999483 -6.43103e-08 0.0321551 0.999483 -6.42346e-08 0.0321173 0.999484 -6.42221e-08 0.0321111 0.999484 3.2145e-08 -0.032145 0.999483 6.42584e-08 -0.0321292 0.999484 6.43106e-08 -0.0321553 0.999483 3.21474e-08 -0.0321474 0.999483 -0.0414239 0.169948 0.984582 -0.0414235 0.169948 0.984582 -0.0557549 0 0.998444 -0.0557546 0 0.998445 0 0.03211 0.999484 0 0.0321032 0.999485 0 0.0321601 0.999483 0 0.0321666 0.999482 -0.00223088 0 0.999997 -0.00223066 0 0.999998 -0.00222657 0 0.999998 -0.00222654 0 0.999998 0 -0.0321224 0.999484 0 -0.0321224 0.999484 -0.0286958 0 0.999588 -0.028695 0 0.999588 0 0.032121 0.999484 0 0.0321816 0.999482 -0.00223373 0 0.999997 -0.00223324 0 0.999997 </float_array>
          <technique_common>
            <accessor count="124" offset="0" source="#meshId14-tangents-array" stride="3">
              <param name="X" type="float" />
              <param name="Y" type="float" />
              <param name="Z" type="float" />
            </accessor>
          </technique_common>
        </source>
        <source id="meshId14-bitangents" name="meshId14-bitangents">
          <float_array id="meshId14-bitangents-array" count="372"> 0.998555 -0.0537303 0 0.998004 -0.0631571 0 0.997214 -0.0745958 0 0.997061 -0.0766133 0 0.999781 -0 0.0209042 0.999849 -0 0.0173745 0.999874 -0 0.0158608 0.999846 -0 0.017523 -0.981526 0.191327 0 -0.983549 0.180644 0 -0.984898 0.173136 0 -0.985387 0.170332 0 0.999999 0 0.00154258 0.99997 0 -0.00774877 0.999918 0 -0.0127995 0.999961 0 -0.00885151 0 -0.999602 0.0282025 0 -0.998257 0.0590216 0 -0.951039 0.309072 0 -0.960119 0.27959 0 0.997584 -0.0694767 0 0.999277 -0.0380328 0 0.9848 0.173693 0 0.98978 0.1426 -0.999939 -0 -0.0110804 -0.999692 -0 -0.024814 -0.999479 -0 -0.0322871 -0.999647 -0 -0.0265649 -0.99932 0 0.0368774 -0.999326 0 0.0367019 -0.999232 0 0.0391746 -0.999142 0 0.0414033 0 0.999484 0.0321177 0 0.999484 0.0321208 0 0.999482 0.0321861 0 0.999484 0.0321255 -0.999164 0.00703246 -0.0402703 -0.999164 0.00703241 -0.04027 -0.999589 -0 -0.0286823 -0.999589 -0 -0.0286833 0 -0.999482 0.032185 0 -0.999484 0.0321212 0 -0.999484 0.0321133 0 -0.999484 0.0321244 0.999997 -0 0.0022321 0.999997 -0 0.00223209 0.999998 -0 0.00222876 0.999998 -0 0.00222877 0.999898 0 -0.0142829 0.999902 0 -0.0139908 0.99744 0.0715091 0 0.997448 0.0713959 0 0.99745 0.0713704 0 0.997442 0.0714836 0 0.999899 -0 0.0142286 0.999894 -0 0.0145826 0.997439 -0.071524 0 0.997439 -0.071524 0 -0.984829 -0.173528 0 -0.984805 -0.173666 0 -0.984799 -0.173698 0 -0.984823 -0.173559 0 -0.999374 -0 -0.035375 -0.999393 -0 -0.0348408 -0.98552 0.169559 0 -0.984469 0.175557 0 -0.999398 0 0.0346898 -0.999383 0 0.0351093 0.999998 -0 0.00222337 0.999997 -0 0.00222338 0.999998 -0 0.00222966 0.999998 -0 0.00222941 0 0.999484 0.0321188 9.99484e-07 0.999484 0.0321274 9.99485e-07 0.999485 0.0321037 0 0.999484 0.0321209 -0.998357 -0 -0.0573011 -0.998357 -0 -0.0573011 -0.998262 -0 -0.0589288 -0.998262 -0 -0.0589289 0 -0.999484 0.0321181 0 -0.999483 0.032149 0 -0.999484 0.0321224 0 -0.999483 0.0321527 0.999998 -0 0.00222859 0.999998 -0 0.00222859 0.999997 -0 0.00223059 0.999997 -0 0.00223083 0 0.999484 0.0321282 -9.99483e-07 0.999483 0.0321596 -9.99483e-07 0.999483 0.0321538 0 0.999483 0.0321521 -0.998351 -0 -0.0573967 -0.998351 -0 -0.0573967 -0.998464 0 -0.0554057 -0.998464 0 -0.0554057 9.99483e-07 -0.999483 0.032151 1.99897e-06 -0.999483 0.0321551 1.99897e-06 -0.999484 0.0321173 1.99897e-06 -0.999484 0.0321111 -9.99483e-07 0.999483 0.032145 -1.99897e-06 0.999484 0.0321292 -1.99897e-06 0.999483 0.0321553 -9.99483e-07 0.999483 0.0321474 -0.999142 -0.00704596 -0.0408203 -0.999142 -0.00704589 -0.0408199 -0.998444 0 -0.0557549 -0.998445 0 -0.0557546 0 -0.999484 0.03211 0 -0.999485 0.0321032 0 -0.999483 0.0321601 0 -0.999482 0.0321666 0.999997 -0 0.00223088 0.999998 -0 0.00223066 0.999998 -0 0.00222657 0.999998 -0 0.00222654 0 0.999484 0.0321224 0 0.999484 0.0321224 -0.999588 -0 -0.0286958 -0.999588 -0 -0.028695 0 -0.999484 0.032121 0 -0.999482 0.0321816 0.999997 -0 0.00223373 0.999997 -0 0.00223324 </float_array>
          <technique_common>
            <accessor count="124" offset="0" source="#meshId14-bitangents-array" stride="3">
              <param name="X" type="float" />
              <param name="Y" type="float" />
              <param name="Z" type="float" />
            </accessor>
          </technique_common>
        </source>
        <source id="meshId14-tex0" name="meshId14-tex0">
          <float_array id="meshId14-tex0-array" count="248"> 0.177628 0.351812 0.171352 0.358857 0.164771 0.352235 0.171213 0.346343 0.171213 0.346343 0.164771 0.352235 0.164568 0.351991 0.171243 0.346036 0.237699 0.393072 0.227714 0.389887 0.231475 0.380213 0.240354 0.384115 0.177925 0.351784 0.17159 0.359071 0.171352 0.358857 0.177628 0.351812 0.177925 0.351784 0.177628 0.351812 0.171213 0.346343 0.171243 0.346036 0.240354 0.384115 0.240745 0.383986 0.237894 0.393416 0.237699 0.393072 0.240354 0.384115 0.231475 0.380213 0.231662 0.379834 0.240745 0.383986 0.237894 0.393416 0.227584 0.390292 0.227714 0.389887 0.237699 0.393072 0.046286 0.339186 0.048448 0.339532 0.045208 0.359748 0.043047 0.359401 0.110209 0.291271 0.092368 0.282628 0.093292 0.280721 0.111133 0.289363 0.041968 0.379964 0.038728 0.400179 0.036567 0.399833 0.039806 0.379617 0.045208 0.359748 0.041968 0.379964 0.039806 0.379617 0.043047 0.359401 0.143345 0.386493 0.143125 0.386265 0.17159 0.359071 0.177959 0.365695 0.149707 0.3931 0.143345 0.386493 0.136821 0.379643 0.136598 0.379416 0.143125 0.386265 0.136821 0.379643 0.235414 0.370338 0.231662 0.379834 0.191013 0.363845 0.194763 0.354343 0.190858 0.364239 0.191013 0.363845 0.186969 0.373651 0.190858 0.364239 0.186809 0.374044 0.186969 0.373651 0.035905 0.358256 0.032665 0.378473 0.030425 0.378114 0.033665 0.357898 0.036905 0.337682 0.038497 0.342082 0.035905 0.358256 0.033665 0.357898 0.102218 0.307767 0.084377 0.299124 0.086352 0.295047 0.104193 0.303689 0.032665 0.378473 0.030072 0.394647 0.027185 0.398329 0.030425 0.378114 0.040566 0.359004 0.037326 0.37922 0.034921 0.378834 0.038161 0.358618 0.041401 0.338403 0.043159 0.342829 0.040566 0.359004 0.038161 0.358618 0.106172 0.299605 0.088331 0.290962 0.090341 0.286813 0.108182 0.295455 0.037326 0.37922 0.034734 0.395394 0.031682 0.39905 0.034921 0.378834 0.032062 0.336906 0.03382 0.341333 0.031228 0.357507 0.028822 0.357121 0.09819 0.316081 0.08035 0.307439 0.08236 0.303289 0.1002 0.311931 0.027988 0.377723 0.025396 0.393898 0.022342 0.397553 0.025582 0.377338 0.031228 0.357507 0.027988 0.377723 0.025582 0.377338 0.028822 0.357121 0.029772 0.336539 0.026532 0.356754 0.097211 0.318103 0.07937 0.30946 0.020052 0.397186 0.023292 0.37697 0.023292 0.37697 0.026532 0.356754 </float_array>
          <technique_common>
            <accessor count="124" offset="0" source="#meshId14-tex0-array" stride="2">
              <param name="S" type="float" />
              <param name="T" type="float" />
            </accessor>
          </technique_common>
        </source>
        <vertices id="meshId14-vertices">
          <input semantic="POSITION" source="#meshId14-positions" />
        </vertices>
        <polylist count="96" material="defaultMaterial">
          <input offset="0" semantic="VERTEX" source="#meshId14-vertices" />
          <input offset="0" semantic="NORMAL" source="#meshId14-normals" />
          <input offset="0" semantic="TANGENT" source="#meshId14-tangents" />
          <input offset="0" semantic="BINORMAL" source="#meshId14-bitangents" />
          <input offset="0" semantic="TEXCOORD" source="#meshId14-tex0" set="0" />
          <vcount>3 3 3 3 3 3 3 3 3 3 3 3 3 3 3 3 3 3 3 3 3 3 3 3 3 3 3 3 3 3 3 3 3 3 3 3 3 3 3 3 3 3 3 3 3 3 3 3 3 3 3 3 3 3 3 3 3 3 3 3 3 3 3 3 3 3 3 3 3 3 3 3 3 3 3 3 3 3 3 3 3 3 3 3 3 3 3 3 3 3 3 3 3 3 3 3 </vcount>
          <p>3 0 1 1 2 3 7 4 5 5 6 7 11 8 9 9 10 11 15 12 13 13 14 15 19 16 17 17 18 19 23 20 21 21 22 23 27 24 25 25 26 27 31 28 29 29 30 31 35 32 33 33 34 35 39 36 37 37 38 39 43 40 41 41 42 43 47 44 45 45 46 47 49 14 13 13 48 49 53 50 51 51 52 53 55 6 5 5 54 55 57 2 1 1 56 57 61 58 59 59 60 61 63 26 25 25 62 63 65 10 9 9 64 65 67 30 29 29 66 67 71 68 69 69 70 71 75 72 73 73 74 75 79 76 77 77 78 79 83 80 81 81 82 83 87 84 85 85 86 87 91 88 89 89 90 91 95 92 93 93 94 95 99 96 97 97 98 99 103 100 101 101 102 103 107 104 105 105 106 107 111 108 109 109 110 111 115 112 113 113 114 115 117 116 100 100 103 117 104 118 119 119 105 104 121 111 110 110 120 121 123 115 114 114 122 123 102 101 72 72 75 102 76 107 106 106 77 76 108 83 82 82 109 108 112 71 70 70 113 112 74 73 88 88 91 74 92 79 78 78 93 92 80 99 98 98 81 80 68 87 86 86 69 68 90 89 32 32 35 90 36 95 94 94 37 36 96 43 42 42 97 96 84 47 46 46 85 84 </p>
        </polylist>
      </mesh>
    </geometry>
    <geometry id="meshId15" name="meshId15_name" >
      <mesh>
        <source id="meshId15-positions" name="meshId15-positions">
          <float_array id="meshId15-positions-array" count="297"> 0.0156248 0.306885 0.771409 0.0128986 0.310059 0.770141 0.00677265 0.302926 0.772991 0.00895932 0.311821 0.769437 0.00458646 0.311821 0.769437 0.000646958 0.310059 0.770141 -0.00207948 0.306885 0.771409 -0.0030521 0.302926 0.772991 -0.00207948 0.298967 0.774572 0.000646958 0.295793 0.775841 0.00458646 0.294031 0.776544 0.00895932 0.294031 0.776544 0.0128986 0.295793 0.775841 0.0156248 0.298967 0.774572 0.0165979 0.302926 0.772991 0.0207099 0.307888 0.767321 0.019508 0.307941 0.769012 0.0209077 0.302245 0.771287 0.0222416 0.301656 0.769811 0.0177239 0.307536 0.770315 0.0189279 0.302639 0.772272 0.0215973 0.30759 0.765421 0.0232269 0.30096 0.768069 0.0143515 0.311464 0.768746 0.0170317 0.312906 0.763297 0.0164176 0.312887 0.765325 0.00947765 0.313644 0.767876 0.0104343 0.315857 0.762118 0.0102152 0.315661 0.764216 0.00406813 0.313644 0.767876 0.00311158 0.315857 0.762118 0.00333054 0.315661 0.764216 -0.000805757 0.311464 0.768746 -0.00348595 0.312906 0.763297 -0.00287181 0.312887 0.765325 -0.0041786 0.307536 0.770315 -0.00805203 0.30759 0.765421 -0.00716463 0.307888 0.767321 -0.00538212 0.302639 0.772272 -0.00968109 0.30096 0.768069 -0.0086961 0.301656 0.769811 -0.0041786 0.297741 0.774228 -0.00805203 0.29433 0.770718 -0.00716463 0.295423 0.772301 -0.000805757 0.293814 0.775797 -0.00348595 0.289014 0.772842 -0.00287181 0.290425 0.774298 0.00406813 0.291634 0.776668 0.00311158 0.286063 0.77402 0.00333054 0.287651 0.775406 0.00947765 0.291634 0.776668 0.0104343 0.286063 0.77402 0.0102152 0.287651 0.775406 0.0143515 0.293813 0.775797 0.0170317 0.289014 0.772842 0.0164176 0.290425 0.774298 0.0177239 0.297741 0.774228 0.0215973 0.29433 0.770718 0.0207099 0.295423 0.772301 0.0155857 0.312508 0.767188 0.00991822 0.315043 0.766175 0.00362757 0.315043 0.766175 -0.00203995 0.312508 0.767188 -0.0059627 0.307941 0.769012 -0.00736191 0.302245 0.771287 -0.0059627 0.29655 0.773563 -0.00203995 0.291983 0.775387 0.00362757 0.289448 0.7764 0.00991822 0.289448 0.7764 0.0155857 0.291983 0.775387 0.019508 0.29655 0.773563 0.0296875 0.0711789 0.222625 0.0322061 0.0814267 0.218531 0.0232269 0.30096 0.768069 0.0215973 0.29433 0.770718 0.0226303 0.0629608 0.225908 0.0170317 0.289014 0.772842 0.0124324 0.0584002 0.22773 0.0104343 0.286063 0.77402 0.00111313 0.0584002 0.22773 0.00311158 0.286063 0.77402 -0.00908506 0.0629608 0.225908 -0.00348595 0.289014 0.772842 -0.0161425 0.0711789 0.222625 -0.00805203 0.29433 0.770718 -0.0186608 0.0814267 0.218531 -0.00968109 0.30096 0.768069 -0.0161425 0.0916747 0.214438 -0.00805203 0.30759 0.765421 -0.00908506 0.0998927 0.211154 -0.00348595 0.312906 0.763297 0.00111313 0.104453 0.209333 0.00311158 0.315857 0.762118 0.0124324 0.104453 0.209333 0.0104343 0.315857 0.762118 0.0226303 0.0998927 0.211154 0.0170317 0.312906 0.763297 0.0296875 0.0916747 0.214438 0.0322061 0.0814267 0.218531 </float_array>
          <technique_common>
            <accessor count="99" offset="0" source="#meshId15-positions-array" stride="3">
              <param name="X" type="float" />
              <param name="Y" type="float" />
              <param name="Z" type="float" />
            </accessor>
          </technique_common>
        </source>
        <source id="meshId15-normals" name="meshId15-normals">
          <float_array id="meshId15-normals-array" count="297"> 0.122405 0.422285 0.898161 0.084713 0.466182 0.880624 0 0.37098 0.928641 0.030234 0.490542 0.870893 -0.030233 0.490544 0.870892 -0.084706 0.466187 0.880622 -0.122409 0.422288 0.898159 -0.135857 0.367547 0.920028 -0.122413 0.312795 0.941899 -0.08471 0.2689 0.959436 -0.030238 0.244538 0.969168 0.030235 0.244528 0.969171 0.084709 0.268893 0.959438 0.122404 0.312793 0.941901 0.135861 0.367543 0.920029 0.75503 0.540084 0.371806 0.585322 0.543799 0.601399 0.649658 0.282032 0.705976 0.838023 0.202422 0.506698 0.368315 0.503287 0.781695 0.408792 0.338566 0.847504 0.900853 0.408915 -0.145785 0.999867 0.006055 0.015153 0.254902 0.63537 0.728924 0.623415 0.731992 -0.274848 0.522505 0.810849 0.263653 0.090976 0.708674 0.699646 0.222488 0.911292 -0.346476 0.186483 0.961127 0.203614 -0.090974 0.708681 0.69964 -0.222488 0.911292 -0.346478 -0.186484 0.961127 0.203615 -0.254898 0.635387 0.72891 -0.623404 0.732 -0.274852 -0.522491 0.810857 0.263655 -0.368326 0.50329 0.781687 -0.900852 0.408917 -0.145784 -0.755025 0.540076 0.371826 -0.408808 0.338567 0.847495 -0.999867 0.006054 0.015153 -0.838021 0.202416 0.506704 -0.368323 0.173845 0.9133 -0.900851 -0.396812 0.176092 -0.755034 -0.135234 0.641588 -0.254886 0.041742 0.96607 -0.623402 -0.719894 0.305159 -0.522482 -0.406024 0.749771 -0.090967 -0.031562 0.995354 -0.222488 -0.899184 0.376785 -0.186471 -0.556283 0.809801 0.090967 -0.031561 0.995354 0.222489 -0.899185 0.376783 0.186472 -0.556284 0.8098 0.254887 0.041753 0.966069 0.623416 -0.719884 0.305155 0.522493 -0.406009 0.749772 0.368306 0.173846 0.913306 0.900853 -0.396807 0.176092 0.755035 -0.135228 0.641588 0.405069 0.753706 0.517539 0.14457 0.870206 0.471001 -0.144568 0.870206 0.471001 -0.405055 0.753715 0.517536 -0.585324 0.543795 0.601401 -0.649666 0.282026 0.705971 -0.585329 0.020261 0.810543 -0.405037 -0.189658 0.894413 -0.144557 -0.306148 0.940945 0.14456 -0.306151 0.940943 0.405054 -0.189649 0.894407 0.585323 0.020263 0.810547 0.900869 -0.397239 0.175031 0.999885 0.00563 0.014089 0.999867 0.006055 0.015153 0.900853 -0.396807 0.176092 0.623427 -0.720322 0.304097 0.623416 -0.719884 0.305155 0.222493 -0.899626 0.375726 0.222489 -0.899185 0.376783 -0.222492 -0.899625 0.375728 -0.222488 -0.899184 0.376785 -0.623414 -0.720332 0.304101 -0.623402 -0.719894 0.305159 -0.900867 -0.397244 0.175031 -0.900851 -0.396812 0.176092 -0.999885 0.00563 0.01409 -0.999867 0.006054 0.015153 -0.900868 0.4085 -0.14685 -0.900852 0.408917 -0.145784 -0.623415 0.731588 -0.275921 -0.623404 0.732 -0.274852 -0.222492 0.910883 -0.347548 -0.222488 0.911292 -0.346478 0.222492 0.910884 -0.347546 0.222488 0.911292 -0.346476 0.623426 0.73158 -0.275917 0.623415 0.731992 -0.274848 0.900869 0.408497 -0.146851 0.999885 0.00563 0.014089 </float_array>
          <technique_common>
            <accessor count="99" offset="0" source="#meshId15-normals-array" stride="3">
              <param name="X" type="float" />
              <param name="Y" type="float" />
              <param name="Z" type="float" />
            </accessor>
          </technique_common>
        </source>
        <source id="meshId15-tangents" name="meshId15-tangents">
          <float_array id="meshId15-tangents-array" count="297"> -0.18345 0.898999 -0.397678 -0.189472 0.875211 -0.44509 -0.173773 0.914512 -0.365336 -0.184408 0.859072 -0.477482 -0.171262 0.855863 -0.488024 -0.159958 0.865973 -0.473818 -0.159097 0.884912 -0.437743 -0.168981 0.906434 -0.387069 -0.182141 0.925838 -0.331133 -0.189066 0.941066 -0.280444 -0.184577 0.95157 -0.245857 -0.171269 0.956541 -0.235998 -0.159814 0.954099 -0.253287 -0.159041 0.942955 -0.292475 -0.169548 0.923566 -0.343919 -0.296174 0.786815 -0.541482 -0.247636 0.826192 -0.506047 -0.127254 0.95588 -0.264765 -0.0926015 0.967931 -0.233528 -0.202852 0.864048 -0.46073 -0.156663 0.940889 -0.300306 -0.427738 0.778659 -0.459053 -0.00139695 0.956961 -0.290212 -0.220311 0.772159 -0.596014 -0.611363 0.237206 -0.754963 -0.378632 0.497717 -0.78033 -0.198475 0.701368 -0.68461 -0.39863 -0.239287 -0.885345 -0.278037 0.250406 -0.927358 -0.151534 0.684521 -0.71307 0.0851547 -0.335863 -0.938054 -0.0637158 0.194983 -0.978735 -0.115083 0.728519 -0.67529 0.427307 0.0245645 -0.903773 0.0970227 0.363752 -0.926429 -0.117677 0.808797 -0.576194 0.365148 0.532087 -0.763904 0.0815735 0.640034 -0.764004 -0.155889 0.889086 -0.430378 -0.00241941 0.863361 -0.50458 -0.0917484 0.863148 -0.496546 -0.201209 0.944173 -0.260867 -0.418728 0.901286 -0.111137 -0.294192 0.944349 -0.147161 -0.220485 0.970241 -0.100094 -0.612442 0.692198 0.381807 -0.379348 0.898212 0.222059 -0.198027 0.980111 0.0129806 -0.398806 0.436598 0.806434 -0.2783 0.820405 0.499484 -0.151415 0.987439 0.0451481 0.0851739 0.402919 0.911264 -0.0636996 0.815677 0.574989 -0.114892 0.993298 -0.0126169 0.427359 0.640543 0.638019 0.0971656 0.901974 0.420716 -0.11777 0.983172 -0.139652 0.365164 0.911979 0.186948 0.0818117 0.990284 0.112445 -0.298781 0.644103 -0.704174 -0.242562 0.492645 -0.835742 -0.115294 0.457945 -0.881472 -0.0182534 0.559272 -0.828783 -0.0255472 0.729 -0.684036 -0.126302 0.875694 -0.466057 -0.245925 0.948157 -0.201294 -0.298728 0.952012 0.0665918 -0.242208 0.932952 0.266337 -0.115258 0.939249 0.323307 -0.0181647 0.976388 0.215259 -0.0254863 0.999653 -0.00658598 0.432903 0.79233 -0.429892 0.00168301 0.881714 -0.471781 0.0018136 0.881617 -0.471962 0.433012 0.792287 -0.429862 0.778819 0.537706 -0.322975 0.778882 0.537563 -0.323062 0.970773 0.168859 -0.170549 0.970797 0.16876 -0.170509 0.970574 -0.240797 -0.0018166 0.970562 -0.240845 -0.00166113 0.778109 -0.609766 0.150771 0.778045 -0.609846 0.150775 0.431328 -0.86459 0.257759 0.431245 -0.864625 0.257783 -0.00116313 -0.954321 0.298782 -0.0012496 -0.95431 0.298816 -0.433737 -0.860773 0.266351 -0.433812 -0.860712 0.266425 -0.780703 -0.601864 0.168112 -0.780748 -0.601831 0.168024 -0.973248 -0.228473 0.0242481 -0.973255 -0.228461 0.0240788 -0.973119 0.185742 -0.13616 -0.973103 0.185792 -0.136209 -0.780232 0.559169 -0.280301 -0.780191 0.559191 -0.28037 -0.432718 0.818185 -0.378588 0.00063818 0.912178 -0.409795 </float_array>
          <technique_common>
            <accessor count="99" offset="0" source="#meshId15-tangents-array" stride="3">
              <param name="X" type="float" />
              <param name="Y" type="float" />
              <param name="Z" type="float" />
            </accessor>
          </technique_common>
        </source>
        <source id="meshId15-bitangents" name="meshId15-bitangents">
          <float_array id="meshId15-bitangents-array" count="297"> -0.975379 -0.11609 0.18751 -0.978225 -0.129149 0.16247 -0.984786 -0.161372 0.0644662 -0.982385 -0.146163 0.116433 -0.984762 -0.163905 0.0581364 -0.983483 -0.180998 0.00121707 -0.979645 -0.196478 -0.0411363 -0.976211 -0.208053 -0.0610369 -0.975622 -0.212093 -0.0563618 -0.978304 -0.205153 -0.0288778 -0.982353 -0.18632 0.0163625 -0.98476 -0.158854 0.0708011 -0.983506 -0.131876 0.123794 -0.979654 -0.114001 0.165169 -0.976112 -0.109264 0.187793 -0.584988 0.298716 0.754028 -0.772059 0.147272 0.618253 -0.7495 0.0821685 0.656885 -0.53772 0.148781 0.829893 -0.907301 0.0111254 0.420335 -0.899081 -0.0100097 0.437669 -0.074197 0.475897 0.876366 -0.0162581 0.290152 0.956843 -0.941535 -0.0086648 0.336804 -0.487431 0.638687 0.59539 -0.763955 0.307899 0.567073 -0.975875 -0.076579 0.204462 -0.889715 0.335094 0.31003 -0.942295 0.116324 0.313925 -0.984257 -0.17089 0.0451157 -0.97121 -0.23821 -0.00287525 -0.98039 -0.195492 0.0248778 -0.960095 -0.256015 -0.112576 -0.65481 -0.680862 -0.328102 -0.847107 -0.45847 -0.268729 -0.922219 -0.304214 -0.238675 -0.234804 -0.741398 -0.628647 -0.650602 -0.546511 -0.527297 -0.899208 -0.308057 -0.310686 -0.0161372 -0.50455 -0.863232 -0.537869 -0.462606 -0.704765 -0.907664 -0.279847 -0.312782 -0.114609 -0.173852 -0.97808 -0.585982 -0.299862 -0.7528 -0.941499 -0.238516 -0.238097 -0.486091 0.0511268 -0.872411 -0.763614 -0.168403 -0.623324 -0.975967 -0.195926 -0.0954079 -0.889636 0.0291578 -0.455738 -0.942219 -0.132229 -0.307796 -0.984276 -0.154818 0.0850455 -0.971208 -0.170654 0.166232 -0.980393 -0.158803 0.116666 -0.960121 -0.107777 0.257976 -0.654765 -0.267341 0.706974 -0.847089 -0.146969 0.510725 -0.922215 -0.0561258 0.382582 -0.234775 -0.10411 0.966459 -0.65056 -0.0324107 0.758762 -0.864089 0.130608 0.486099 -0.959304 0.00657628 0.282301 -0.982755 -0.181736 0.0341253 -0.91411 -0.34515 -0.212778 -0.810397 -0.415747 -0.412809 -0.749654 -0.391947 -0.533288 -0.7726 -0.317156 -0.550001 -0.864122 -0.240214 -0.442256 -0.959395 -0.189404 -0.209016 -0.98276 -0.155188 0.100491 -0.914112 -0.103438 0.392045 -0.8104 -0.0168029 0.585637 0.0320877 0.463048 0.885752 -0.0150786 0.47175 0.881603 -0.0162169 0.471926 0.881489 0.0310567 0.463492 0.885557 0.0691309 0.438188 0.896221 0.0685273 0.439082 0.89583 0.0899856 0.402691 0.910902 0.0897334 0.403716 0.910473 0.0921086 0.364268 0.926728 0.0922406 0.365324 0.926299 0.076825 0.330617 0.940633 0.0775579 0.331421 0.940289 0.048937 0.307702 0.950224 0.0499622 0.308163 0.950021 0.0151285 0.298731 0.954218 0.0162697 0.298757 0.954191 -0.0176001 0.303641 0.952624 -0.0165321 0.303253 0.952767 -0.0430786 0.320216 0.946365 -0.042421 0.319337 0.946691 -0.0573183 0.343646 0.937349 -0.0572139 0.342569 0.93775 -0.0594722 0.368498 0.927724 -0.0597542 0.367462 0.928117 -0.0507784 0.390026 0.919402 -0.0515356 0.38922 0.919702 -0.0345007 0.404603 0.913841 -0.0151588 0.409756 0.912069 </float_array>
          <technique_common>
            <accessor count="99" offset="0" source="#meshId15-bitangents-array" stride="3">
              <param name="X" type="float" />
              <param name="Y" type="float" />
              <param name="Z" type="float" />
            </accessor>
          </technique_common>
        </source>
        <source id="meshId15-tex0" name="meshId15-tex0">
          <float_array id="meshId15-tex0-array" count="198"> 0.884963 0.25496 0.886122 0.255595 0.884169 0.257835 0.8869 0.256675 0.887136 0.257984 0.886781 0.259263 0.885906 0.26026 0.884685 0.260776 0.883362 0.26071 0.882199 0.260074 0.881428 0.258995 0.881202 0.257686 0.881568 0.256408 0.88245 0.255412 0.883667 0.254895 0.885483 0.252838 0.885324 0.25353 0.883462 0.253435 0.883385 0.252728 0.885153 0.254224 0.883555 0.254143 0.885627 0.252097 0.883331 0.251974 0.886619 0.255023 0.888071 0.25338 0.887561 0.25395 0.887601 0.25638 0.889636 0.255539 0.888926 0.25583 0.887897 0.258024 0.890098 0.258152 0.889332 0.258106 0.88745 0.25963 0.889378 0.260702 0.888708 0.260327 0.88635 0.260881 0.887623 0.262684 0.887181 0.262055 0.884816 0.261528 0.885181 0.263705 0.885055 0.262947 0.883153 0.261444 0.882538 0.263564 0.882754 0.262827 0.881692 0.260645 0.880219 0.262288 0.880733 0.261717 0.880724 0.25929 0.878684 0.26013 0.879395 0.259839 0.880441 0.257646 0.87824 0.257518 0.879006 0.257564 0.880902 0.256041 0.878978 0.254969 0.879648 0.255344 0.882016 0.25479 0.880764 0.252989 0.881202 0.253617 0.887089 0.254485 0.888263 0.256103 0.888615 0.258063 0.88808 0.259978 0.886767 0.261468 0.884937 0.262239 0.882955 0.262137 0.881213 0.261183 0.880059 0.259566 0.879723 0.257607 0.880274 0.255693 0.881608 0.254204 0.940593 0.03295 0.944111 0.033397 0.915316 0.254862 0.91304 0.254573 0.937073 0.032522 0.910763 0.254296 0.93355 0.032115 0.908484 0.254032 0.930025 0.031726 0.906204 0.253781 0.926498 0.031358 0.903922 0.253543 0.922969 0.031009 0.901639 0.253317 0.919438 0.030681 0.899354 0.253105 0.915906 0.030372 0.897069 0.252905 0.912371 0.030082 0.894783 0.252718 0.908835 0.029813 0.892495 0.252543 0.905298 0.029564 0.890207 0.252382 0.901759 0.029334 0.887917 0.252233 0.898219 0.029124 0.894678 0.028934 </float_array>
          <technique_common>
            <accessor count="99" offset="0" source="#meshId15-tex0-array" stride="2">
              <param name="S" type="float" />
              <param name="T" type="float" />
            </accessor>
          </technique_common>
        </source>
        <vertices id="meshId15-vertices">
          <input semantic="POSITION" source="#meshId15-positions" />
        </vertices>
        <polylist count="154" material="defaultMaterial">
          <input offset="0" semantic="VERTEX" source="#meshId15-vertices" />
          <input offset="0" semantic="NORMAL" source="#meshId15-normals" />
          <input offset="0" semantic="TANGENT" source="#meshId15-tangents" />
          <input offset="0" semantic="BINORMAL" source="#meshId15-bitangents" />
          <input offset="0" semantic="TEXCOORD" source="#meshId15-tex0" set="0" />
          <vcount>3 3 3 3 3 3 3 3 3 3 3 3 3 3 3 3 3 3 3 3 3 3 3 3 3 3 3 3 3 3 3 3 3 3 3 3 3 3 3 3 3 3 3 3 3 3 3 3 3 3 3 3 3 3 3 3 3 3 3 3 3 3 3 3 3 3 3 3 3 3 3 3 3 3 3 3 3 3 3 3 3 3 3 3 3 3 3 3 3 3 3 3 3 3 3 3 3 3 3 3 3 3 3 3 3 3 3 3 3 3 3 3 3 3 3 3 3 3 3 3 3 3 3 3 3 3 3 3 3 3 3 3 3 3 3 3 3 3 3 3 3 3 3 3 3 3 3 3 3 3 3 3 3 3 </vcount>
          <p>0 1 2 1 3 2 3 4 2 4 5 2 5 6 2 6 7 2 7 8 2 8 9 2 9 10 2 10 11 2 11 12 2 12 13 2 13 14 2 14 0 2 18 15 16 16 17 18 17 16 19 19 20 17 22 21 15 15 18 22 20 19 0 0 14 20 1 0 19 19 23 1 25 15 21 21 24 25 3 1 23 23 26 3 28 25 24 24 27 28 4 3 26 26 29 4 31 28 27 27 30 31 5 4 29 29 32 5 34 31 30 30 33 34 6 5 32 32 35 6 37 34 33 33 36 37 7 6 35 35 38 7 40 37 36 36 39 40 8 7 38 38 41 8 43 40 39 39 42 43 9 8 41 41 44 9 46 43 42 42 45 46 10 9 44 44 47 10 49 46 45 45 48 49 11 10 47 47 50 11 52 49 48 48 51 52 12 11 50 50 53 12 55 52 51 51 54 55 13 12 53 53 56 13 58 55 54 54 57 58 14 13 56 56 20 14 18 58 57 57 22 18 23 19 16 16 59 23 59 16 15 15 25 59 26 23 59 59 60 26 60 59 25 25 28 60 29 26 60 60 61 29 61 60 28 28 31 61 32 29 61 61 62 32 62 61 31 31 34 62 35 32 62 62 63 35 63 62 34 34 37 63 38 35 63 63 64 38 64 63 37 37 40 64 41 38 64 64 65 41 65 64 40 40 43 65 44 41 65 65 66 44 66 65 43 43 46 66 47 44 66 66 67 47 67 66 46 46 49 67 50 47 67 67 68 50 68 67 49 49 52 68 53 50 68 68 69 53 69 68 52 52 55 69 56 53 69 69 70 56 70 69 55 55 58 70 58 18 17 17 70 58 70 17 20 20 56 70 74 71 72 72 73 74 76 75 71 71 74 76 78 77 75 75 76 78 80 79 77 77 78 80 82 81 79 79 80 82 84 83 81 81 82 84 86 85 83 83 84 86 88 87 85 85 86 88 90 89 87 87 88 90 92 91 89 89 90 92 94 93 91 91 92 94 96 95 93 93 94 96 21 97 95 95 96 21 22 98 97 97 21 22 </p>
        </polylist>
      </mesh>
    </geometry>
    <geometry id="meshId16" name="meshId16_name" >
      <mesh>
        <source id="meshId16-positions" name="meshId16-positions">
          <float_array id="meshId16-positions-array" count="297"> 0.0156248 -0.773835 -0.300716 0.0128986 -0.775069 -0.297528 0.00677265 -0.772297 -0.304692 0.00895932 -0.775753 -0.295758 0.00458646 -0.775753 -0.295758 0.000646958 -0.775069 -0.297528 -0.00207948 -0.773835 -0.300716 -0.0030521 -0.772297 -0.304692 -0.00207948 -0.770758 -0.308668 0.000646958 -0.769524 -0.311856 0.00458646 -0.76884 -0.313625 0.00895932 -0.76884 -0.313625 0.0128986 -0.769524 -0.311856 0.0156248 -0.770758 -0.308668 0.0165979 -0.772297 -0.304692 0.0207099 -0.771526 -0.297197 0.019508 -0.772799 -0.29831 0.0209077 -0.770586 -0.30403 0.0222416 -0.769103 -0.303456 0.0177239 -0.773478 -0.299494 0.0189279 -0.771574 -0.304412 0.0215973 -0.769931 -0.296121 0.0232269 -0.767354 -0.302779 0.0143515 -0.775004 -0.29555 0.0170317 -0.771996 -0.290782 0.0164176 -0.773468 -0.292177 0.00947765 -0.775851 -0.293361 0.0104343 -0.773143 -0.287819 0.0102152 -0.774546 -0.289391 0.00406813 -0.775851 -0.293361 0.00311158 -0.773143 -0.287819 0.00333054 -0.774546 -0.289391 -0.000805757 -0.775004 -0.29555 -0.00348595 -0.771996 -0.290782 -0.00287181 -0.773468 -0.292177 -0.0041786 -0.773478 -0.299494 -0.00805203 -0.769931 -0.296121 -0.00716463 -0.771526 -0.297197 -0.00538212 -0.771574 -0.304412 -0.00968109 -0.767354 -0.302779 -0.0086961 -0.769103 -0.303456 -0.0041786 -0.769671 -0.309331 -0.00805203 -0.764778 -0.309437 -0.00716463 -0.766681 -0.309716 -0.000805757 -0.768145 -0.313275 -0.00348595 -0.762712 -0.314777 -0.00287181 -0.764739 -0.314735 0.00406813 -0.767298 -0.315464 0.00311158 -0.761565 -0.31774 0.00333054 -0.763661 -0.317521 0.00947765 -0.767298 -0.315464 0.0104343 -0.761565 -0.31774 0.0102152 -0.763661 -0.317521 0.0143515 -0.768145 -0.313275 0.0170317 -0.762712 -0.314777 0.0164176 -0.764739 -0.314735 0.0177239 -0.769671 -0.309331 0.0215973 -0.764778 -0.309437 0.0207099 -0.766681 -0.309716 0.0155857 -0.774574 -0.293724 0.00991822 -0.775559 -0.291178 0.00362757 -0.775559 -0.291178 -0.00203995 -0.774574 -0.293724 -0.0059627 -0.772799 -0.29831 -0.00736191 -0.770586 -0.30403 -0.0059627 -0.768373 -0.30975 -0.00203995 -0.766598 -0.314336 0.00362757 -0.765613 -0.316882 0.00991822 -0.765613 -0.316882 0.0155857 -0.766598 -0.314336 0.019508 -0.768373 -0.30975 0.0296875 -0.211483 -0.0995156 0.0322061 -0.215466 -0.0892239 0.0232269 -0.767354 -0.302779 0.0215973 -0.764778 -0.309437 0.0226303 -0.20829 -0.107769 0.0170317 -0.762712 -0.314777 0.0124324 -0.206517 -0.112349 0.0104343 -0.761565 -0.31774 0.00111313 -0.206517 -0.112349 0.00311158 -0.761565 -0.31774 -0.00908506 -0.20829 -0.107769 -0.00348595 -0.762712 -0.314777 -0.0161425 -0.211483 -0.0995156 -0.00805203 -0.764778 -0.309437 -0.0186608 -0.215466 -0.0892239 -0.00968109 -0.767354 -0.302779 -0.0161425 -0.219448 -0.0789323 -0.00805203 -0.769931 -0.296121 -0.00908506 -0.222642 -0.0706788 -0.00348595 -0.771996 -0.290782 0.00111313 -0.224414 -0.0660988 0.00311158 -0.773143 -0.287819 0.0124324 -0.224414 -0.0660988 0.0104343 -0.773143 -0.287819 0.0226303 -0.222642 -0.0706788 0.0170317 -0.771996 -0.290782 0.0296875 -0.219448 -0.0789323 0.0322061 -0.215466 -0.0892239 </float_array>
          <technique_common>
            <accessor count="99" offset="0" source="#meshId16-positions-array" stride="3">
              <param name="X" type="float" />
              <param name="Y" type="float" />
              <param name="Z" type="float" />
            </accessor>
          </technique_common>
        </source>
        <source id="meshId16-normals" name="meshId16-normals">
          <float_array id="meshId16-normals-array" count="297"> 0.122399 -0.945233 -0.302579 0.084689 -0.962302 -0.258463 0 -0.932612 -0.360881 0.030218 -0.971769 -0.233993 -0.030216 -0.971768 -0.233995 -0.084697 -0.962303 -0.258458 -0.122425 -0.945233 -0.302566 -0.135853 -0.923967 -0.357532 -0.122397 -0.902701 -0.412491 -0.084692 -0.885641 -0.456583 -0.030226 -0.876176 -0.481043 0.030222 -0.876174 -0.481046 0.08469 -0.885641 -0.456582 0.122388 -0.902703 -0.412491 0.135852 -0.923964 -0.357539 0.755018 -0.640105 0.142174 0.585333 -0.810712 -0.011466 0.649661 -0.708997 -0.274343 0.838 -0.508901 -0.196913 0.36834 -0.915126 -0.163919 0.40882 -0.851116 -0.329344 0.900854 -0.171771 0.398695 0.999867 -0.015215 -0.005888 0.254893 -0.966464 -0.031275 0.623417 -0.297323 0.723153 0.522499 -0.745314 0.414127 0.09096 -0.994954 0.042334 0.222487 -0.367002 0.903222 0.186472 -0.803698 0.565065 -0.090959 -0.994954 0.042336 -0.222485 -0.367004 0.903221 -0.186471 -0.8037 0.565062 -0.254887 -0.966465 -0.031272 -0.623404 -0.297329 0.723162 -0.522481 -0.745319 0.414141 -0.368339 -0.915126 -0.163923 -0.900853 -0.171774 0.398694 -0.755018 -0.640104 0.142175 -0.408819 -0.851118 -0.32934 -0.999867 -0.015219 -0.005889 -0.838009 -0.508888 -0.196911 -0.368325 -0.787113 -0.494762 -0.900853 0.141337 -0.410473 -0.755023 -0.377669 -0.53601 -0.254885 -0.735778 -0.627427 -0.623405 0.266891 -0.734939 -0.52248 -0.272438 -0.807955 -0.090968 -0.707295 -0.701041 -0.222486 0.336565 -0.914999 -0.186476 -0.214044 -0.95886 0.090962 -0.707292 -0.701045 0.222488 0.336566 -0.914999 0.186475 -0.21404 -0.958861 0.254895 -0.735777 -0.627424 0.623418 0.266888 -0.734929 0.522499 -0.272441 -0.807943 0.368329 -0.787111 -0.494763 0.900853 0.141339 -0.410473 0.755024 -0.377671 -0.536007 0.405069 -0.89229 0.199343 0.144561 -0.937562 0.316354 -0.144561 -0.937562 0.316353 -0.405049 -0.8923 0.199339 -0.585328 -0.810715 -0.011476 -0.649668 -0.708988 -0.274348 -0.585323 -0.607271 -0.537232 -0.405047 -0.525696 -0.748051 -0.144567 -0.480419 -0.865042 0.144564 -0.480409 -0.865048 0.405067 -0.525688 -0.748046 0.585327 -0.60727 -0.53723 0.900869 0.14241 -0.410067 0.999885 -0.014147 -0.005475 0.999867 -0.015215 -0.005888 0.900853 0.141339 -0.410473 0.623428 0.267961 -0.73453 0.623418 0.266888 -0.734929 0.222492 0.33764 -0.914602 0.222488 0.336566 -0.914999 -0.222491 0.33764 -0.914602 -0.222486 0.336565 -0.914999 -0.623415 0.267965 -0.73454 -0.623405 0.266891 -0.734939 -0.900869 0.142408 -0.410067 -0.900853 0.141337 -0.410473 -0.999885 -0.014151 -0.005475 -0.999867 -0.015219 -0.005889 -0.900869 -0.170709 0.399115 -0.900853 -0.171774 0.398694 -0.623413 -0.296266 0.72359 -0.623404 -0.297329 0.723162 -0.222488 -0.365942 0.903651 -0.222485 -0.367004 0.903221 0.222489 -0.36594 0.903652 0.222487 -0.367002 0.903222 0.623427 -0.296261 0.72358 0.623417 -0.297323 0.723153 0.90087 -0.170706 0.399115 0.999885 -0.014147 -0.005475 </float_array>
          <technique_common>
            <accessor count="99" offset="0" source="#meshId16-normals-array" stride="3">
              <param name="X" type="float" />
              <param name="Y" type="float" />
              <param name="Z" type="float" />
            </accessor>
          </technique_common>
        </source>
        <source id="meshId16-tangents" name="meshId16-tangents">
          <float_array id="meshId16-tangents-array" count="297"> -0.183111 -0.321145 0.929159 -0.189921 -0.270229 0.943878 -0.173791 -0.355389 0.91842 -0.184578 -0.235499 0.954186 -0.171271 -0.225606 0.959046 -0.159946 -0.242896 0.956775 -0.159097 -0.282226 0.946064 -0.169023 -0.333972 0.927305 -0.182332 -0.38809 0.903405 -0.189012 -0.43563 0.880058 -0.184699 -0.468079 0.864169 -0.170803 -0.478714 0.861196 -0.159823 -0.46437 0.871101 -0.15929 -0.428093 0.889586 -0.169706 -0.377253 0.910428 -0.295939 -0.139169 0.945014 -0.247641 -0.192227 0.949591 -0.127245 -0.457192 0.880218 -0.0926149 -0.488277 0.86776 -0.202788 -0.251155 0.946466 -0.156774 -0.421012 0.893404 -0.427719 -0.194022 0.882843 -0.00139241 -0.439175 0.898401 -0.220652 -0.0896234 0.971226 -0.611862 0.390315 0.687953 -0.378715 0.232295 0.895887 -0.198511 0.0235418 0.979816 -0.398599 0.811232 0.427809 -0.27811 0.508447 0.814946 -0.151487 0.0558415 0.986881 0.0850407 0.915605 0.392984 -0.0636865 0.583829 0.809375 -0.115072 -0.00179408 0.993356 0.426518 0.645844 0.63322 0.0969869 0.430608 0.897313 -0.117821 -0.128949 0.984627 0.365045 0.197323 0.909838 0.0816218 0.123393 0.988995 -0.156031 -0.290375 0.944106 -0.00241973 -0.218615 0.975808 -0.0916837 -0.224421 0.97017 -0.200946 -0.452195 0.868988 -0.418727 -0.532474 0.735622 -0.294208 -0.535428 0.791681 -0.220327 -0.587599 0.778578 -0.612391 -0.751075 0.246704 -0.379326 -0.774376 0.506414 -0.197993 -0.677061 0.708793 -0.398784 -0.887836 -0.229607 -0.278392 -0.924464 0.260507 -0.150935 -0.705622 0.692326 0.0865256 -0.941635 -0.325325 -0.0636746 -0.976561 0.205608 -0.114863 -0.667301 0.735877 0.427355 -0.903428 0.0344345 0.0971959 -0.922369 0.373883 -0.117724 -0.567381 0.814997 0.365181 -0.757995 0.54045 0.081815 -0.75681 0.648494 -0.298309 0.0771149 0.951349 -0.24257 0.276378 0.929933 -0.115285 0.333493 0.935677 -0.0177388 0.225653 0.974046 -0.0252775 0.0040993 0.999672 -0.126284 -0.255219 0.958601 -0.245766 -0.498539 0.831299 -0.298764 -0.697156 0.651701 -0.24221 -0.830449 0.501686 -0.116002 -0.876431 0.467345 -0.0181374 -0.822633 0.568283 -0.0252892 -0.675946 0.736517 0.432904 -0.224896 0.872935 0.00168863 -0.254874 0.966973 0.00181556 -0.254889 0.966969 0.433013 -0.224893 0.872882 0.778819 -0.129771 0.613677 0.77888 -0.129606 0.613635 0.970774 0.00984925 0.239793 0.970797 0.00990602 0.239699 0.970573 0.165345 -0.175067 0.970564 0.165246 -0.175214 0.778107 0.304934 -0.549149 0.778042 0.304991 -0.54921 0.431323 0.400156 -0.808601 0.431239 0.400179 -0.808635 -0.00116441 0.431332 -0.902192 -0.00124949 0.431216 -0.902248 -0.433736 0.39115 -0.811711 -0.433809 0.391163 -0.811666 -0.780704 0.286857 -0.55517 -0.78075 0.286855 -0.555107 -0.973242 0.137969 -0.18375 -0.973256 0.137972 -0.183675 -0.97312 -0.0268186 0.228732 -0.973102 -0.0267949 0.228813 -0.780231 -0.175631 0.600327 -0.780197 -0.175735 0.600341 -0.432715 -0.280062 0.856926 0.000640916 -0.321204 0.94701 </float_array>
          <technique_common>
            <accessor count="99" offset="0" source="#meshId16-tangents-array" stride="3">
              <param name="X" type="float" />
              <param name="Y" type="float" />
              <param name="Z" type="float" />
            </accessor>
          </technique_common>
        </source>
        <source id="meshId16-bitangents" name="meshId16-bitangents">
          <float_array id="meshId16-bitangents-array" count="297"> -0.975443 -0.0583227 -0.21239 -0.97814 -0.0308485 -0.205647 -0.984783 0.0627177 -0.162079 -0.982354 0.0143563 -0.186483 -0.98476 0.069055 -0.159618 -0.983486 0.122375 -0.133344 -0.979643 0.163959 -0.115832 -0.976205 0.186408 -0.110801 -0.975589 0.185784 -0.11709 -0.978316 0.160833 -0.130502 -0.98233 0.114969 -0.147681 -0.984841 0.0561372 -0.164121 -0.983506 -0.000801042 -0.180874 -0.979616 -0.0431688 -0.196185 -0.976086 -0.0630069 -0.208053 -0.585122 -0.755578 -0.294507 -0.772049 -0.552987 -0.313282 -0.7495 -0.536935 -0.387236 -0.537752 -0.708946 -0.456308 -0.907305 -0.315381 -0.278087 -0.899048 -0.313609 -0.305551 -0.0742914 -0.965842 -0.248255 -0.016255 -0.898273 -0.439137 -0.941458 -0.240658 -0.236097 -0.486801 -0.871352 0.061408 -0.763917 -0.624936 -0.160887 -0.975868 -0.0975278 -0.195368 -0.88973 -0.455206 0.0342018 -0.942276 -0.309115 -0.128705 -0.984265 0.0833523 -0.155802 -0.97122 0.164244 -0.172498 -0.980394 0.114938 -0.160052 -0.960099 0.256792 -0.110756 -0.655325 0.703194 -0.275806 -0.847117 0.508995 -0.152698 -0.922195 0.38199 -0.0603239 -0.234958 0.965172 -0.115054 -0.650603 0.758314 -0.0409177 -0.899178 0.437356 -0.0140895 -0.0161382 0.975693 0.218549 -0.537899 0.831064 0.14141 -0.907721 0.419491 0.00838715 -0.114595 0.834563 0.538862 -0.585988 0.755436 0.293147 -0.941536 0.336687 -0.0123414 -0.486151 0.603867 0.631666 -0.763627 0.571069 0.301253 -0.975973 0.203279 -0.0784486 -0.889646 0.313802 0.331748 -0.942192 0.315517 0.112802 -0.98435 0.0428369 -0.17094 -0.971089 -0.00678997 -0.238624 -0.980394 0.0227144 -0.195733 -0.960122 -0.115503 -0.254606 -0.654765 -0.335543 -0.677269 -0.847082 -0.273882 -0.455457 -0.922212 -0.241942 -0.301645 -0.23475 -0.636763 -0.734456 -0.650573 -0.533482 -0.540511 -0.864251 -0.444828 -0.234942 -0.959303 -0.21117 -0.187471 -0.982757 0.0987918 -0.156297 -0.914123 0.391 -0.107229 -0.810402 0.585426 -0.0228922 -0.749655 0.657418 0.0762741 -0.772655 0.618612 0.14256 -0.864104 0.48746 0.125322 -0.959393 0.282049 0.00369331 -0.982672 0.0327863 -0.182429 -0.914107 -0.216625 -0.342756 -0.810403 -0.417517 -0.411007 0.0320923 -0.96392 -0.264252 -0.0150752 -0.966871 -0.254821 -0.0162132 -0.966851 -0.254828 0.0310598 -0.964078 -0.263797 0.0691208 -0.95465 -0.289596 0.0685207 -0.954973 -0.288672 0.0899718 -0.941224 -0.325581 0.0897386 -0.941608 -0.324533 0.0921154 -0.926639 -0.364492 0.0922291 -0.927047 -0.363423 0.0768336 -0.913898 -0.398606 0.0775706 -0.914193 -0.397785 0.0489397 -0.905315 -0.421912 0.0499727 -0.905473 -0.421453 0.0151285 -0.902082 -0.431299 0.0162707 -0.902121 -0.431177 -0.0175472 -0.904356 -0.426417 -0.0165311 -0.904149 -0.426897 -0.0430886 -0.91101 -0.410126 -0.0423936 -0.910664 -0.410966 -0.0574344 -0.920353 -0.386847 -0.0572095 -0.91993 -0.387886 -0.0594677 -0.930252 -0.36207 -0.059773 -0.929835 -0.363092 -0.0507704 -0.93882 -0.340645 -0.0514117 -0.938465 -0.341527 -0.0345054 -0.944682 -0.326167 -0.0151559 -0.946904 -0.321158 </float_array>
          <technique_common>
            <accessor count="99" offset="0" source="#meshId16-bitangents-array" stride="3">
              <param name="X" type="float" />
              <param name="Y" type="float" />
              <param name="Z" type="float" />
            </accessor>
          </technique_common>
        </source>
        <source id="meshId16-tex0" name="meshId16-tex0">
          <float_array id="meshId16-tex0-array" count="198"> 0.453876 0.848638 0.455036 0.849274 0.453083 0.851513 0.455814 0.850353 0.45605 0.851662 0.455694 0.852941 0.454819 0.853938 0.453599 0.854454 0.452275 0.854388 0.451113 0.853752 0.450342 0.852673 0.450116 0.851365 0.450481 0.850086 0.451364 0.84909 0.45258 0.848573 0.454396 0.846516 0.454237 0.847208 0.452375 0.847113 0.452299 0.846406 0.454066 0.847902 0.452469 0.847821 0.454541 0.845776 0.452245 0.845652 0.455532 0.848701 0.456985 0.847058 0.456475 0.847629 0.456515 0.850058 0.45855 0.849217 0.45784 0.849508 0.456811 0.851702 0.459012 0.85183 0.458246 0.851784 0.456363 0.853308 0.458292 0.85438 0.457621 0.854006 0.455263 0.854559 0.456536 0.856362 0.456094 0.855734 0.453729 0.855207 0.454094 0.857383 0.453969 0.856625 0.452067 0.855123 0.451451 0.857242 0.451667 0.856505 0.450606 0.854323 0.449132 0.855966 0.449646 0.855395 0.449638 0.852968 0.447598 0.853808 0.448308 0.853517 0.449355 0.851324 0.447154 0.851196 0.44792 0.851243 0.449815 0.849719 0.447892 0.848647 0.448561 0.849022 0.450929 0.848469 0.449678 0.846667 0.450115 0.847295 0.456002 0.848163 0.457177 0.849781 0.457529 0.851741 0.456994 0.853656 0.45568 0.855146 0.453851 0.855917 0.451868 0.855815 0.450127 0.854861 0.448973 0.853244 0.448637 0.851285 0.449187 0.849371 0.450521 0.847882 0.509506 0.626628 0.513024 0.627076 0.48423 0.84854 0.481954 0.848251 0.505986 0.626201 0.479676 0.847974 0.502464 0.625793 0.477397 0.84771 0.498939 0.625405 0.475117 0.847459 0.495412 0.625036 0.472835 0.847221 0.491883 0.624688 0.470552 0.846995 0.488352 0.624359 0.468268 0.846783 0.484819 0.62405 0.465983 0.846583 0.481285 0.623761 0.463696 0.846396 0.477749 0.623491 0.461409 0.846221 0.474211 0.623242 0.45912 0.84606 0.470673 0.623012 0.456831 0.845911 0.467133 0.622802 0.463591 0.622612 </float_array>
          <technique_common>
            <accessor count="99" offset="0" source="#meshId16-tex0-array" stride="2">
              <param name="S" type="float" />
              <param name="T" type="float" />
            </accessor>
          </technique_common>
        </source>
        <vertices id="meshId16-vertices">
          <input semantic="POSITION" source="#meshId16-positions" />
        </vertices>
        <polylist count="154" material="defaultMaterial">
          <input offset="0" semantic="VERTEX" source="#meshId16-vertices" />
          <input offset="0" semantic="NORMAL" source="#meshId16-normals" />
          <input offset="0" semantic="TANGENT" source="#meshId16-tangents" />
          <input offset="0" semantic="BINORMAL" source="#meshId16-bitangents" />
          <input offset="0" semantic="TEXCOORD" source="#meshId16-tex0" set="0" />
          <vcount>3 3 3 3 3 3 3 3 3 3 3 3 3 3 3 3 3 3 3 3 3 3 3 3 3 3 3 3 3 3 3 3 3 3 3 3 3 3 3 3 3 3 3 3 3 3 3 3 3 3 3 3 3 3 3 3 3 3 3 3 3 3 3 3 3 3 3 3 3 3 3 3 3 3 3 3 3 3 3 3 3 3 3 3 3 3 3 3 3 3 3 3 3 3 3 3 3 3 3 3 3 3 3 3 3 3 3 3 3 3 3 3 3 3 3 3 3 3 3 3 3 3 3 3 3 3 3 3 3 3 3 3 3 3 3 3 3 3 3 3 3 3 3 3 3 3 3 3 3 3 3 3 3 3 </vcount>
          <p>0 1 2 1 3 2 3 4 2 4 5 2 5 6 2 6 7 2 7 8 2 8 9 2 9 10 2 10 11 2 11 12 2 12 13 2 13 14 2 14 0 2 18 15 16 16 17 18 17 16 19 19 20 17 22 21 15 15 18 22 20 19 0 0 14 20 1 0 19 19 23 1 25 15 21 21 24 25 3 1 23 23 26 3 28 25 24 24 27 28 4 3 26 26 29 4 31 28 27 27 30 31 5 4 29 29 32 5 34 31 30 30 33 34 6 5 32 32 35 6 37 34 33 33 36 37 7 6 35 35 38 7 40 37 36 36 39 40 8 7 38 38 41 8 43 40 39 39 42 43 9 8 41 41 44 9 46 43 42 42 45 46 10 9 44 44 47 10 49 46 45 45 48 49 11 10 47 47 50 11 52 49 48 48 51 52 12 11 50 50 53 12 55 52 51 51 54 55 13 12 53 53 56 13 58 55 54 54 57 58 14 13 56 56 20 14 18 58 57 57 22 18 23 19 16 16 59 23 59 16 15 15 25 59 26 23 59 59 60 26 60 59 25 25 28 60 29 26 60 60 61 29 61 60 28 28 31 61 32 29 61 61 62 32 62 61 31 31 34 62 35 32 62 62 63 35 63 62 34 34 37 63 38 35 63 63 64 38 64 63 37 37 40 64 41 38 64 64 65 41 65 64 40 40 43 65 44 41 65 65 66 44 66 65 43 43 46 66 47 44 66 66 67 47 67 66 46 46 49 67 50 47 67 67 68 50 68 67 49 49 52 68 53 50 68 68 69 53 69 68 52 52 55 69 56 53 69 69 70 56 70 69 55 55 58 70 58 18 17 17 70 58 70 17 20 20 56 70 74 71 72 72 73 74 76 75 71 71 74 76 78 77 75 75 76 78 80 79 77 77 78 80 82 81 79 79 80 82 84 83 81 81 82 84 86 85 83 83 84 86 88 87 85 85 86 88 90 89 87 87 88 90 92 91 89 89 90 92 94 93 91 91 92 94 96 95 93 93 94 96 21 97 95 95 96 21 22 98 97 97 21 22 </p>
        </polylist>
      </mesh>
    </geometry>
    <geometry id="meshId17" name="meshId17_name" >
      <mesh>
        <source id="meshId17-positions" name="meshId17-positions">
          <float_array id="meshId17-positions-array" count="297"> 0.0156248 -0.326614 -0.763265 0.0128986 -0.329755 -0.761916 0.00677265 -0.322697 -0.764948 0.00895932 -0.331499 -0.761167 0.00458646 -0.331499 -0.761167 0.000646958 -0.329755 -0.761916 -0.00207948 -0.326614 -0.763265 -0.0030521 -0.322697 -0.764948 -0.00207948 -0.318781 -0.766631 0.000646958 -0.31564 -0.76798 0.00458646 -0.313897 -0.768729 0.00895932 -0.313897 -0.768729 0.0128986 -0.31564 -0.76798 0.0156248 -0.318781 -0.766631 0.0165979 -0.322697 -0.764948 0.0207099 -0.327513 -0.759153 0.019508 -0.327608 -0.760842 0.0209077 -0.321974 -0.763263 0.0222416 -0.321346 -0.761802 0.0177239 -0.327238 -0.762155 0.0189279 -0.322392 -0.764237 0.0215973 -0.327165 -0.757261 0.0232269 -0.320606 -0.760079 0.0143515 -0.331124 -0.760485 0.0170317 -0.332425 -0.755001 0.0164176 -0.332458 -0.757028 0.00947765 -0.33328 -0.759559 0.0104343 -0.335345 -0.753747 0.0102152 -0.335203 -0.755849 0.00406813 -0.33328 -0.759559 0.00311158 -0.335345 -0.753747 0.00333054 -0.335203 -0.755849 -0.000805757 -0.331124 -0.760485 -0.00348595 -0.332425 -0.755001 -0.00287181 -0.332458 -0.757028 -0.0041786 -0.327238 -0.762155 -0.00805203 -0.327165 -0.757261 -0.00716463 -0.327513 -0.759153 -0.00538212 -0.322392 -0.764237 -0.00968109 -0.320606 -0.760079 -0.0086961 -0.321346 -0.761802 -0.0041786 -0.317546 -0.766319 -0.00805203 -0.314046 -0.762897 -0.00716463 -0.315179 -0.764452 -0.000805757 -0.313661 -0.767988 -0.00348595 -0.308786 -0.765157 -0.00287181 -0.310234 -0.766576 0.00406813 -0.311504 -0.768914 0.00311158 -0.305867 -0.766411 0.00333054 -0.30749 -0.767755 0.00947765 -0.311504 -0.768914 0.0104343 -0.305867 -0.766411 0.0102152 -0.30749 -0.767755 0.0143515 -0.31366 -0.767988 0.0170317 -0.308786 -0.765157 0.0164176 -0.310234 -0.766576 0.0177239 -0.317546 -0.766319 0.0215973 -0.314046 -0.762897 0.0207099 -0.315179 -0.764452 0.0155857 -0.332127 -0.758901 0.00991822 -0.334635 -0.757823 0.00362757 -0.334635 -0.757823 -0.00203995 -0.332127 -0.758901 -0.0059627 -0.327608 -0.760842 -0.00736191 -0.321974 -0.763263 -0.0059627 -0.316338 -0.765683 -0.00203995 -0.31182 -0.767625 0.00362757 -0.309312 -0.768702 0.00991822 -0.309312 -0.768702 0.0155857 -0.31182 -0.767625 0.019508 -0.316338 -0.765683 0.0296875 -0.0768787 -0.220722 0.0322061 -0.087018 -0.216366 0.0232269 -0.320606 -0.760079 0.0215973 -0.314046 -0.762897 0.0226303 -0.0687477 -0.224215 0.0170317 -0.308786 -0.765157 0.0124324 -0.0642353 -0.226154 0.0104343 -0.305867 -0.766411 0.00111313 -0.0642353 -0.226154 0.00311158 -0.305867 -0.766411 -0.00908506 -0.0687477 -0.224215 -0.00348595 -0.308786 -0.765157 -0.0161425 -0.0768787 -0.220722 -0.00805203 -0.314046 -0.762897 -0.0186608 -0.087018 -0.216366 -0.00968109 -0.320606 -0.760079 -0.0161425 -0.0971571 -0.21201 -0.00805203 -0.327165 -0.757261 -0.00908506 -0.105288 -0.208517 -0.00348595 -0.332425 -0.755001 0.00111313 -0.1098 -0.206578 0.00311158 -0.335345 -0.753747 0.0124324 -0.1098 -0.206578 0.0104343 -0.335345 -0.753747 0.0226303 -0.105288 -0.208517 0.0170317 -0.332425 -0.755001 0.0296875 -0.0971571 -0.21201 0.0322061 -0.087018 -0.216366 </float_array>
          <technique_common>
            <accessor count="99" offset="0" source="#meshId17-positions-array" stride="3">
              <param name="X" type="float" />
              <param name="Y" type="float" />
              <param name="Z" type="float" />
            </accessor>
          </technique_common>
        </source>
        <source id="meshId17-normals" name="meshId17-normals">
          <float_array id="meshId17-normals-array" count="297"> 0.122396 -0.445226 -0.887014 0.084712 -0.488657 -0.868354 1e-06 -0.394729 -0.918798 0.030243 -0.512774 -0.857991 -0.030233 -0.512781 -0.857987 -0.084715 -0.488664 -0.868349 -0.122421 -0.445222 -0.887012 -0.135856 -0.391071 -0.910278 -0.122412 -0.336918 -0.933542 -0.0847 -0.293484 -0.952204 -0.030227 -0.269382 -0.962559 0.030228 -0.269371 -0.962562 0.084701 -0.293477 -0.952206 0.1224 -0.336919 -0.933544 0.135858 -0.391072 -0.910277 0.755028 -0.549465 -0.357801 0.585324 -0.55907 -0.587228 0.649656 -0.300084 -0.698496 0.838013 -0.215385 -0.501342 0.368319 -0.523215 -0.768497 0.408806 -0.360242 -0.838512 0.900852 -0.405034 0.156249 0.999867 -0.006443 -0.014992 0.254885 -0.653895 -0.712359 0.62342 -0.72468 0.293575 0.522513 -0.817363 -0.242688 0.090961 -0.726427 -0.681198 0.222489 -0.902083 0.36979 0.186481 -0.966051 -0.1788 -0.090971 -0.726445 -0.681177 -0.222486 -0.902085 0.369788 -0.18648 -0.966047 -0.178826 -0.254903 -0.653928 -0.712322 -0.623405 -0.724692 0.293578 -0.522489 -0.81737 -0.242718 -0.368339 -0.523216 -0.768486 -0.900853 -0.405031 0.156248 -0.755025 -0.549457 -0.357819 -0.408805 -0.360247 -0.838511 -0.999867 -0.006443 -0.014993 -0.838018 -0.215377 -0.501338 -0.368322 -0.197269 -0.908528 -0.900853 0.39215 -0.186234 -0.755033 0.118688 -0.644856 -0.254893 -0.066562 -0.964676 -0.623402 0.711812 -0.323564 -0.522491 0.386607 -0.75996 -0.090973 0.005964 -0.995836 -0.222485 0.889202 -0.399776 -0.186473 0.535281 -0.823834 0.090967 0.005961 -0.995836 0.222486 0.889202 -0.399776 0.186478 0.535284 -0.823831 0.254896 -0.066578 -0.964674 0.623416 0.711801 -0.32356 0.522505 0.386599 -0.759954 0.368323 -0.197269 -0.908528 0.900853 0.39215 -0.186233 0.755031 0.118692 -0.644857 0.405061 -0.766759 -0.498002 0.144563 -0.882015 -0.448499 -0.144567 -0.882013 -0.4485 -0.405047 -0.766759 -0.498014 -0.585312 -0.559069 -0.587241 -0.649655 -0.30009 -0.698494 -0.585322 -0.041089 -0.809759 -0.405058 0.166607 -0.898983 -0.14457 0.281855 -0.948503 0.144568 0.281859 -0.948502 0.405069 0.166594 -0.89898 0.585318 -0.041089 -0.809762 0.900869 0.392609 -0.185184 0.999885 -0.00599 -0.01394 0.999867 -0.006443 -0.014992 0.900853 0.39215 -0.186233 0.623428 0.712266 -0.322513 0.623416 0.711801 -0.32356 0.22249 0.88967 -0.39873 0.222486 0.889202 -0.399776 -0.222489 0.88967 -0.398731 -0.222485 0.889202 -0.399776 -0.623414 0.712277 -0.322518 -0.623402 0.711812 -0.323564 -0.900869 0.392609 -0.185184 -0.900853 0.39215 -0.186234 -0.999885 -0.00599 -0.013941 -0.999867 -0.006443 -0.014993 -0.900869 -0.404587 0.157304 -0.900853 -0.405031 0.156248 -0.623416 -0.724253 0.294636 -0.623405 -0.724692 0.293578 -0.222491 -0.901649 0.370847 -0.222486 -0.902085 0.369788 0.222494 -0.901647 0.370849 0.222489 -0.902083 0.36979 0.623431 -0.724241 0.294633 0.62342 -0.72468 0.293575 0.900868 -0.40459 0.157304 0.999885 -0.00599 -0.01394 </float_array>
          <technique_common>
            <accessor count="99" offset="0" source="#meshId17-normals-array" stride="3">
              <param name="X" type="float" />
              <param name="Y" type="float" />
              <param name="Z" type="float" />
            </accessor>
          </technique_common>
        </source>
        <source id="meshId17-tangents" name="meshId17-tangents">
          <float_array id="meshId17-tangents-array" count="297"> -0.183209 -0.88851 0.420696 -0.189374 -0.863498 0.46745 -0.173791 -0.904816 0.388722 -0.184549 -0.84649 0.499396 -0.171269 -0.843027 0.509875 -0.159457 -0.853601 0.495921 -0.158912 -0.87341 0.460327 -0.169025 -0.896177 0.41024 -0.182335 -0.916972 0.354847 -0.189525 -0.933447 0.304561 -0.184733 -0.944904 0.270242 -0.17144 -0.950128 0.260508 -0.159975 -0.947249 0.277719 -0.159307 -0.93509 0.31659 -0.169666 -0.914407 0.367524 -0.296172 -0.772633 0.561533 -0.247726 -0.812937 0.527034 -0.127125 -0.948742 0.289358 -0.0925871 -0.961602 0.258358 -0.202447 -0.851909 0.482977 -0.156821 -0.932858 0.324319 -0.427729 -0.766528 0.479043 -0.00139743 -0.949183 0.314721 -0.22089 -0.756585 0.615456 -0.61185 -0.218379 0.76023 -0.378715 -0.477501 0.792823 -0.198639 -0.683523 0.702381 -0.398693 0.261945 0.878879 -0.278168 -0.226463 0.933455 -0.150748 -0.666085 0.730483 0.0850519 0.35989 0.92911 -0.0642483 -0.169638 0.98341 -0.115067 -0.710909 0.693807 0.426485 -0.00045934 0.904495 0.0969856 -0.339789 0.935488 -0.117768 -0.793686 0.59682 0.365029 -0.511895 0.777636 0.0815999 -0.620203 0.780185 -0.156032 -0.877675 0.453144 -0.00241837 -0.850109 0.526601 -0.0916939 -0.850147 0.518499 -0.201136 -0.937178 0.285031 -0.418733 -0.898116 0.134349 -0.294279 -0.940204 0.171511 -0.220135 -0.967438 0.124918 -0.612055 -0.701761 -0.364583 -0.379439 -0.903605 -0.198809 -0.198712 -0.979981 0.012284 -0.397595 -0.457159 -0.795565 -0.277708 -0.833063 -0.478419 -0.150823 -0.988365 -0.0196935 0.0864223 -0.426426 -0.900384 -0.063616 -0.830201 -0.553823 -0.114848 -0.99265 0.0381625 0.426715 -0.656489 -0.622043 0.0967542 -0.912426 -0.39764 -0.117604 -0.979265 0.164951 0.365184 -0.916489 -0.163368 0.0817991 -0.992847 -0.0869684 -0.298787 -0.625794 0.720492 -0.242421 -0.471017 0.84816 -0.115522 -0.435118 0.892932 -0.0181377 -0.537851 0.842845 -0.0252898 -0.711326 0.702408 -0.126277 -0.863435 0.4884 -0.245793 -0.942727 0.225504 -0.299022 -0.953324 -0.0419466 -0.24273 -0.939386 -0.242149 -0.115476 -0.947216 -0.299077 -0.0181689 -0.981598 -0.190091 -0.0252037 -0.999155 0.0324812 0.432903 -0.781017 0.450119 0.00168696 -0.86918 0.494492 0.00181266 -0.869205 0.494449 0.433012 -0.780977 0.450083 0.778819 -0.529231 0.336682 0.778894 -0.529166 0.336612 0.970774 -0.164421 0.174824 0.970798 -0.164318 0.17479 0.970574 0.240764 -0.00436735 0.970546 0.240877 -0.00436233 0.778108 0.605693 -0.166385 0.77806 0.605702 -0.166576 0.431324 0.857679 -0.279903 0.43124 0.85772 -0.279908 -0.00116419 0.946357 -0.32312 -0.00125386 0.946374 -0.32307 -0.433736 0.853604 -0.288501 -0.433809 0.853577 -0.288471 -0.780703 0.597344 -0.183528 -0.780755 0.597253 -0.183603 -0.973242 0.227812 -0.0300145 -0.973255 0.227768 -0.0299341 -0.973118 -0.182178 0.1409 -0.973102 -0.18223 0.140938 -0.780228 -0.551782 0.294588 -0.780197 -0.551886 0.294473 -0.432721 -0.808181 0.399496 0.000639036 -0.90133 0.433132 </float_array>
          <technique_common>
            <accessor count="99" offset="0" source="#meshId17-tangents-array" stride="3">
              <param name="X" type="float" />
              <param name="Y" type="float" />
              <param name="Z" type="float" />
            </accessor>
          </technique_common>
        </source>
        <source id="meshId17-bitangents" name="meshId17-bitangents">
          <float_array id="meshId17-bitangents-array" count="297"> -0.975425 0.111017 -0.190319 -0.978244 0.124845 -0.165687 -0.984783 0.159678 -0.0686011 -0.982358 0.143238 -0.120232 -0.98476 0.162362 -0.0623364 -0.983563 0.180476 -0.0056081 -0.979673 0.19731 0.0361728 -0.976203 0.209593 0.0556502 -0.975586 0.213654 0.0508166 -0.978216 0.206263 0.0234405 -0.982324 0.185985 -0.0212021 -0.984731 0.157147 -0.0749014 -0.98348 0.128806 -0.127182 -0.979612 0.109969 -0.168128 -0.976092 0.104512 -0.190581 -0.584992 -0.318003 -0.746096 -0.772028 -0.163014 -0.614328 -0.749524 -0.0991869 -0.654504 -0.537738 -0.170089 -0.825777 -0.90739 -0.0223097 -0.419697 -0.899046 -0.00108711 -0.437852 -0.0742595 -0.498379 -0.863773 -0.0162579 -0.314658 -0.949066 -0.941404 0.000482306 -0.337281 -0.486813 -0.653567 -0.579538 -0.763908 -0.322351 -0.559048 -0.975843 0.071423 -0.20647 -0.889687 -0.342974 -0.301374 -0.942256 -0.124335 -0.310955 -0.984378 0.169139 -0.0489159 -0.971219 0.238165 -0.00334636 -0.980356 0.194876 -0.0304328 -0.960096 0.258819 0.105967 -0.655345 0.689073 0.309356 -0.847112 0.465242 0.256809 -0.922202 0.310335 0.230727 -0.234984 0.757571 0.60899 -0.650599 0.559861 0.513105 -0.899184 0.316082 0.302588 -0.0161386 0.526567 0.84998 -0.537884 0.480481 0.69269 -0.90768 0.287721 0.305505 -0.114575 0.199011 0.973277 -0.58594 0.319264 0.744813 -0.941579 0.244199 0.231941 -0.486579 -0.0292426 0.873147 -0.763564 0.184483 0.618819 -0.975827 0.199002 0.0903369 -0.890179 -0.0180525 0.455253 -0.942394 0.139573 0.303996 -0.984367 0.151986 -0.0890095 -0.971099 0.165773 -0.171721 -0.980398 0.155685 -0.120762 -0.960124 0.101063 -0.260669 -0.655184 0.249724 -0.713001 -0.847129 0.13424 -0.514152 -0.92223 0.046091 -0.383885 -0.234745 0.079161 -0.968828 -0.650567 0.0129151 -0.759339 -0.86409 -0.143047 -0.482582 -0.95934 -0.0138868 -0.281911 -0.982728 0.1809 -0.038988 -0.914116 0.350425 0.203948 -0.810414 0.425979 0.402209 -0.749668 0.405495 0.52304 -0.772647 0.331025 0.541699 -0.864011 0.251825 0.435971 -0.959261 0.195222 0.204222 -0.982734 0.152766 -0.104389 -0.914105 0.0933335 -0.394588 -0.810412 0.00139716 -0.585859 0.0320888 -0.485665 -0.873556 -0.0150784 -0.494459 -0.86907 -0.0162169 -0.49441 -0.869078 0.0310562 -0.4861 -0.873352 0.0691234 -0.461076 -0.884664 0.0683834 -0.461868 -0.884308 0.0899758 -0.425973 -0.900251 0.0897328 -0.42699 -0.899794 0.0921146 -0.38797 -0.917058 0.0924177 -0.388972 -0.916603 0.0768349 -0.35468 -0.931826 0.0774125 -0.355596 -0.931428 0.0489359 -0.332031 -0.941998 0.0499708 -0.332467 -0.941791 0.0151287 -0.323067 -0.946255 0.0162705 -0.323008 -0.946257 -0.0175514 -0.32813 -0.944469 -0.0165303 -0.327651 -0.944654 -0.0430782 -0.344438 -0.93782 -0.0422849 -0.343671 -0.938138 -0.0574211 -0.367602 -0.928209 -0.0572229 -0.366558 -0.928634 -0.0594815 -0.392229 -0.917942 -0.0597511 -0.391201 -0.918363 -0.0507795 -0.413536 -0.909071 -0.0513789 -0.412627 -0.90945 -0.0345021 -0.427962 -0.903138 -0.015159 -0.433091 -0.901223 </float_array>
          <technique_common>
            <accessor count="99" offset="0" source="#meshId17-bitangents-array" stride="3">
              <param name="X" type="float" />
              <param name="Y" type="float" />
              <param name="Z" type="float" />
            </accessor>
          </technique_common>
        </source>
        <source id="meshId17-tex0" name="meshId17-tex0">
          <float_array id="meshId17-tex0-array" count="198"> 0.571637 0.874026 0.572797 0.874662 0.570844 0.876901 0.573575 0.875741 0.573811 0.87705 0.573456 0.878329 0.572581 0.879326 0.57136 0.879842 0.570037 0.879776 0.568874 0.87914 0.568103 0.878061 0.567877 0.876753 0.568242 0.875474 0.569125 0.874478 0.570342 0.873961 0.572157 0.871904 0.571998 0.872597 0.570136 0.872501 0.57006 0.871795 0.571827 0.87329 0.57023 0.87321 0.572302 0.871164 0.570006 0.871041 0.573294 0.87409 0.574746 0.872446 0.574236 0.873017 0.574276 0.875446 0.576311 0.874605 0.575601 0.874896 0.574572 0.87709 0.576773 0.877218 0.576007 0.877172 0.574125 0.878697 0.576053 0.879768 0.575383 0.879394 0.573024 0.879947 0.574297 0.88175 0.573856 0.881122 0.57149 0.880595 0.571855 0.882771 0.57173 0.882013 0.569828 0.880511 0.569213 0.88263 0.569428 0.881893 0.568367 0.879712 0.566894 0.881354 0.567408 0.880784 0.567399 0.878356 0.565359 0.879196 0.56607 0.878906 0.567116 0.876713 0.564915 0.876584 0.565681 0.876631 0.567577 0.875107 0.565653 0.874036 0.566323 0.87441 0.568691 0.873857 0.567439 0.872055 0.567876 0.872683 0.573764 0.873551 0.574938 0.875169 0.57529 0.87713 0.574755 0.879044 0.573442 0.880534 0.571612 0.881305 0.569629 0.881203 0.567888 0.880249 0.566734 0.878633 0.566398 0.876673 0.566949 0.874759 0.568283 0.87327 0.627268 0.652016 0.630786 0.652464 0.601991 0.873928 0.599715 0.873639 0.623747 0.651589 0.597438 0.873362 0.620225 0.651181 0.595159 0.873099 0.6167 0.650793 0.592878 0.872847 0.613173 0.650424 0.590596 0.872609 0.609644 0.650076 0.588314 0.872384 0.606113 0.649747 0.586029 0.872171 0.60258 0.649438 0.583744 0.871971 0.599046 0.649149 0.581457 0.871784 0.59551 0.648879 0.57917 0.87161 0.591973 0.64863 0.576881 0.871448 0.588434 0.6484 0.574592 0.8713 0.584894 0.64819 0.581353 0.648 </float_array>
          <technique_common>
            <accessor count="99" offset="0" source="#meshId17-tex0-array" stride="2">
              <param name="S" type="float" />
              <param name="T" type="float" />
            </accessor>
          </technique_common>
        </source>
        <vertices id="meshId17-vertices">
          <input semantic="POSITION" source="#meshId17-positions" />
        </vertices>
        <polylist count="154" material="defaultMaterial">
          <input offset="0" semantic="VERTEX" source="#meshId17-vertices" />
          <input offset="0" semantic="NORMAL" source="#meshId17-normals" />
          <input offset="0" semantic="TANGENT" source="#meshId17-tangents" />
          <input offset="0" semantic="BINORMAL" source="#meshId17-bitangents" />
          <input offset="0" semantic="TEXCOORD" source="#meshId17-tex0" set="0" />
          <vcount>3 3 3 3 3 3 3 3 3 3 3 3 3 3 3 3 3 3 3 3 3 3 3 3 3 3 3 3 3 3 3 3 3 3 3 3 3 3 3 3 3 3 3 3 3 3 3 3 3 3 3 3 3 3 3 3 3 3 3 3 3 3 3 3 3 3 3 3 3 3 3 3 3 3 3 3 3 3 3 3 3 3 3 3 3 3 3 3 3 3 3 3 3 3 3 3 3 3 3 3 3 3 3 3 3 3 3 3 3 3 3 3 3 3 3 3 3 3 3 3 3 3 3 3 3 3 3 3 3 3 3 3 3 3 3 3 3 3 3 3 3 3 3 3 3 3 3 3 3 3 3 3 3 3 </vcount>
          <p>0 1 2 1 3 2 3 4 2 4 5 2 5 6 2 6 7 2 7 8 2 8 9 2 9 10 2 10 11 2 11 12 2 12 13 2 13 14 2 14 0 2 18 15 16 16 17 18 17 16 19 19 20 17 22 21 15 15 18 22 20 19 0 0 14 20 1 0 19 19 23 1 25 15 21 21 24 25 3 1 23 23 26 3 28 25 24 24 27 28 4 3 26 26 29 4 31 28 27 27 30 31 5 4 29 29 32 5 34 31 30 30 33 34 6 5 32 32 35 6 37 34 33 33 36 37 7 6 35 35 38 7 40 37 36 36 39 40 8 7 38 38 41 8 43 40 39 39 42 43 9 8 41 41 44 9 46 43 42 42 45 46 10 9 44 44 47 10 49 46 45 45 48 49 11 10 47 47 50 11 52 49 48 48 51 52 12 11 50 50 53 12 55 52 51 51 54 55 13 12 53 53 56 13 58 55 54 54 57 58 14 13 56 56 20 14 18 58 57 57 22 18 23 19 16 16 59 23 59 16 15 15 25 59 26 23 59 59 60 26 60 59 25 25 28 60 29 26 60 60 61 29 61 60 28 28 31 61 32 29 61 61 62 32 62 61 31 31 34 62 35 32 62 62 63 35 63 62 34 34 37 63 38 35 63 63 64 38 64 63 37 37 40 64 41 38 64 64 65 41 65 64 40 40 43 65 44 41 65 65 66 44 66 65 43 43 46 66 47 44 66 66 67 47 67 66 46 46 49 67 50 47 67 67 68 50 68 67 49 49 52 68 53 50 68 68 69 53 69 68 52 52 55 69 56 53 69 69 70 56 70 69 55 55 58 70 58 18 17 17 70 58 70 17 20 20 56 70 74 71 72 72 73 74 76 75 71 71 74 76 78 77 75 75 76 78 80 79 77 77 78 80 82 81 79 79 80 82 84 83 81 81 82 84 86 85 83 83 84 86 88 87 85 85 86 88 90 89 87 87 88 90 92 91 89 89 90 92 94 93 91 91 92 94 96 95 93 93 94 96 21 97 95 95 96 21 22 98 97 97 21 22 </p>
        </polylist>
      </mesh>
    </geometry>
    <geometry id="meshId18" name="meshId18_name" >
      <mesh>
        <source id="meshId18-positions" name="meshId18-positions">
          <float_array id="meshId18-positions-array" count="297"> 0.0156248 0.316859 -0.767366 0.0128986 0.313697 -0.768667 0.00677265 0.320801 -0.765745 0.00895932 0.311942 -0.769388 0.00458646 0.311942 -0.769388 0.000646958 0.313697 -0.768667 -0.00207948 0.316859 -0.767366 -0.0030521 0.320801 -0.765745 -0.00207948 0.324744 -0.764124 0.000646958 0.327905 -0.762823 0.00458646 0.32966 -0.762102 0.00895932 0.32966 -0.762102 0.0128986 0.327905 -0.762823 0.0156248 0.324744 -0.764124 0.0165979 0.320801 -0.765745 0.0207099 0.313292 -0.765131 0.019508 0.314432 -0.766381 0.0209077 0.320104 -0.764049 0.0222416 0.319499 -0.762578 0.0177239 0.315629 -0.767035 0.0189279 0.320507 -0.765029 0.0215973 0.312183 -0.763559 0.0232269 0.318786 -0.760844 0.0143515 0.311718 -0.768643 0.0170317 0.306888 -0.765736 0.0164176 0.308314 -0.767178 0.00947765 0.309547 -0.769536 0.0104343 0.30395 -0.766945 0.0102152 0.305551 -0.768314 0.00406813 0.309547 -0.769536 0.00311158 0.30395 -0.766945 0.00333054 0.305551 -0.768314 -0.000805757 0.311718 -0.768643 -0.00348595 0.306888 -0.765736 -0.00287181 0.308314 -0.767178 -0.0041786 0.315629 -0.767035 -0.00805203 0.312183 -0.763559 -0.00716463 0.313292 -0.765131 -0.00538212 0.320507 -0.765029 -0.00968109 0.318786 -0.760844 -0.0086961 0.319499 -0.762578 -0.0041786 0.325384 -0.763023 -0.00805203 0.325388 -0.758129 -0.00716463 0.325706 -0.760026 -0.000805757 0.329296 -0.761415 -0.00348595 0.330683 -0.755951 -0.00287181 0.330684 -0.757979 0.00406813 0.331467 -0.760522 0.00311158 0.333621 -0.754742 0.00333054 0.333447 -0.756843 0.00947765 0.331467 -0.760522 0.0104343 0.333621 -0.754742 0.0102152 0.333447 -0.756843 0.0143515 0.329296 -0.761415 0.0170317 0.330683 -0.755951 0.0164176 0.330684 -0.757979 0.0177239 0.325384 -0.763023 0.0215973 0.325388 -0.758129 0.0207099 0.325706 -0.760026 0.0155857 0.309883 -0.768252 0.00991822 0.307359 -0.76929 0.00362757 0.307359 -0.76929 -0.00203995 0.309883 -0.768252 -0.0059627 0.314432 -0.766381 -0.00736191 0.320104 -0.764049 -0.0059627 0.325776 -0.761716 -0.00203995 0.330324 -0.759846 0.00362757 0.332849 -0.758808 0.00991822 0.332849 -0.758808 0.0155857 0.330324 -0.759845 0.019508 0.325776 -0.761716 0.0296875 0.103923 -0.209352 0.0322061 0.0937172 -0.21355 0.0232269 0.318786 -0.760844 0.0215973 0.325388 -0.758129 0.0226303 0.112108 -0.205987 0.0170317 0.330683 -0.755951 0.0124324 0.11665 -0.204119 0.0104343 0.333621 -0.754742 0.00111313 0.11665 -0.204119 0.00311158 0.333621 -0.754742 -0.00908506 0.112108 -0.205987 -0.00348595 0.330683 -0.755951 -0.0161425 0.103923 -0.209352 -0.00805203 0.325388 -0.758129 -0.0186608 0.0937172 -0.21355 -0.00968109 0.318786 -0.760844 -0.0161425 0.0835113 -0.217747 -0.00805203 0.312183 -0.763559 -0.00908506 0.0753265 -0.221112 -0.00348595 0.306888 -0.765736 0.00111313 0.0707846 -0.22298 0.00311158 0.30395 -0.766945 0.0124324 0.0707846 -0.22298 0.0104343 0.30395 -0.766945 0.0226303 0.0753265 -0.221112 0.0170317 0.306888 -0.765736 0.0296875 0.0835113 -0.217747 0.0322061 0.0937172 -0.21355 </float_array>
          <technique_common>
            <accessor count="99" offset="0" source="#meshId18-positions-array" stride="3">
              <param name="X" type="float" />
              <param name="Y" type="float" />
              <param name="Z" type="float" />
            </accessor>
          </technique_common>
        </source>
        <source id="meshId18-normals" name="meshId18-normals">
          <float_array id="meshId18-normals-array" count="297"> 0.122411 0.322292 -0.938692 0.084722 0.278574 -0.956671 2e-06 0.380336 -0.924848 0.030242 0.254298 -0.966653 -0.030238 0.254299 -0.966653 -0.084713 0.27858 -0.95667 -0.122414 0.32229 -0.938693 -0.135857 0.376792 -0.916281 -0.122418 0.431329 -0.893851 -0.084705 0.475066 -0.875864 -0.03023 0.499309 -0.865896 0.030231 0.499305 -0.865899 0.084706 0.475055 -0.87587 0.122408 0.431321 -0.893856 0.135866 0.376795 -0.916278 0.755031 -0.128747 -0.642925 0.585325 0.028448 -0.8103 0.649665 0.289139 -0.703089 0.838014 0.207525 -0.504644 0.368328 0.183052 -0.911497 0.408819 0.347095 -0.844033 0.900852 -0.395013 -0.180087 0.999867 0.006205 -0.015091 0.254897 0.051503 -0.965596 0.623419 -0.716764 -0.312406 0.522494 -0.398422 -0.75383 0.090969 -0.021525 -0.995621 0.222493 -0.895334 -0.385842 0.186464 -0.548066 -0.815387 -0.090977 -0.021536 -0.99562 -0.22249 -0.895336 -0.38584 -0.186468 -0.548069 -0.815383 -0.254897 0.051473 -0.965597 -0.623404 -0.716776 -0.312409 -0.522484 -0.398431 -0.753832 -0.368331 0.18305 -0.911496 -0.900853 -0.39501 -0.180088 -0.755027 -0.128737 -0.642932 -0.408814 0.347095 -0.844036 -0.999867 0.006205 -0.015091 -0.838017 0.207525 -0.50464 -0.368327 0.511137 -0.776579 -0.900853 0.407423 0.149903 -0.755029 0.543807 -0.366341 -0.254887 0.642709 -0.722466 -0.623405 0.729188 0.282226 -0.522492 0.813489 -0.255418 -0.090964 0.715716 -0.692442 -0.222486 0.907749 0.355658 -0.18648 0.963134 -0.193902 0.090967 0.715713 -0.692445 0.222488 0.907748 0.355658 0.186478 0.963135 -0.193901 0.254894 0.642699 -0.722473 0.623417 0.729179 0.282222 0.522505 0.813479 -0.255424 0.368328 0.511143 -0.776574 0.900852 0.407425 0.149904 0.755029 0.543806 -0.36634 0.405067 -0.180605 -0.896271 0.144562 -0.296624 -0.94399 -0.144574 -0.296632 -0.943985 -0.405062 -0.18063 -0.896268 -0.585326 0.028449 -0.810298 -0.649664 0.289145 -0.703087 -0.585333 0.549832 -0.595878 -0.405053 0.758899 -0.509907 -0.144562 0.87491 -0.462206 0.144562 0.87491 -0.462207 0.405065 0.75889 -0.50991 0.585334 0.549834 -0.595874 0.900868 0.406997 0.150966 0.999885 0.005769 -0.014032 0.999867 0.006205 -0.015091 0.900852 0.407425 0.149904 0.623429 0.728756 0.283286 0.623417 0.729179 0.282222 0.222493 0.907329 0.356723 0.222488 0.907748 0.355658 -0.222491 0.907329 0.356724 -0.222486 0.907749 0.355658 -0.623416 0.728765 0.28329 -0.623405 0.729188 0.282226 -0.900869 0.406994 0.150965 -0.900853 0.407423 0.149903 -0.999885 0.005769 -0.014032 -0.999867 0.006205 -0.015091 -0.900869 -0.395452 -0.179031 -0.900853 -0.39501 -0.180088 -0.623415 -0.717225 -0.311356 -0.623404 -0.716776 -0.312409 -0.222494 -0.895788 -0.384787 -0.22249 -0.895336 -0.38584 0.222496 -0.895786 -0.384789 0.222493 -0.895334 -0.385842 0.62343 -0.717213 -0.311353 0.623419 -0.716764 -0.312406 0.900868 -0.395455 -0.179031 0.999885 0.005769 -0.014032 </float_array>
          <technique_common>
            <accessor count="99" offset="0" source="#meshId18-normals-array" stride="3">
              <param name="X" type="float" />
              <param name="Y" type="float" />
              <param name="Z" type="float" />
            </accessor>
          </technique_common>
        </source>
        <source id="meshId18-tangents" name="meshId18-tangents">
          <float_array id="meshId18-tangents-array" count="297"> -0.183179 -0.92222 -0.340524 -0.189562 -0.938081 -0.289948 -0.173798 -0.910773 -0.374548 -0.184712 -0.949017 -0.255437 -0.171407 -0.954088 -0.245632 -0.15959 -0.951519 -0.262948 -0.158761 -0.939986 -0.30203 -0.168893 -0.920126 -0.353331 -0.18228 -0.895076 -0.406956 -0.189463 -0.870665 -0.453923 -0.184604 -0.854179 -0.486107 -0.171286 -0.850892 -0.496632 -0.159845 -0.861166 -0.482538 -0.1589 -0.880494 -0.446634 -0.169726 -0.902329 -0.396226 -0.296173 -0.941769 -0.159226 -0.247534 -0.945401 -0.211999 -0.127151 -0.870493 -0.475472 -0.0926259 -0.857325 -0.506373 -0.202583 -0.941063 -0.270852 -0.156636 -0.88444 -0.43958 -0.427743 -0.878511 -0.212732 -0.0013966 -0.88893 -0.45804 -0.220522 -0.96917 -0.109907 -0.611883 -0.695982 0.375778 -0.37913 -0.900462 0.213139 -0.198608 -0.980074 0.00304221 -0.398564 -0.444711 0.802109 -0.278159 -0.825434 0.491209 -0.150757 -0.987946 0.0351458 0.0863377 -0.412299 0.906948 -0.0636231 -0.821461 0.566704 -0.115119 -0.993096 -0.02255 0.426591 -0.646637 0.632361 0.0970036 -0.906142 0.4117 -0.117518 -0.981728 -0.149666 0.364998 -0.913752 0.178422 0.0813888 -0.991354 0.102924 -0.155789 -0.937818 -0.310204 -0.00241922 -0.971024 -0.238969 -0.0916729 -0.965253 -0.24471 -0.201147 -0.859332 -0.470201 -0.418733 -0.72434 -0.547717 -0.294236 -0.780296 -0.551873 -0.220158 -0.766093 -0.603848 -0.612095 -0.230526 -0.756437 -0.379439 -0.490102 -0.784746 -0.198673 -0.69439 -0.69163 -0.39887 0.248122 -0.882801 -0.278338 -0.24107 -0.929738 -0.150818 -0.677406 -0.719982 0.0849473 0.345364 -0.934616 -0.0643518 -0.184965 -0.980636 -0.114819 -0.72175 -0.682564 0.426738 -0.0148601 -0.904253 0.0966928 -0.35417 -0.930169 -0.11747 -0.803017 -0.584264 0.365176 -0.524438 -0.769162 0.0816197 -0.632311 -0.770403 -0.298895 -0.95259 0.0568688 -0.242508 -0.935536 0.25683 -0.115528 -0.942423 0.313835 -0.0182677 -0.978495 0.205458 -0.0254827 -0.999536 -0.0166854 -0.126202 -0.953032 -0.275322 -0.245744 -0.82067 -0.515859 -0.299016 -0.636993 -0.710513 -0.242727 -0.484196 -0.840618 -0.115431 -0.449013 -0.886038 -0.0181572 -0.550926 -0.834357 -0.0254519 -0.722106 -0.691314 0.432906 -0.86803 -0.243138 0.0016827 -0.961348 -0.275332 0.00181965 -0.961506 -0.274777 0.433015 -0.867976 -0.243136 0.77881 -0.610865 -0.142475 0.778894 -0.610728 -0.142604 0.970774 -0.239949 0.00482845 0.970798 -0.239848 0.00486666 0.970573 0.171563 0.168981 0.970544 0.171634 0.169073 0.778107 0.542648 0.316359 0.778043 0.542705 0.31642 0.431323 0.800045 0.416999 0.43124 0.800082 0.417015 -0.00116495 0.892959 0.450135 -0.0012531 0.892938 0.450177 -0.433736 0.803341 0.408064 -0.43381 0.803294 0.408078 -0.780709 0.549101 0.298297 -0.780756 0.549044 0.298278 -0.973241 0.180827 0.141787 -0.973255 0.180748 0.141793 -0.97311 -0.228178 -0.0314846 -0.973101 -0.2282 -0.0316001 -0.780229 -0.596521 -0.188163 -0.780196 -0.596524 -0.188288 -0.43272 -0.850868 -0.297957 0.000638716 -0.940069 -0.340983 </float_array>
          <technique_common>
            <accessor count="99" offset="0" source="#meshId18-tangents-array" stride="3">
              <param name="X" type="float" />
              <param name="Y" type="float" />
              <param name="Z" type="float" />
            </accessor>
          </technique_common>
        </source>
        <source id="meshId18-bitangents" name="meshId18-bitangents">
          <float_array id="meshId18-bitangents-array" count="297"> -0.975428 0.213632 -0.0538528 -0.978207 0.205914 -0.026669 -0.984781 0.160737 0.0660998 -0.982327 0.186278 0.0182718 -0.984736 0.158263 0.0724383 -0.983542 0.1304 0.125065 -0.979699 0.112055 0.166235 -0.976226 0.106751 0.188643 -0.975596 0.113112 0.188196 -0.978228 0.127495 0.163757 -0.982348 0.145152 0.117996 -0.984758 0.16333 0.0598007 -0.983501 0.180877 0.00298927 -0.979677 0.196706 -0.0392423 -0.97608 0.20935 -0.058644 -0.584987 0.310637 -0.749196 -0.772089 0.324666 -0.546325 -0.749512 0.398296 -0.528765 -0.537729 0.471091 -0.699228 -0.907356 0.284416 -0.309537 -0.899073 0.311915 -0.307208 -0.0741765 0.268671 -0.960372 -0.016257 0.458 -0.888804 -0.941487 0.24095 -0.235681 -0.486773 -0.0431111 -0.872464 -0.763715 0.174436 -0.62154 -0.975848 0.197462 -0.0934314 -0.889743 -0.0246807 -0.455793 -0.942263 0.135215 -0.306363 -0.984376 0.153294 0.0866336 -0.971105 0.168474 0.169034 -0.980399 0.157549 0.118306 -0.960091 0.10541 0.259063 -0.655276 0.260945 0.708887 -0.847113 0.141982 0.512094 -0.922237 0.0519906 0.383112 -0.235034 0.0950005 0.967334 -0.650623 0.025383 0.758977 -0.899223 0.00467566 0.437467 -0.0161365 -0.238901 0.97091 -0.537889 -0.15881 0.827923 -0.907676 -0.0169811 0.419329 -0.114572 -0.556182 0.823125 -0.585967 -0.30889 0.749153 -0.941574 0.00514369 0.336765 -0.486525 -0.644316 0.590043 -0.763563 -0.313108 0.564744 -0.975835 0.0746558 0.205358 -0.889609 -0.338272 0.30687 -0.942206 -0.119407 0.313032 -0.984367 0.169928 0.0463211 -0.971228 0.238153 -0.000271238 -0.98035 0.195345 0.0274876 -0.960128 0.256935 -0.110176 -0.655169 0.684162 -0.320433 -0.847136 0.46132 -0.263713 -0.922245 0.306425 -0.23573 -0.234761 0.747643 -0.621223 -0.650591 0.551776 -0.521799 -0.86405 0.244856 -0.439845 -0.959319 0.191798 -0.207177 -0.982727 0.154429 0.10198 -0.914106 0.0995959 0.393052 -0.810397 0.0108822 0.585779 -0.749673 -0.090136 0.655641 -0.772655 -0.155516 0.615483 -0.864015 -0.135325 0.484939 -0.959263 -0.00933147 0.282361 -0.98274 0.181441 0.0360817 -0.914107 0.347227 -0.209381 -0.810392 0.419816 -0.408679 0.0320864 0.28439 -0.958172 -0.015078 0.275276 -0.961247 -0.0162151 0.274713 -0.96139 0.0310533 0.28394 -0.958339 0.0692199 0.309449 -0.948393 0.0683772 0.308723 -0.948691 0.0899763 0.345223 -0.934198 0.0897217 0.344189 -0.934604 0.0921208 0.383823 -0.9188 0.0924326 0.382798 -0.919197 0.0768245 0.417653 -0.905352 0.077564 0.416841 -0.905664 0.0489372 0.440776 -0.896282 0.049967 0.440314 -0.896453 0.0151268 0.4501 -0.89285 0.0162687 0.450136 -0.892812 -0.0175468 0.445265 -0.895227 -0.0165314 0.445743 -0.895009 -0.0429803 0.429041 -0.902262 -0.042272 0.429863 -0.901904 -0.0574308 0.406037 -0.912051 -0.0572124 0.407068 -0.911605 -0.0595968 0.381447 -0.922467 -0.0597567 0.382494 -0.922024 -0.0507757 0.360233 -0.931479 -0.0513999 0.36112 -0.931101 -0.0345032 0.34589 -0.937641 -0.0151582 0.340935 -0.939965 </float_array>
          <technique_common>
            <accessor count="99" offset="0" source="#meshId18-bitangents-array" stride="3">
              <param name="X" type="float" />
              <param name="Y" type="float" />
              <param name="Z" type="float" />
            </accessor>
          </technique_common>
        </source>
        <source id="meshId18-tex0" name="meshId18-tex0">
          <float_array id="meshId18-tex0-array" count="198"> 0.043606 0.894464 0.044765 0.8951 0.042812 0.89734 0.045543 0.896179 0.045779 0.897488 0.045424 0.898767 0.044549 0.899764 0.043328 0.90028 0.042005 0.900214 0.040842 0.899578 0.040071 0.898499 0.039845 0.897191 0.040211 0.895912 0.041093 0.894916 0.04231 0.8944 0.044126 0.892343 0.043967 0.893035 0.042104 0.892939 0.042028 0.892233 0.043796 0.893729 0.042198 0.893648 0.04427 0.891602 0.041974 0.891479 0.045262 0.894528 0.046714 0.892884 0.046204 0.893455 0.046244 0.895884 0.048279 0.895043 0.047569 0.895334 0.04654 0.897528 0.048741 0.897657 0.047975 0.89761 0.046093 0.899135 0.048021 0.900206 0.047351 0.899832 0.044993 0.900386 0.046265 0.902188 0.045824 0.90156 0.043459 0.901033 0.043824 0.903209 0.043698 0.902452 0.041796 0.900949 0.041181 0.903068 0.041397 0.902331 0.040335 0.90015 0.038862 0.901792 0.039376 0.901222 0.039367 0.898794 0.037327 0.899635 0.038038 0.899344 0.039084 0.897151 0.036883 0.897023 0.037649 0.897069 0.039545 0.895545 0.037621 0.894474 0.038291 0.894848 0.040659 0.894295 0.039407 0.892494 0.039845 0.893122 0.045732 0.89399 0.046906 0.895607 0.047258 0.897568 0.046723 0.899482 0.04541 0.900973 0.04358 0.901743 0.041597 0.901641 0.039856 0.900687 0.038702 0.899071 0.038366 0.897111 0.038917 0.895197 0.040251 0.893708 0.099236 0.672455 0.102754 0.672902 0.073959 0.894367 0.071683 0.894077 0.095716 0.672027 0.069406 0.893801 0.092193 0.671619 0.067127 0.893537 0.088668 0.671231 0.064846 0.893286 0.085141 0.670862 0.062565 0.893047 0.081612 0.670514 0.060282 0.892822 0.078081 0.670185 0.057997 0.892609 0.074548 0.669876 0.055712 0.892409 0.071014 0.669587 0.053425 0.892222 0.067478 0.669318 0.051138 0.892048 0.063941 0.669068 0.048849 0.891886 0.060402 0.668838 0.04656 0.891738 0.056862 0.668628 0.053321 0.668438 </float_array>
          <technique_common>
            <accessor count="99" offset="0" source="#meshId18-tex0-array" stride="2">
              <param name="S" type="float" />
              <param name="T" type="float" />
            </accessor>
          </technique_common>
        </source>
        <vertices id="meshId18-vertices">
          <input semantic="POSITION" source="#meshId18-positions" />
        </vertices>
        <polylist count="154" material="defaultMaterial">
          <input offset="0" semantic="VERTEX" source="#meshId18-vertices" />
          <input offset="0" semantic="NORMAL" source="#meshId18-normals" />
          <input offset="0" semantic="TANGENT" source="#meshId18-tangents" />
          <input offset="0" semantic="BINORMAL" source="#meshId18-bitangents" />
          <input offset="0" semantic="TEXCOORD" source="#meshId18-tex0" set="0" />
          <vcount>3 3 3 3 3 3 3 3 3 3 3 3 3 3 3 3 3 3 3 3 3 3 3 3 3 3 3 3 3 3 3 3 3 3 3 3 3 3 3 3 3 3 3 3 3 3 3 3 3 3 3 3 3 3 3 3 3 3 3 3 3 3 3 3 3 3 3 3 3 3 3 3 3 3 3 3 3 3 3 3 3 3 3 3 3 3 3 3 3 3 3 3 3 3 3 3 3 3 3 3 3 3 3 3 3 3 3 3 3 3 3 3 3 3 3 3 3 3 3 3 3 3 3 3 3 3 3 3 3 3 3 3 3 3 3 3 3 3 3 3 3 3 3 3 3 3 3 3 3 3 3 3 3 3 </vcount>
          <p>0 1 2 1 3 2 3 4 2 4 5 2 5 6 2 6 7 2 7 8 2 8 9 2 9 10 2 10 11 2 11 12 2 12 13 2 13 14 2 14 0 2 18 15 16 16 17 18 17 16 19 19 20 17 22 21 15 15 18 22 20 19 0 0 14 20 1 0 19 19 23 1 25 15 21 21 24 25 3 1 23 23 26 3 28 25 24 24 27 28 4 3 26 26 29 4 31 28 27 27 30 31 5 4 29 29 32 5 34 31 30 30 33 34 6 5 32 32 35 6 37 34 33 33 36 37 7 6 35 35 38 7 40 37 36 36 39 40 8 7 38 38 41 8 43 40 39 39 42 43 9 8 41 41 44 9 46 43 42 42 45 46 10 9 44 44 47 10 49 46 45 45 48 49 11 10 47 47 50 11 52 49 48 48 51 52 12 11 50 50 53 12 55 52 51 51 54 55 13 12 53 53 56 13 58 55 54 54 57 58 14 13 56 56 20 14 18 58 57 57 22 18 23 19 16 16 59 23 59 16 15 15 25 59 26 23 59 59 60 26 60 59 25 25 28 60 29 26 60 60 61 29 61 60 28 28 31 61 32 29 61 61 62 32 62 61 31 31 34 62 35 32 62 62 63 35 63 62 34 34 37 63 38 35 63 63 64 38 64 63 37 37 40 64 41 38 64 64 65 41 65 64 40 40 43 65 44 41 65 65 66 44 66 65 43 43 46 66 47 44 66 66 67 47 67 66 46 46 49 67 50 47 67 67 68 50 68 67 49 49 52 68 53 50 68 68 69 53 69 68 52 52 55 69 56 53 69 69 70 56 70 69 55 55 58 70 58 18 17 17 70 58 70 17 20 20 56 70 74 71 72 72 73 74 76 75 71 71 74 76 78 77 75 75 76 78 80 79 77 77 78 80 82 81 79 79 80 82 84 83 81 81 82 84 86 85 83 83 84 86 88 87 85 85 86 88 90 89 87 87 88 90 92 91 89 89 90 92 94 93 91 91 92 94 96 95 93 93 94 96 21 97 95 95 96 21 22 98 97 97 21 22 </p>
        </polylist>
      </mesh>
    </geometry>
    <geometry id="meshId19" name="meshId19_name" >
      <mesh>
        <source id="meshId19-positions" name="meshId19-positions">
          <float_array id="meshId19-positions-array" count="297"> 0.0156248 -0.765041 0.322434 0.0128986 -0.763709 0.325582 0.00677265 -0.766702 0.318507 0.00895932 -0.762969 0.327329 0.00458646 -0.762969 0.327329 0.000646958 -0.763709 0.325582 -0.00207948 -0.765041 0.322434 -0.0030521 -0.766702 0.318507 -0.00207948 -0.768363 0.314582 0.000646958 -0.769696 0.311433 0.00458646 -0.770435 0.309686 0.00895932 -0.770435 0.309686 0.0128986 -0.769696 0.311433 0.0156248 -0.768363 0.314582 0.0165979 -0.766702 0.318507 0.0207099 -0.760933 0.323354 0.019508 -0.762623 0.323441 0.0209077 -0.765013 0.317793 0.0222416 -0.763549 0.317173 0.0177239 -0.763934 0.323063 0.0189279 -0.765989 0.318206 0.0215973 -0.759039 0.323017 0.0232269 -0.761822 0.316442 0.0143515 -0.762286 0.326958 0.0170317 -0.756808 0.328289 0.0164176 -0.758836 0.328311 0.00947765 -0.761371 0.329119 0.0104343 -0.75557 0.331215 0.0102152 -0.757672 0.331062 0.00406813 -0.761371 0.329119 0.00311158 -0.75557 0.331215 0.00333054 -0.757672 0.331062 -0.000805757 -0.762286 0.326957 -0.00348595 -0.756808 0.328289 -0.00287181 -0.758836 0.328311 -0.0041786 -0.763934 0.323063 -0.00805203 -0.759039 0.323017 -0.00716463 -0.760933 0.323354 -0.00538212 -0.765989 0.318206 -0.00968109 -0.761822 0.316442 -0.0086961 -0.763549 0.317173 -0.0041786 -0.768044 0.313349 -0.00805203 -0.764604 0.309867 -0.00716463 -0.766164 0.310992 -0.000805757 -0.769692 0.309454 -0.00348595 -0.766835 0.304595 -0.00287181 -0.768262 0.306035 0.00406813 -0.770607 0.307293 0.00311158 -0.768073 0.301669 0.00333054 -0.769426 0.303285 0.00947765 -0.770607 0.307293 0.0104343 -0.768073 0.301669 0.0102152 -0.769426 0.303285 0.0143515 -0.769692 0.309454 0.0170317 -0.766835 0.304595 0.0164176 -0.768262 0.306035 0.0177239 -0.768044 0.313349 0.0215973 -0.764604 0.309867 0.0207099 -0.766164 0.310992 0.0155857 -0.760706 0.32797 0.00991822 -0.759643 0.330484 0.00362757 -0.759643 0.330484 -0.00203995 -0.760706 0.32797 -0.0059627 -0.762623 0.323441 -0.00736191 -0.765013 0.317793 -0.0059627 -0.767403 0.312145 -0.00203995 -0.76932 0.307615 0.00362757 -0.770383 0.305102 0.00991822 -0.770383 0.305102 0.0155857 -0.76932 0.307615 0.019508 -0.767403 0.312145 0.0296875 -0.221139 0.0756699 0.0322061 -0.216839 0.0858327 0.0232269 -0.761822 0.316442 0.0215973 -0.764604 0.309867 0.0226303 -0.224588 0.0675198 0.0170317 -0.766835 0.304595 0.0124324 -0.226502 0.0629969 0.0104343 -0.768073 0.301669 0.00111313 -0.226502 0.0629969 0.00311158 -0.768073 0.301669 -0.00908506 -0.224588 0.0675198 -0.00348595 -0.766835 0.304595 -0.0161425 -0.221139 0.0756699 -0.00805203 -0.764604 0.309867 -0.0186608 -0.216839 0.0858327 -0.00968109 -0.761822 0.316442 -0.0161425 -0.212539 0.0959955 -0.00805203 -0.759039 0.323017 -0.00908506 -0.20909 0.104146 -0.00348595 -0.756808 0.328289 0.00111313 -0.207176 0.108669 0.00311158 -0.75557 0.331215 0.0124324 -0.207176 0.108669 0.0104343 -0.75557 0.331215 0.0226303 -0.20909 0.104146 0.0170317 -0.756808 0.328289 0.0296875 -0.212539 0.0959955 0.0322061 -0.216839 0.0858327 </float_array>
          <technique_common>
            <accessor count="99" offset="0" source="#meshId19-positions-array" stride="3">
              <param name="X" type="float" />
              <param name="Y" type="float" />
              <param name="Z" type="float" />
            </accessor>
          </technique_common>
        </source>
        <source id="meshId19-normals" name="meshId19-normals">
          <float_array id="meshId19-normals-array" count="297"> 0.122403 -0.889431 0.440374 0.084705 -0.871009 0.48391 -0 -0.920942 0.389699 0.030233 -0.86078 0.508078 -0.030232 -0.860778 0.508083 -0.084706 -0.871006 0.483915 -0.122416 -0.889433 0.440368 -0.135858 -0.912405 0.386082 -0.122413 -0.935376 0.331794 -0.084712 -0.953799 0.288255 -0.03024 -0.964025 0.264086 0.030241 -0.964026 0.264083 0.084716 -0.9538 0.288251 0.122405 -0.935378 0.331792 0.135864 -0.912403 0.386085 0.755029 -0.360803 0.547496 0.585329 -0.590265 0.555857 0.649665 -0.700121 0.296254 0.838015 -0.502509 0.212638 0.36832 -0.771346 0.519005 0.408812 -0.840468 0.355649 0.900854 0.15403 0.405878 0.999867 -0.015025 0.00636 0.254894 -0.715918 0.649993 0.623418 0.289607 0.726276 0.5225 -0.247179 0.816025 0.09097 -0.685162 0.722688 0.222488 0.36485 0.904093 0.186474 -0.184126 0.965052 -0.090973 -0.685159 0.72269 -0.222487 0.364849 0.904093 -0.186473 -0.184126 0.965052 -0.254889 -0.715907 0.650007 -0.623405 0.289609 0.726287 -0.522483 -0.247181 0.816035 -0.368323 -0.771345 0.519005 -0.900854 0.154028 0.405878 -0.755025 -0.360811 0.547497 -0.408812 -0.84047 0.355645 -0.999867 -0.015028 0.00636 -0.838017 -0.502507 0.212636 -0.368329 -0.909594 0.192284 -0.900853 -0.184085 -0.393163 -0.755022 -0.644209 -0.122217 -0.254898 -0.965024 0.06128 -0.623404 -0.319666 -0.713569 -0.522492 -0.757836 -0.390751 -0.090976 -0.995788 -0.011408 -0.222488 -0.394906 -0.891375 -0.186481 -0.820892 -0.539779 0.090974 -0.995788 -0.011406 0.22249 -0.394906 -0.891374 0.18648 -0.820891 -0.539781 0.254904 -0.965022 0.061294 0.623417 -0.319662 -0.713559 0.522507 -0.757831 -0.390742 0.368328 -0.909594 0.192285 0.900853 -0.184084 -0.393163 0.755027 -0.644203 -0.12222 0.40507 -0.502176 0.764027 0.144569 -0.453294 0.879559 -0.14457 -0.453294 0.879559 -0.405053 -0.502172 0.764039 -0.585326 -0.590262 0.555864 -0.649669 -0.700116 0.296256 -0.585336 -0.809962 0.036653 -0.405067 -0.898054 -0.171521 -0.144575 -0.946947 -0.287036 0.144572 -0.946947 -0.287038 0.405074 -0.898052 -0.171516 0.585329 -0.809967 0.036648 0.900869 -0.183032 -0.393617 0.999885 -0.013971 0.005912 0.999867 -0.015025 0.00636 0.900853 -0.184084 -0.393163 0.62343 -0.318612 -0.714018 0.623417 -0.319662 -0.713559 0.222493 -0.393858 -0.891837 0.22249 -0.394906 -0.891374 -0.222492 -0.393858 -0.891837 -0.222488 -0.394906 -0.891375 -0.623417 -0.318616 -0.714028 -0.623404 -0.319666 -0.713569 -0.900869 -0.183034 -0.393617 -0.900853 -0.184085 -0.393163 -0.999885 -0.013974 0.005912 -0.999867 -0.015028 0.00636 -0.900869 0.155087 0.405441 -0.900854 0.154028 0.405878 -0.623416 0.29067 0.725854 -0.623405 0.289609 0.726287 -0.222491 0.365911 0.903663 -0.222487 0.364849 0.904093 0.222493 0.365912 0.903662 0.222488 0.36485 0.904093 0.623429 0.290667 0.725844 0.623418 0.289607 0.726276 0.900869 0.155088 0.405441 0.999885 -0.013971 0.005912 </float_array>
          <technique_common>
            <accessor count="99" offset="0" source="#meshId19-normals-array" stride="3">
              <param name="X" type="float" />
              <param name="Y" type="float" />
              <param name="Z" type="float" />
            </accessor>
          </technique_common>
        </source>
        <source id="meshId19-tangents" name="meshId19-tangents">
          <float_array id="meshId19-tangents-array" count="297"> -0.183462 0.415787 0.890765 -0.189458 0.462716 0.866025 -0.173777 0.38377 0.90693 -0.184392 0.494783 0.849229 -0.171269 0.505258 0.845802 -0.159943 0.491248 0.856209 -0.159089 0.455553 0.875878 -0.168988 0.405326 0.898418 -0.182139 0.349803 0.918947 -0.189037 0.299425 0.935206 -0.184563 0.265049 0.946407 -0.171281 0.255298 0.95157 -0.159846 0.272535 0.948775 -0.159058 0.311496 0.936841 -0.169538 0.362539 0.916418 -0.296177 0.557286 0.7757 -0.247635 0.522664 0.815782 -0.127241 0.284057 0.950327 -0.0925998 0.253073 0.963005 -0.202851 0.478124 0.854546 -0.156661 0.319288 0.934619 -0.427735 0.474722 0.769209 -0.00139717 0.309527 0.95089 -0.220294 0.611526 0.759938 -0.611354 0.759619 0.221869 -0.378629 0.790254 0.481808 -0.198517 0.698655 0.687366 -0.39868 0.880303 -0.257139 -0.278018 0.932241 0.231586 -0.151498 0.726774 0.669961 0.085166 0.931065 -0.354775 -0.0637321 0.982479 0.175136 -0.11507 0.68989 0.71471 0.427289 0.904094 0.00625174 0.0970142 0.933609 0.34491 -0.117685 0.592443 0.79697 0.365146 0.774512 0.516527 0.0815776 0.776808 0.624431 -0.155885 0.448279 0.880196 -0.0024187 0.521921 0.85299 -0.0917395 0.513907 0.852926 -0.201193 0.279909 0.938708 -0.418724 0.129357 0.898853 -0.294195 0.166244 0.941176 -0.220509 0.119714 0.96801 -0.612453 -0.367697 0.699786 -0.379329 -0.203829 0.902532 -0.198041 0.00686407 0.98017 -0.398776 -0.797449 0.452828 -0.278403 -0.482742 0.830332 -0.151378 -0.0251483 0.988156 0.0865372 -0.902682 0.421516 -0.0636686 -0.558361 0.827151 -0.114908 0.0327085 0.992837 0.427413 -0.624863 0.653348 0.0972006 -0.402345 0.910313 -0.117769 0.15951 0.980146 0.365178 -0.168403 0.915579 0.081818 -0.0923794 0.992357 -0.298779 0.717069 0.629717 -0.242558 0.845542 0.475631 -0.11528 0.89056 0.440015 -0.0182731 0.83994 0.542371 -0.0255499 0.698663 0.714994 -0.126299 0.483683 0.866083 -0.245918 0.220432 0.943893 -0.298763 -0.0472877 0.953155 -0.242218 -0.24739 0.938152 -0.115999 -0.304305 0.945485 -0.0182579 -0.195504 0.980533 -0.0254863 0.0267975 0.999316 0.432907 0.445732 0.783527 0.00168403 0.48952 0.871991 0.00181226 0.489675 0.871903 0.433012 0.445797 0.783432 0.778817 0.333789 0.531064 0.778881 0.333873 0.530917 0.970762 0.174036 0.165324 0.970797 0.173885 0.165278 0.970574 -0.00305737 -0.240785 0.970562 -0.00321068 -0.240831 0.778107 -0.163086 -0.606591 0.778043 -0.163082 -0.606674 0.431324 -0.275201 -0.859199 0.431239 -0.275208 -0.85924 -0.00116095 -0.318035 -0.948078 -0.00125003 -0.318063 -0.948069 -0.433733 -0.283715 -0.855208 -0.433807 -0.283807 -0.85514 -0.780703 -0.180257 -0.59834 -0.780747 -0.18016 -0.598311 -0.973249 -0.0288803 -0.22793 -0.973255 -0.0286865 -0.22793 -0.973118 0.1399 0.182946 -0.973103 0.139935 0.182999 -0.780229 0.291564 0.553383 -0.780189 0.291626 0.553408 -0.432717 0.395072 0.810354 0.000639862 0.428196 0.903686 </float_array>
          <technique_common>
            <accessor count="99" offset="0" source="#meshId19-tangents-array" stride="3">
              <param name="X" type="float" />
              <param name="Y" type="float" />
              <param name="Z" type="float" />
            </accessor>
          </technique_common>
        </source>
        <source id="meshId19-bitangents" name="meshId19-bitangents">
          <float_array id="meshId19-bitangents-array" count="297"> -0.975376 -0.189824 -0.112283 -0.978229 -0.165037 -0.125825 -0.984785 -0.0677206 -0.160038 -0.982387 -0.11936 -0.143762 -0.984761 -0.0614486 -0.1627 -0.983485 -0.00487281 -0.180923 -0.979646 0.0371638 -0.197266 -0.97621 0.056814 -0.209252 -0.975623 0.0520585 -0.213189 -0.978309 0.0247324 -0.205668 -0.982355 -0.0201211 -0.185938 -0.984758 -0.0740088 -0.157399 -0.9835 -0.126452 -0.129373 -0.979652 -0.167448 -0.11065 -0.976114 -0.189964 -0.105431 -0.584987 -0.747832 0.313906 -0.772054 -0.61515 0.15976 -0.749497 -0.65509 0.0954572 -0.537732 -0.826703 0.165547 -0.907299 -0.420027 0.0196342 -0.899072 -0.4378 -0.00113937 -0.0741978 -0.866553 0.493539 -0.0162557 -0.950772 0.309464 -0.941541 -0.336893 -0.00183806 -0.487438 -0.582329 0.650612 -0.76396 -0.560716 0.319318 -0.975867 -0.205996 -0.0724598 -0.889693 -0.303234 0.341315 -0.942302 -0.311487 0.122648 -0.984262 -0.0485375 -0.169917 -0.971208 -0.00193485 -0.238223 -0.980391 -0.0288466 -0.194941 -0.960099 0.107375 -0.258225 -0.654821 0.314232 -0.687363 -0.847113 0.259377 -0.463815 -0.92222 0.232463 -0.308986 -0.234798 0.61352 -0.753965 -0.650602 0.516125 -0.557076 -0.899207 0.304395 -0.314279 -0.0161382 0.852862 -0.521888 -0.537877 0.695259 -0.476763 -0.907665 0.307067 -0.286103 -0.114607 0.974361 -0.193612 -0.585996 0.746564 -0.315041 -0.941489 0.233231 -0.243311 -0.486075 0.873277 0.0334434 -0.763617 0.619789 -0.180971 -0.975963 0.0914312 -0.197831 -0.88965 0.456208 0.0199437 -0.942187 0.305117 -0.138516 -0.984281 -0.0881699 -0.153028 -0.971087 -0.17092 -0.166664 -0.980394 -0.11988 -0.156388 -0.960115 -0.260121 -0.102551 -0.654727 -0.712293 -0.252923 -0.847077 -0.513625 -0.136567 -0.922207 -0.383661 -0.0483701 -0.234753 -0.968377 -0.0844825 -0.65057 -0.759256 -0.0170416 -0.864089 -0.483355 0.140423 -0.959305 -0.282105 0.0122893 -0.982756 -0.0377828 -0.181004 -0.914111 0.205728 -0.349397 -0.810396 0.404302 -0.424027 -0.749652 0.52525 -0.402658 -0.772597 0.543481 -0.328211 -0.864095 0.437336 -0.249151 -0.95939 0.205159 -0.193601 -0.982672 -0.103395 -0.153839 -0.914102 -0.394057 -0.0955902 -0.810395 -0.585863 -0.00495771 0.032037 -0.876255 0.480782 -0.0150766 -0.87188 0.489487 -0.0162147 -0.871776 0.489637 0.0310537 -0.876001 0.481308 0.0691278 -0.887171 0.456234 0.0685242 -0.88676 0.457121 0.0900974 -0.902545 0.421064 0.0897272 -0.902116 0.422061 0.0921083 -0.919166 0.382948 0.0922436 -0.918717 0.383995 0.076822 -0.933749 0.349588 0.0775626 -0.93339 0.35038 0.0489389 -0.943803 0.326867 0.0499717 -0.943596 0.327306 0.0151287 -0.947976 0.317983 0.0162705 -0.94795 0.318002 -0.0176019 -0.946284 0.322857 -0.0165244 -0.946429 0.322487 -0.043079 -0.939691 0.339302 -0.0424284 -0.940037 0.338424 -0.0573039 -0.930202 0.362548 -0.0572249 -0.930624 0.361473 -0.05948 -0.920074 0.387202 -0.0597468 -0.920491 0.38617 -0.0507796 -0.91132 0.408556 -0.0515301 -0.911637 0.407753 -0.0345021 -0.905464 0.423017 -0.0151569 -0.903578 0.428155 </float_array>
          <technique_common>
            <accessor count="99" offset="0" source="#meshId19-bitangents-array" stride="3">
              <param name="X" type="float" />
              <param name="Y" type="float" />
              <param name="Z" type="float" />
            </accessor>
          </technique_common>
        </source>
        <source id="meshId19-tex0" name="meshId19-tex0">
          <float_array id="meshId19-tex0-array" count="198"> 0.647598 0.885185 0.648757 0.88582 0.646805 0.88806 0.649536 0.8869 0.649771 0.888209 0.649416 0.889488 0.648541 0.890485 0.647321 0.891001 0.645997 0.890935 0.644834 0.890299 0.644063 0.88922 0.643838 0.887911 0.644203 0.886633 0.645085 0.885637 0.646302 0.88512 0.648118 0.883063 0.647959 0.883755 0.646097 0.88366 0.646021 0.882953 0.647788 0.884449 0.646191 0.884368 0.648262 0.882322 0.645966 0.882199 0.649254 0.885248 0.650707 0.883605 0.650197 0.884175 0.650236 0.886605 0.652272 0.885764 0.651561 0.886055 0.650532 0.888249 0.652734 0.888377 0.651967 0.888331 0.650085 0.889855 0.652014 0.890927 0.651343 0.890552 0.648985 0.891106 0.650258 0.892909 0.649816 0.89228 0.647451 0.891753 0.647816 0.89393 0.647691 0.893172 0.645788 0.891669 0.645173 0.893789 0.645389 0.893052 0.644328 0.89087 0.642854 0.892513 0.643368 0.891942 0.643359 0.889515 0.641319 0.890355 0.64203 0.890064 0.643076 0.887871 0.640875 0.887743 0.641642 0.88779 0.643537 0.886266 0.641613 0.885194 0.642283 0.885569 0.644651 0.885015 0.643399 0.883214 0.643837 0.883842 0.649724 0.88471 0.650899 0.886328 0.651251 0.888288 0.650716 0.890203 0.649402 0.891693 0.647572 0.892464 0.64559 0.892362 0.643848 0.891408 0.642695 0.889791 0.642358 0.887832 0.642909 0.885918 0.644243 0.884429 0.703228 0.663175 0.706746 0.663622 0.677951 0.885087 0.675675 0.884798 0.699708 0.662748 0.673398 0.884521 0.696185 0.66234 0.671119 0.884257 0.69266 0.661951 0.668839 0.884006 0.689133 0.661583 0.666557 0.883768 0.685604 0.661234 0.664274 0.883542 0.682073 0.660906 0.66199 0.88333 0.678541 0.660597 0.659704 0.88313 0.675006 0.660307 0.657418 0.882943 0.67147 0.660038 0.65513 0.882768 0.667933 0.659789 0.652842 0.882607 0.664394 0.659559 0.650552 0.882458 0.660854 0.659349 0.657313 0.659159 </float_array>
          <technique_common>
            <accessor count="99" offset="0" source="#meshId19-tex0-array" stride="2">
              <param name="S" type="float" />
              <param name="T" type="float" />
            </accessor>
          </technique_common>
        </source>
        <vertices id="meshId19-vertices">
          <input semantic="POSITION" source="#meshId19-positions" />
        </vertices>
        <polylist count="154" material="defaultMaterial">
          <input offset="0" semantic="VERTEX" source="#meshId19-vertices" />
          <input offset="0" semantic="NORMAL" source="#meshId19-normals" />
          <input offset="0" semantic="TANGENT" source="#meshId19-tangents" />
          <input offset="0" semantic="BINORMAL" source="#meshId19-bitangents" />
          <input offset="0" semantic="TEXCOORD" source="#meshId19-tex0" set="0" />
          <vcount>3 3 3 3 3 3 3 3 3 3 3 3 3 3 3 3 3 3 3 3 3 3 3 3 3 3 3 3 3 3 3 3 3 3 3 3 3 3 3 3 3 3 3 3 3 3 3 3 3 3 3 3 3 3 3 3 3 3 3 3 3 3 3 3 3 3 3 3 3 3 3 3 3 3 3 3 3 3 3 3 3 3 3 3 3 3 3 3 3 3 3 3 3 3 3 3 3 3 3 3 3 3 3 3 3 3 3 3 3 3 3 3 3 3 3 3 3 3 3 3 3 3 3 3 3 3 3 3 3 3 3 3 3 3 3 3 3 3 3 3 3 3 3 3 3 3 3 3 3 3 3 3 3 3 </vcount>
          <p>0 1 2 1 3 2 3 4 2 4 5 2 5 6 2 6 7 2 7 8 2 8 9 2 9 10 2 10 11 2 11 12 2 12 13 2 13 14 2 14 0 2 18 15 16 16 17 18 17 16 19 19 20 17 22 21 15 15 18 22 20 19 0 0 14 20 1 0 19 19 23 1 25 15 21 21 24 25 3 1 23 23 26 3 28 25 24 24 27 28 4 3 26 26 29 4 31 28 27 27 30 31 5 4 29 29 32 5 34 31 30 30 33 34 6 5 32 32 35 6 37 34 33 33 36 37 7 6 35 35 38 7 40 37 36 36 39 40 8 7 38 38 41 8 43 40 39 39 42 43 9 8 41 41 44 9 46 43 42 42 45 46 10 9 44 44 47 10 49 46 45 45 48 49 11 10 47 47 50 11 52 49 48 48 51 52 12 11 50 50 53 12 55 52 51 51 54 55 13 12 53 53 56 13 58 55 54 54 57 58 14 13 56 56 20 14 18 58 57 57 22 18 23 19 16 16 59 23 59 16 15 15 25 59 26 23 59 59 60 26 60 59 25 25 28 60 29 26 60 60 61 29 61 60 28 28 31 61 32 29 61 61 62 32 62 61 31 31 34 62 35 32 62 62 63 35 63 62 34 34 37 63 38 35 63 63 64 38 64 63 37 37 40 64 41 38 64 64 65 41 65 64 40 40 43 65 44 41 65 65 66 44 66 65 43 43 46 66 47 44 66 66 67 47 67 66 46 46 49 67 50 47 67 67 68 50 68 67 49 49 52 68 53 50 68 68 69 53 69 68 52 52 55 69 56 53 69 69 70 56 70 69 55 55 58 70 58 18 17 17 70 58 70 17 20 20 56 70 74 71 72 72 73 74 76 75 71 71 74 76 78 77 75 75 76 78 80 79 77 77 78 80 82 81 79 79 80 82 84 83 81 81 82 84 86 85 83 83 84 86 88 87 85 85 86 88 90 89 87 87 88 90 92 91 89 89 90 92 94 93 91 91 92 94 96 95 93 93 94 96 21 97 95 95 96 21 22 98 97 97 21 22 </p>
        </polylist>
      </mesh>
    </geometry>
    <geometry id="meshId20" name="meshId20_name" >
      <mesh>
        <source id="meshId20-positions" name="meshId20-positions">
          <float_array id="meshId20-positions-array" count="297"> 0.0156248 0.764492 0.323732 0.0128986 0.76582 0.320582 0.00677265 0.762836 0.32766 0.00895932 0.766558 0.318834 0.00458646 0.766558 0.318834 0.000646958 0.76582 0.320582 -0.00207948 0.764492 0.323732 -0.0030521 0.762836 0.32766 -0.00207948 0.761179 0.331588 0.000646958 0.75985 0.334738 0.00458646 0.759113 0.336486 0.00895932 0.759113 0.336486 0.0128986 0.75985 0.334738 0.0156248 0.761179 0.331588 0.0165979 0.762836 0.32766 0.0207099 0.762289 0.320145 0.019508 0.763529 0.321296 0.0209077 0.761145 0.326947 0.0222416 0.759681 0.326329 0.0177239 0.764171 0.3225 0.0189279 0.762122 0.327359 0.0215973 0.760726 0.319022 0.0232269 0.757952 0.3256 0.0143515 0.765815 0.318603 0.0170317 0.762951 0.313747 0.0164176 0.764381 0.315186 0.00947765 0.766727 0.31644 0.0104343 0.764186 0.31082 0.0102152 0.765542 0.312434 0.00406813 0.766727 0.31644 0.00311158 0.764186 0.31082 0.00333054 0.765542 0.312434 -0.000805757 0.765815 0.318603 -0.00348595 0.762951 0.313747 -0.00287181 0.764381 0.315186 -0.0041786 0.764171 0.3225 -0.00805203 0.760726 0.319022 -0.00716463 0.762289 0.320145 -0.00538212 0.762122 0.327359 -0.00968109 0.757952 0.3256 -0.0086961 0.759681 0.326329 -0.0041786 0.760073 0.332218 -0.00805203 0.755178 0.332178 -0.00716463 0.757072 0.332513 -0.000805757 0.758429 0.336115 -0.00348595 0.752953 0.337453 -0.00287181 0.754981 0.337473 0.00406813 0.757517 0.338278 0.00311158 0.751718 0.340381 0.00333054 0.75382 0.340225 0.00947765 0.757517 0.338278 0.0104343 0.751718 0.340381 0.0102152 0.75382 0.340225 0.0143515 0.758429 0.336115 0.0170317 0.752953 0.337453 0.0164176 0.754981 0.337473 0.0177239 0.760073 0.332218 0.0215973 0.755178 0.332178 0.0207099 0.757072 0.332513 0.0155857 0.76544 0.316764 0.00991822 0.766501 0.31425 0.00362757 0.766501 0.31425 -0.00203995 0.76544 0.316765 -0.0059627 0.763529 0.321296 -0.00736191 0.761145 0.326947 -0.0059627 0.758762 0.332598 -0.00203995 0.756851 0.33713 0.00362757 0.75579 0.339644 0.00991822 0.75579 0.339644 0.0155857 0.756851 0.33713 0.019508 0.758762 0.332598 0.0296875 0.208411 0.105798 0.0322061 0.2127 0.0956298 0.0232269 0.757952 0.3256 0.0215973 0.755178 0.332178 0.0226303 0.204972 0.113952 0.0170317 0.752953 0.337453 0.0124324 0.203064 0.118477 0.0104343 0.751718 0.340381 0.00111313 0.203064 0.118477 0.00311158 0.751718 0.340381 -0.00908506 0.204972 0.113952 -0.00348595 0.752953 0.337453 -0.0161425 0.208411 0.105798 -0.00805203 0.755178 0.332178 -0.0186608 0.2127 0.0956298 -0.00968109 0.757952 0.3256 -0.0161425 0.216988 0.0854619 -0.00805203 0.760726 0.319022 -0.00908506 0.220427 0.0773078 -0.00348595 0.762951 0.313747 0.00111313 0.222336 0.0727828 0.00311158 0.764186 0.31082 0.0124324 0.222336 0.0727828 0.0104343 0.764186 0.31082 0.0226303 0.220427 0.0773078 0.0170317 0.762951 0.313747 0.0296875 0.216988 0.0854619 0.0322061 0.2127 0.0956298 </float_array>
          <technique_common>
            <accessor count="99" offset="0" source="#meshId20-positions-array" stride="3">
              <param name="X" type="float" />
              <param name="Y" type="float" />
              <param name="Z" type="float" />
            </accessor>
          </technique_common>
        </source>
        <source id="meshId20-normals" name="meshId20-normals">
          <float_array id="meshId20-normals-array" count="297"> 0.12241 0.935759 0.330713 0.084712 0.954141 0.287122 -0 0.921399 0.388617 0.030234 0.964331 0.262969 -0.030233 0.964328 0.262977 -0.084707 0.954137 0.287136 -0.122417 0.935763 0.3307 -0.135862 0.912857 0.385011 -0.122418 0.889949 0.439322 -0.084705 0.87158 0.48288 -0.030232 0.861385 0.507052 0.030234 0.861388 0.507047 0.084711 0.871582 0.482875 0.122408 0.889939 0.439346 0.135865 0.91284 0.38505 0.755033 0.644052 -0.122972 0.58532 0.810015 0.035716 0.649657 0.70047 0.295444 0.838022 0.50275 0.212042 0.368322 0.909819 0.191232 0.408805 0.840886 0.354667 0.900853 0.183625 -0.393379 0.999867 0.015035 0.006341 0.254898 0.965095 0.060163 0.623417 0.318826 -0.713934 0.522496 0.757371 -0.391648 0.090971 0.995774 -0.012566 0.222489 0.39386 -0.891837 0.186471 0.820264 -0.540737 -0.09097 0.995774 -0.012567 -0.222487 0.393861 -0.891837 -0.186472 0.820264 -0.540735 -0.254887 0.965098 0.060153 -0.623404 0.318831 -0.713943 -0.522475 0.757374 -0.391669 -0.368324 0.909817 0.191234 -0.900853 0.183625 -0.393379 -0.755023 0.644063 -0.122979 -0.408815 0.840885 0.35466 -0.999867 0.015035 0.006341 -0.838021 0.502753 0.212037 -0.368331 0.771961 0.518081 -0.900852 -0.153556 0.406062 -0.755023 0.361454 0.547075 -0.254891 0.716675 0.649159 -0.623403 -0.28876 0.726627 -0.522484 0.248137 0.815744 -0.090971 0.685997 0.721895 -0.222489 -0.363787 0.904521 -0.18648 0.185261 0.964833 0.09097 0.685982 0.721909 0.22249 -0.363787 0.90452 0.186479 0.185262 0.964833 0.254899 0.716671 0.649161 0.623416 -0.288754 0.726618 0.522509 0.248145 0.815726 0.368326 0.771962 0.518084 0.900852 -0.153555 0.406062 0.755027 0.361451 0.547071 0.40506 0.897854 -0.172585 0.144563 0.946609 -0.288154 -0.144564 0.946609 -0.288154 -0.405044 0.897859 -0.172597 -0.585316 0.810018 0.035704 -0.649659 0.700473 0.295433 -0.585329 0.590932 0.555147 -0.405057 0.503082 0.763438 -0.144569 0.454335 0.879022 0.144564 0.454331 0.879025 0.405065 0.503079 0.763436 0.585324 0.590927 0.555158 0.900869 -0.154612 0.405623 0.999885 0.01398 0.005896 0.999867 0.015035 0.006341 0.900852 -0.153555 0.406062 0.623428 -0.289815 0.726186 0.623416 -0.288754 0.726618 0.222494 -0.364849 0.904092 0.22249 -0.363787 0.90452 -0.222492 -0.36485 0.904092 -0.222489 -0.363787 0.904521 -0.623414 -0.28982 0.726195 -0.623403 -0.28876 0.726627 -0.900869 -0.154614 0.405623 -0.900852 -0.153556 0.406062 -0.999885 0.01398 0.005896 -0.999867 0.015035 0.006341 -0.900869 0.182572 -0.39383 -0.900853 0.183625 -0.393379 -0.623415 0.317781 -0.714401 -0.623404 0.318831 -0.713943 -0.222491 0.392813 -0.892298 -0.222487 0.393861 -0.891837 0.222493 0.392811 -0.892298 0.222489 0.39386 -0.891837 0.623429 0.317776 -0.714392 0.623417 0.318826 -0.713934 0.900869 0.182572 -0.393831 0.999885 0.01398 0.005896 </float_array>
          <technique_common>
            <accessor count="99" offset="0" source="#meshId20-normals-array" stride="3">
              <param name="X" type="float" />
              <param name="Y" type="float" />
              <param name="Z" type="float" />
            </accessor>
          </technique_common>
        </source>
        <source id="meshId20-tangents" name="meshId20-tangents">
          <float_array id="meshId20-tangents-array" count="297"> -0.183579 0.348817 -0.919035 -0.1895 0.298326 -0.935463 -0.173823 0.382701 -0.907373 -0.184405 0.263954 -0.946743 -0.171271 0.254208 -0.951864 -0.159968 0.271411 -0.949076 -0.159115 0.310392 -0.937198 -0.169028 0.361559 -0.916899 -0.182012 0.415013 -0.891423 -0.189065 0.461759 -0.866622 -0.184713 0.493732 -0.84977 -0.170774 0.504272 -0.846491 -0.159816 0.490228 -0.856817 -0.159291 0.454553 -0.876361 -0.169654 0.40435 -0.898732 -0.295925 0.167356 -0.940436 -0.247637 0.220542 -0.943418 -0.127238 0.483329 -0.866143 -0.0926097 0.514032 -0.852757 -0.202994 0.27943 -0.938463 -0.156821 0.447569 -0.880391 -0.427719 0.220319 -0.876651 -0.0013934 0.465856 -0.884859 -0.220319 0.118546 -0.968198 -0.611826 -0.369622 -0.69932 -0.378688 -0.205417 -0.902441 -0.198465 0.00576313 -0.980091 -0.398635 -0.798051 -0.45189 -0.278114 -0.483806 -0.82981 -0.151534 -0.0263137 -0.988102 0.0850723 -0.903433 -0.420205 -0.0637378 -0.55933 -0.826491 -0.115068 0.0314933 -0.992858 0.427114 -0.625964 -0.65249 0.0969715 -0.403592 -0.909786 -0.117822 0.158356 -0.980327 0.365025 -0.170107 -0.915325 0.0815784 -0.093828 -0.99224 -0.155851 0.318582 -0.934995 -0.00241966 0.24769 -0.968836 -0.0916868 0.253328 -0.963026 -0.20105 0.477934 -0.855078 -0.418725 0.554273 -0.719341 -0.294203 0.558894 -0.775295 -0.220488 0.610572 -0.760649 -0.612455 0.758044 -0.224205 -0.379357 0.789159 -0.483028 -0.19793 0.697984 -0.688217 -0.398758 0.880578 0.256074 -0.278435 0.93183 -0.232739 -0.150929 0.726038 -0.670887 0.0864213 0.931482 0.353373 -0.0636915 0.982274 -0.176301 -0.114839 0.689022 -0.715584 0.42737 0.904046 -0.00740748 0.0971836 0.933145 -0.346115 -0.11761 0.591473 -0.797701 0.365168 0.773859 -0.517488 0.0818146 0.775887 -0.625545 -0.298323 -0.0486421 -0.953225 -0.242533 -0.248432 -0.937795 -0.115262 -0.30534 -0.945242 -0.0182311 -0.196669 -0.9803 -0.0253672 0.025719 -0.999347 -0.126209 0.283843 -0.950528 -0.245916 0.523052 -0.816053 -0.298727 0.716356 -0.630552 -0.242223 0.845077 -0.476627 -0.115987 0.890013 -0.440935 -0.0181604 0.839268 -0.543414 -0.0252189 0.697642 -0.716002 0.432903 0.250921 -0.865814 0.0016878 0.283697 -0.958912 0.0018137 0.28379 -0.958885 0.433014 0.250911 -0.865761 0.77882 0.14807 -0.60952 0.778881 0.147889 -0.609486 0.970772 -0.00268521 -0.239987 0.970798 -0.00271063 -0.239883 0.970573 -0.17051 0.170043 0.970561 -0.170438 0.170185 0.778108 -0.321221 0.539782 0.778045 -0.321267 0.539846 0.431324 -0.424163 0.796269 0.431242 -0.424175 0.796308 -0.00116374 -0.458119 0.88889 -0.00124954 -0.45801 0.888946 -0.433736 -0.415258 0.799646 -0.433811 -0.415257 0.799606 -0.780703 -0.303338 0.546342 -0.780748 -0.303372 0.546258 -0.973241 -0.143407 0.179542 -0.973255 -0.14342 0.17946 -0.973118 0.0336389 -0.227837 -0.973103 0.0336537 -0.2279 -0.780231 0.193519 -0.594803 -0.780199 0.193644 -0.594804 -0.432718 0.305583 -0.848159 0.000640106 0.349388 -0.936978 </float_array>
          <technique_common>
            <accessor count="99" offset="0" source="#meshId20-tangents-array" stride="3">
              <param name="X" type="float" />
              <param name="Y" type="float" />
              <param name="Z" type="float" />
            </accessor>
          </technique_common>
        </source>
        <source id="meshId20-bitangents" name="meshId20-bitangents">
          <float_array id="meshId20-bitangents-array" count="297"> -0.975354 0.051787 0.214485 -0.97822 0.0248354 0.206081 -0.984777 -0.0675505 0.16016 -0.982386 -0.0198689 0.185808 -0.98476 -0.0738181 0.157476 -0.983481 -0.126326 0.129641 -0.979641 -0.167348 0.110897 -0.976202 -0.189649 0.105176 -0.975646 -0.189088 0.111176 -0.978304 -0.164703 0.125672 -0.982327 -0.119349 0.144183 -0.984846 -0.0609976 0.162349 -0.983505 -0.00458907 0.18082 -0.979614 0.0372898 0.1974 -0.976093 0.056781 0.209804 -0.58511 0.746451 0.31695 -0.772059 0.543357 0.329678 -0.749504 0.525104 0.403125 -0.53772 0.694992 0.477329 -0.907267 0.306838 0.287608 -0.899047 0.304289 0.314837 -0.0743062 0.957989 0.277015 -0.0162579 0.884733 0.465815 -0.941535 0.233537 0.242846 -0.486847 0.872771 -0.0353628 -0.763934 0.619834 0.179478 -0.975877 0.0916538 0.198151 -0.889713 0.456058 -0.0205514 -0.942275 0.305122 0.137911 -0.984257 -0.0879833 0.153287 -0.971217 -0.169361 0.167495 -0.98039 -0.119652 0.156581 -0.9601 -0.259988 0.103024 -0.654936 -0.7117 0.254051 -0.847122 -0.513321 0.137423 -0.922201 -0.38361 0.0488697 -0.234993 -0.968167 0.0862141 -0.650604 -0.759197 0.0183007 -0.899212 -0.437514 0.000811949 -0.0161371 -0.968723 -0.247621 -0.537879 -0.826477 -0.166199 -0.907695 -0.419112 -0.0208354 -0.11461 -0.818048 -0.563616 -0.58599 -0.746317 -0.315637 -0.941496 -0.337014 0.00238876 -0.486074 -0.584796 -0.64942 -0.763609 -0.561832 -0.318191 -0.975986 -0.205493 0.0722833 -0.889658 -0.303712 -0.340982 -0.942178 -0.312044 -0.122185 -0.98435 -0.0479266 0.169582 -0.971097 -0.000452086 0.238684 -0.980392 -0.0285752 0.194973 -0.960125 0.107853 0.257933 -0.654757 0.315153 0.687002 -0.847077 0.260123 0.463461 -0.922228 0.232882 0.308645 -0.234772 0.614461 0.753206 -0.650569 0.517061 0.556244 -0.864251 0.437599 0.248148 -0.959312 0.205457 0.19367 -0.982759 -0.103435 0.153249 -0.914116 -0.393918 0.0960287 -0.810408 -0.58584 0.00549417 -0.749676 -0.654806 -0.095995 -0.772602 -0.614179 -0.160838 -0.864113 -0.483469 -0.139881 -0.95939 -0.281824 -0.0121217 -0.982674 -0.038212 0.18136 -0.914108 0.206254 0.349094 -0.810407 0.405093 0.423249 0.032086 0.95558 0.292979 -0.0150783 0.958812 0.283641 -0.0162163 0.958769 0.283725 0.0310566 0.955753 0.292525 0.0691216 0.94556 0.318025 0.0685329 0.945912 0.317101 0.0899868 0.931063 0.353588 0.0897181 0.931478 0.352561 0.0921165 0.91532 0.392051 0.0922536 0.915757 0.390998 0.0768291 0.901566 0.425765 0.077555 0.90189 0.424947 0.0489361 0.892289 0.448804 0.0499636 0.892466 0.448339 0.0151278 0.888781 0.458083 0.0162695 0.88882 0.457968 -0.0175479 0.891195 0.453281 -0.0165256 0.89098 0.453744 -0.0430878 0.898333 0.437198 -0.042426 0.897949 0.43805 -0.0574351 0.908368 0.414209 -0.0572251 0.907912 0.415236 -0.0594808 0.919003 0.389736 -0.0597471 0.918554 0.390754 -0.0507658 0.928208 0.368584 -0.0513897 0.927821 0.369469 -0.0345019 0.934498 0.354293 -0.0151589 0.936874 0.349339 </float_array>
          <technique_common>
            <accessor count="99" offset="0" source="#meshId20-bitangents-array" stride="3">
              <param name="X" type="float" />
              <param name="Y" type="float" />
              <param name="Z" type="float" />
            </accessor>
          </technique_common>
        </source>
        <source id="meshId20-tex0" name="meshId20-tex0">
          <float_array id="meshId20-tex0-array" count="198"> 0.735853 0.83372 0.737012 0.834355 0.735059 0.836595 0.73779 0.835435 0.738026 0.836744 0.737671 0.838023 0.736796 0.83902 0.735575 0.839536 0.734252 0.83947 0.733089 0.838834 0.732318 0.837755 0.732093 0.836447 0.732458 0.835168 0.73334 0.834172 0.734557 0.833655 0.736373 0.831598 0.736214 0.83229 0.734352 0.832195 0.734275 0.831488 0.736043 0.832984 0.734446 0.832904 0.736517 0.830858 0.734221 0.830734 0.737509 0.833783 0.738962 0.83214 0.738451 0.832711 0.738491 0.83514 0.740526 0.834299 0.739816 0.83459 0.738787 0.836784 0.740988 0.836912 0.740222 0.836866 0.73834 0.83839 0.740268 0.839462 0.739598 0.839087 0.73724 0.839641 0.738513 0.841444 0.738071 0.840816 0.735706 0.840289 0.736071 0.842465 0.735945 0.841707 0.734043 0.840204 0.733428 0.842324 0.733644 0.841587 0.732582 0.839405 0.731109 0.841048 0.731623 0.840477 0.731614 0.83805 0.729574 0.83889 0.730285 0.838599 0.731331 0.836406 0.72913 0.836278 0.729896 0.836325 0.731792 0.834801 0.729868 0.833729 0.730538 0.834104 0.732906 0.833551 0.731654 0.831749 0.732092 0.832377 0.737979 0.833245 0.739153 0.834863 0.739505 0.836823 0.73897 0.838738 0.737657 0.840228 0.735827 0.840999 0.733845 0.840897 0.732103 0.839943 0.730949 0.838326 0.730613 0.836367 0.731164 0.834453 0.732498 0.832964 0.791483 0.61171 0.795001 0.612158 0.766206 0.833622 0.76393 0.833333 0.787963 0.611283 0.761653 0.833056 0.78444 0.610875 0.759374 0.832792 0.780915 0.610487 0.757094 0.832541 0.777388 0.610118 0.754812 0.832303 0.773859 0.60977 0.752529 0.832077 0.770328 0.609441 0.750245 0.831865 0.766796 0.609132 0.747959 0.831665 0.763261 0.608843 0.745673 0.831478 0.759725 0.608573 0.743385 0.831303 0.756188 0.608324 0.741097 0.831142 0.752649 0.608094 0.738807 0.830993 0.749109 0.607884 0.745568 0.607694 </float_array>
          <technique_common>
            <accessor count="99" offset="0" source="#meshId20-tex0-array" stride="2">
              <param name="S" type="float" />
              <param name="T" type="float" />
            </accessor>
          </technique_common>
        </source>
        <vertices id="meshId20-vertices">
          <input semantic="POSITION" source="#meshId20-positions" />
        </vertices>
        <polylist count="154" material="defaultMaterial">
          <input offset="0" semantic="VERTEX" source="#meshId20-vertices" />
          <input offset="0" semantic="NORMAL" source="#meshId20-normals" />
          <input offset="0" semantic="TANGENT" source="#meshId20-tangents" />
          <input offset="0" semantic="BINORMAL" source="#meshId20-bitangents" />
          <input offset="0" semantic="TEXCOORD" source="#meshId20-tex0" set="0" />
          <vcount>3 3 3 3 3 3 3 3 3 3 3 3 3 3 3 3 3 3 3 3 3 3 3 3 3 3 3 3 3 3 3 3 3 3 3 3 3 3 3 3 3 3 3 3 3 3 3 3 3 3 3 3 3 3 3 3 3 3 3 3 3 3 3 3 3 3 3 3 3 3 3 3 3 3 3 3 3 3 3 3 3 3 3 3 3 3 3 3 3 3 3 3 3 3 3 3 3 3 3 3 3 3 3 3 3 3 3 3 3 3 3 3 3 3 3 3 3 3 3 3 3 3 3 3 3 3 3 3 3 3 3 3 3 3 3 3 3 3 3 3 3 3 3 3 3 3 3 3 3 3 3 3 3 3 </vcount>
          <p>0 1 2 1 3 2 3 4 2 4 5 2 5 6 2 6 7 2 7 8 2 8 9 2 9 10 2 10 11 2 11 12 2 12 13 2 13 14 2 14 0 2 18 15 16 16 17 18 17 16 19 19 20 17 22 21 15 15 18 22 20 19 0 0 14 20 1 0 19 19 23 1 25 15 21 21 24 25 3 1 23 23 26 3 28 25 24 24 27 28 4 3 26 26 29 4 31 28 27 27 30 31 5 4 29 29 32 5 34 31 30 30 33 34 6 5 32 32 35 6 37 34 33 33 36 37 7 6 35 35 38 7 40 37 36 36 39 40 8 7 38 38 41 8 43 40 39 39 42 43 9 8 41 41 44 9 46 43 42 42 45 46 10 9 44 44 47 10 49 46 45 45 48 49 11 10 47 47 50 11 52 49 48 48 51 52 12 11 50 50 53 12 55 52 51 51 54 55 13 12 53 53 56 13 58 55 54 54 57 58 14 13 56 56 20 14 18 58 57 57 22 18 23 19 16 16 59 23 59 16 15 15 25 59 26 23 59 59 60 26 60 59 25 25 28 60 29 26 60 60 61 29 61 60 28 28 31 61 32 29 61 61 62 32 62 61 31 31 34 62 35 32 62 62 63 35 63 62 34 34 37 63 38 35 63 63 64 38 64 63 37 37 40 64 41 38 64 64 65 41 65 64 40 40 43 65 44 41 65 65 66 44 66 65 43 43 46 66 47 44 66 66 67 47 67 66 46 46 49 67 50 47 67 67 68 50 68 67 49 49 52 68 53 50 68 68 69 53 69 68 52 52 55 69 56 53 69 69 70 56 70 69 55 55 58 70 58 18 17 17 70 58 70 17 20 20 56 70 74 71 72 72 73 74 76 75 71 71 74 76 78 77 75 75 76 78 80 79 77 77 78 80 82 81 79 79 80 82 84 83 81 81 82 84 86 85 83 83 84 86 88 87 85 85 86 88 90 89 87 87 88 90 92 91 89 89 90 92 94 93 91 91 92 94 96 95 93 93 94 96 21 97 95 95 96 21 22 98 97 97 21 22 </p>
        </polylist>
      </mesh>
    </geometry>
    <geometry id="meshId21" name="meshId21_name" >
      <mesh>
        <source id="meshId21-positions" name="meshId21-positions">
          <float_array id="meshId21-positions-array" count="297"> 0.0156248 0.490146 0.491831 0.0128986 0.492563 0.489414 0.00677265 0.487132 0.494846 0.00895932 0.493905 0.488072 0.00458646 0.493905 0.488072 0.000646958 0.492563 0.489414 -0.00207948 0.490146 0.491831 -0.0030521 0.487132 0.494846 -0.00207948 0.484117 0.49786 0.000646958 0.4817 0.500277 0.00458646 0.480359 0.501619 0.00895932 0.480359 0.501619 0.0128986 0.4817 0.500277 0.0156248 0.484117 0.49786 0.0165979 0.487132 0.494846 0.0207099 0.489853 0.488075 0.019508 0.490384 0.489424 0.0209077 0.486047 0.493761 0.0222416 0.485107 0.492821 0.0177239 0.490403 0.490659 0.0189279 0.486674 0.494388 0.0215973 0.489046 0.486663 0.0232269 0.483998 0.491711 0.0143515 0.493394 0.487668 0.0170317 0.493094 0.482615 0.0164176 0.493659 0.484269 0.00947765 0.495053 0.486008 0.0104343 0.495341 0.480368 0.0102152 0.495771 0.482157 0.00406813 0.495053 0.486008 0.00311158 0.495341 0.480368 0.00333054 0.495771 0.482157 -0.000805757 0.493394 0.487668 -0.00348595 0.493094 0.482615 -0.00287181 0.493659 0.484269 -0.0041786 0.490403 0.490659 -0.00805203 0.489046 0.486663 -0.00716463 0.489853 0.488075 -0.00538212 0.486674 0.494388 -0.00968109 0.483998 0.491711 -0.0086961 0.485107 0.492821 -0.0041786 0.482945 0.498117 -0.00805203 0.47895 0.49676 -0.00716463 0.480361 0.497567 -0.000805757 0.479954 0.501108 -0.00348595 0.474901 0.500808 -0.00287181 0.476555 0.501373 0.00406813 0.478295 0.502767 0.00311158 0.472655 0.503054 0.00333054 0.474443 0.503485 0.00947765 0.478295 0.502767 0.0104343 0.472655 0.503054 0.0102152 0.474443 0.503485 0.0143515 0.479954 0.501108 0.0170317 0.474901 0.500808 0.0164176 0.476555 0.501373 0.0177239 0.482945 0.498117 0.0215973 0.47895 0.49676 0.0207099 0.480361 0.497567 0.0155857 0.493861 0.485947 0.00991822 0.495791 0.484017 0.00362757 0.495791 0.484017 -0.00203995 0.493861 0.485947 -0.0059627 0.490384 0.489424 -0.00736191 0.486047 0.493761 -0.0059627 0.48171 0.498098 -0.00203995 0.478233 0.501575 0.00362757 0.476303 0.503505 0.00991822 0.476303 0.503505 0.0155857 0.478233 0.501575 0.019508 0.48171 0.498098 0.0289659 0.157695 0.180524 0.0314052 0.165252 0.172966 0.0232269 0.483998 0.491711 0.0215973 0.47895 0.49676 0.0221309 0.151635 0.186584 0.0170317 0.474901 0.500808 0.0122545 0.148271 0.189947 0.0104343 0.472655 0.503054 0.00129158 0.148271 0.189947 0.00311158 0.472655 0.503054 -0.00858557 0.151635 0.186584 -0.00348595 0.474901 0.500808 -0.0154204 0.157695 0.180524 -0.00805203 0.47895 0.49676 -0.0178597 0.165252 0.172966 -0.00968109 0.483998 0.491711 -0.0154204 0.17281 0.165409 -0.00805203 0.489046 0.486663 -0.00858557 0.17887 0.159349 -0.00348595 0.493094 0.482615 0.00129158 0.182234 0.155985 0.00311158 0.495341 0.480368 0.0122545 0.182234 0.155985 0.0104343 0.495341 0.480368 0.0221309 0.17887 0.159349 0.0170317 0.493094 0.482615 0.0289659 0.17281 0.165409 0.0314052 0.165252 0.172966 </float_array>
          <technique_common>
            <accessor count="99" offset="0" source="#meshId21-positions-array" stride="3">
              <param name="X" type="float" />
              <param name="Y" type="float" />
              <param name="Z" type="float" />
            </accessor>
          </technique_common>
        </source>
        <source id="meshId21-normals" name="meshId21-normals">
          <float_array id="meshId21-normals-array" count="297"> 0.102766 0.737482 0.667503 0.071117 0.765541 0.639445 -0 0.707106 0.707107 0.025387 0.781119 0.623866 -0.025384 0.781132 0.62385 -0.071121 0.765556 0.639427 -0.102782 0.73749 0.667491 -0.114068 0.702481 0.702502 -0.102787 0.667485 0.737495 -0.071134 0.639437 0.765546 -0.025389 0.623857 0.781126 0.025387 0.62386 0.781123 0.071129 0.639431 0.765551 0.102776 0.667494 0.737488 0.11407 0.702491 0.702492 0.711528 0.676067 0.191472 0.524797 0.753473 0.396064 0.582475 0.574775 0.574767 0.789738 0.433768 0.433774 0.316301 0.769816 0.55438 0.351046 0.662101 0.662109 0.900796 0.320641 -0.292842 0.999807 0.0139 0.013899 0.218897 0.856188 0.468003 0.62338 0.566624 -0.538828 0.492388 0.870371 -0.002844 0.078117 0.90411 0.420098 0.222478 0.703143 -0.675347 0.175728 0.978198 -0.110672 -0.078122 0.904106 0.420107 -0.222473 0.703145 -0.675346 -0.175732 0.978198 -0.110669 -0.218891 0.856175 0.468028 -0.623366 0.566633 -0.538835 -0.492379 0.870376 -0.002874 -0.316299 0.769811 0.554388 -0.900799 0.320636 -0.292838 -0.711532 0.676066 0.191461 -0.351058 0.662101 0.662104 -0.999807 0.013899 0.013899 -0.789742 0.433769 0.433765 -0.316288 0.554392 0.769813 -0.900798 -0.292838 0.320637 -0.711535 0.191486 0.676056 -0.218881 0.468019 0.856183 -0.623369 -0.538832 0.566632 -0.492378 -0.002834 0.870377 -0.078119 0.420086 0.904116 -0.222475 -0.675346 0.703145 -0.175726 -0.110656 0.9782 0.078119 0.420086 0.904116 0.222479 -0.675346 0.703144 0.175721 -0.110656 0.978201 0.218894 0.468033 0.856172 0.623382 -0.538825 0.566624 0.492394 -0.002827 0.870368 0.316291 0.554408 0.7698 0.900797 -0.29284 0.320639 0.711529 0.191471 0.676066 0.363181 0.896785 0.252736 0.129616 0.976326 0.173169 -0.129627 0.976325 0.173163 -0.363176 0.896796 0.252705 -0.524807 0.753479 0.396039 -0.582495 0.574762 0.574759 -0.524802 0.396054 0.753475 -0.363162 0.252729 0.896795 -0.129614 0.173194 0.976322 0.129613 0.173195 0.976322 0.363188 0.252744 0.89678 0.524806 0.396066 0.753466 0.900823 -0.293921 0.319576 0.999835 0.012829 0.012827 0.999807 0.0139 0.013899 0.900797 -0.29284 0.320639 0.623399 -0.539913 0.565568 0.623382 -0.538825 0.566624 0.222485 -0.676437 0.702092 0.222479 -0.675346 0.703144 -0.22248 -0.676438 0.702093 -0.222475 -0.675346 0.703145 -0.623386 -0.53992 0.565576 -0.623369 -0.538832 0.566632 -0.900825 -0.293918 0.319573 -0.900798 -0.292838 0.320637 -0.999835 0.012827 0.012827 -0.999807 0.013899 0.013899 -0.900825 0.319572 -0.293918 -0.900799 0.320636 -0.292838 -0.623383 0.565577 -0.539922 -0.623366 0.566633 -0.538835 -0.222479 0.702093 -0.676438 -0.222473 0.703145 -0.675346 0.222484 0.702091 -0.676439 0.222478 0.703143 -0.675347 0.623397 0.565568 -0.539916 0.62338 0.566624 -0.538828 0.900822 0.319578 -0.293923 0.999835 0.012829 0.012827 </float_array>
          <technique_common>
            <accessor count="99" offset="0" source="#meshId21-normals-array" stride="3">
              <param name="X" type="float" />
              <param name="Y" type="float" />
              <param name="Z" type="float" />
            </accessor>
          </technique_common>
        </source>
        <source id="meshId21-tangents" name="meshId21-tangents">
          <float_array id="meshId21-tangents-array" count="297"> -0.183664 0.673586 -0.715926 -0.190699 0.639678 -0.744611 -0.173805 0.696345 -0.696344 -0.185826 0.616878 -0.764808 -0.171743 0.611365 -0.772488 -0.159401 0.624089 -0.764921 -0.157904 0.650439 -0.742964 -0.168583 0.683176 -0.710529 -0.182811 0.716116 -0.673615 -0.190887 0.744578 -0.63966 -0.185205 0.764916 -0.61693 -0.171504 0.772509 -0.611406 -0.15931 0.764925 -0.624107 -0.158159 0.742948 -0.650395 -0.169432 0.710504 -0.682991 -0.29768 0.536865 -0.789407 -0.248291 0.580549 -0.775445 -0.127508 0.762957 -0.63375 -0.0933279 0.783838 -0.613912 -0.202813 0.625745 -0.7532 -0.156834 0.738698 -0.655537 -0.428861 0.551052 -0.715835 -0.00144661 0.757196 -0.653186 -0.222715 0.510815 -0.830341 -0.648648 -0.0100702 -0.761022 -0.395974 0.221099 -0.891246 -0.202812 0.426986 -0.881221 -0.461464 -0.53425 -0.708257 -0.305756 -0.0526283 -0.950654 -0.154684 0.405299 -0.901003 0.0969793 -0.67331 -0.732973 -0.0716622 -0.124831 -0.989587 -0.117863 0.452948 -0.883712 0.475999 -0.271725 -0.836415 0.105023 0.0561339 -0.992884 -0.118712 0.547679 -0.828224 0.379238 0.252404 -0.890208 0.083114 0.351549 -0.932473 -0.155983 0.655876 -0.738577 -0.00248364 0.612109 -0.790769 -0.0923854 0.614937 -0.783146 -0.201392 0.753736 -0.625558 -0.421936 0.764773 -0.486921 -0.29578 0.791127 -0.535381 -0.222339 0.830454 -0.510795 -0.64885 0.760854 0.00970573 -0.396251 0.891083 -0.22126 -0.202427 0.881312 -0.426981 -0.461795 0.708178 0.534068 -0.305961 0.950592 0.0525693 -0.154644 0.901016 -0.405284 0.0969623 0.732971 0.673315 -0.0717329 0.989582 0.124829 -0.117189 0.88371 -0.453126 0.476236 0.836383 0.271409 0.104782 0.992914 -0.0560534 -0.118681 0.828208 -0.54771 0.37939 0.88996 -0.25305 0.0833428 0.932368 -0.351774 -0.306766 0.371227 -0.876405 -0.256276 0.201694 -0.945327 -0.122931 0.157465 -0.979843 -0.0187081 0.264151 -0.9643 -0.02618 0.450752 -0.892265 -0.126551 0.634355 -0.762613 -0.246515 0.77652 -0.579868 -0.306864 0.876366 -0.371238 -0.256447 0.945272 -0.201731 -0.122843 0.979847 -0.157512 -0.0186613 0.964284 -0.264211 -0.0261531 0.892242 -0.450799 0.433628 0.5717 -0.696509 0.00170896 0.637311 -0.770605 0.00186388 0.636854 -0.770982 0.43375 0.571719 -0.696418 0.779993 0.378878 -0.498059 0.780082 0.378943 -0.49787 0.972111 0.0991368 -0.212537 0.972139 0.0990606 -0.212446 0.971793 -0.211656 0.104021 0.971754 -0.211848 0.10399 0.77898 -0.491447 0.389449 0.778906 -0.491559 0.389455 0.431751 -0.684182 0.58778 0.431661 -0.684189 0.587839 -0.00116476 -0.751043 0.660253 -0.00126267 -0.75106 0.660232 -0.434071 -0.678188 0.592995 -0.434155 -0.678114 0.593019 -0.781235 -0.47934 0.399882 -0.78129 -0.479241 0.399893 -0.973814 -0.193325 0.119628 -0.973827 -0.193344 0.119496 -0.973602 0.123711 -0.19182 -0.973585 0.123754 -0.191878 -0.780559 0.409638 -0.472148 -0.78052 0.409729 -0.472134 -0.432876 0.608402 -0.665181 0.000616333 0.682615 -0.730778 </float_array>
          <technique_common>
            <accessor count="99" offset="0" source="#meshId21-tangents-array" stride="3">
              <param name="X" type="float" />
              <param name="Y" type="float" />
              <param name="Z" type="float" />
            </accessor>
          </technique_common>
        </source>
        <source id="meshId21-bitangents" name="meshId21-bitangents">
          <float_array id="meshId21-bitangents-array" count="297"> -0.977603 -0.0490233 0.20467 -0.979069 -0.0689872 0.19148 -0.98478 -0.122899 0.122898 -0.982255 -0.0965141 0.160813 -0.984815 -0.126751 0.118635 -0.984649 -0.156327 0.0776447 -0.982091 -0.181763 0.0495994 -0.979065 -0.199478 0.0404975 -0.97776 -0.204061 0.0484165 -0.979031 -0.191634 0.0690954 -0.982372 -0.160331 0.0961208 -0.984856 -0.118444 0.126606 -0.984663 -0.0775679 0.156276 -0.98205 -0.049795 0.181927 -0.978918 -0.0411161 0.200072 -0.636486 0.504688 0.583246 -0.814211 0.308612 0.491751 -0.802786 0.295856 0.517692 -0.606304 0.444347 0.659509 -0.926726 0.125803 0.354052 -0.92313 0.126283 0.363157 -0.0681548 0.77041 0.633896 -0.0196036 0.65304 0.75707 -0.949991 0.0775276 0.302502 -0.436639 0.823915 0.361262 -0.775086 0.439965 0.453511 -0.976097 -0.0163627 0.21672 -0.85881 0.46922 0.205616 -0.935753 0.200895 0.289842 -0.984871 -0.135372 0.108188 -0.970103 -0.228561 0.0816028 -0.981827 -0.165971 0.0920367 -0.968604 -0.2486 0.00176523 -0.620355 -0.777878 -0.100333 -0.864021 -0.489177 -0.119049 -0.941203 -0.327779 -0.0818445 -0.211519 -0.912954 -0.348963 -0.697721 -0.647571 -0.306329 -0.923271 -0.36256 -0.126974 -0.0194986 -0.790651 -0.611957 -0.606443 -0.658557 -0.445568 -0.92704 -0.352891 -0.126748 -0.102626 -0.573906 -0.812465 -0.637364 -0.580906 -0.506277 -0.950082 -0.302166 -0.0777118 -0.436354 -0.361609 -0.823914 -0.774951 -0.453831 -0.439873 -0.976177 -0.216373 0.0161896 -0.858633 -0.205892 -0.469423 -0.935686 -0.290053 -0.2009 -0.984877 -0.108156 0.13535 -0.970104 -0.0816199 0.228554 -0.981823 -0.0921044 0.165953 -0.968686 -0.0011472 0.248287 -0.620157 0.100655 0.777994 -0.864042 0.118799 0.489201 -0.941209 0.0818754 0.327752 -0.211253 0.349594 0.912774 -0.697696 0.306642 0.647449 -0.879769 0.240763 0.409926 -0.957874 0.0781504 0.276352 -0.983912 -0.148301 0.0996088 -0.931533 -0.354938 -0.0791557 -0.850819 -0.478635 -0.216832 -0.802922 -0.516954 -0.296772 -0.814748 -0.490059 -0.309886 -0.879743 -0.410013 -0.240709 -0.957829 -0.276522 -0.0781054 -0.983926 -0.099519 0.148277 -0.931529 0.0792234 0.354933 -0.85082 0.216876 0.478613 0.0220169 0.766009 0.642453 -0.0180609 0.7705 0.637184 -0.0195683 0.770859 0.636705 0.0206235 0.766408 0.642022 0.0546273 0.751628 0.65732 0.0535466 0.752376 0.656554 0.0741646 0.729798 0.679628 0.0738209 0.730818 0.678569 0.0782387 0.705431 0.704447 0.078731 0.706419 0.703401 0.0676791 0.683349 0.726948 0.0686821 0.684127 0.726122 0.0458869 0.667463 0.743228 0.0472347 0.66793 0.742723 0.0181027 0.660129 0.750934 0.0196156 0.660087 0.750933 -0.00982709 0.661766 0.749646 -0.00843422 0.661328 0.75005 -0.0326422 0.671085 0.740661 -0.0316391 0.670266 0.741447 -0.046782 0.68534 0.726719 -0.046551 0.684255 0.727755 -0.0509926 0.701259 0.711081 -0.0513409 0.700196 0.712102 -0.0458621 0.715772 0.696826 -0.046749 0.714885 0.697678 -0.0337541 0.726442 0.686399 -0.0181311 0.730665 0.682494 </float_array>
          <technique_common>
            <accessor count="99" offset="0" source="#meshId21-bitangents-array" stride="3">
              <param name="X" type="float" />
              <param name="Y" type="float" />
              <param name="Z" type="float" />
            </accessor>
          </technique_common>
        </source>
        <source id="meshId21-tex0" name="meshId21-tex0">
          <float_array id="meshId21-tex0-array" count="198"> 0.898925 0.951724 0.900084 0.95236 0.898131 0.9546 0.900862 0.953439 0.901098 0.954748 0.900743 0.956028 0.899868 0.957024 0.898647 0.95754 0.897324 0.957474 0.896161 0.956838 0.89539 0.95576 0.895164 0.954451 0.89553 0.953172 0.896412 0.952176 0.897629 0.95166 0.899445 0.949603 0.899286 0.950295 0.897424 0.950199 0.897347 0.949493 0.899115 0.950989 0.897518 0.950908 0.899589 0.948862 0.897293 0.948739 0.900581 0.951788 0.902033 0.950144 0.901523 0.950715 0.901563 0.953144 0.903598 0.952303 0.902888 0.952594 0.901859 0.954788 0.90406 0.954916 0.903294 0.95487 0.901412 0.956395 0.90334 0.957466 0.90267 0.957092 0.900312 0.957646 0.901585 0.959448 0.901143 0.95882 0.898778 0.958293 0.899143 0.960469 0.899017 0.959712 0.897115 0.958209 0.8965 0.960328 0.896716 0.959591 0.895654 0.95741 0.894181 0.959052 0.894695 0.958482 0.894686 0.956054 0.892646 0.956895 0.893357 0.956604 0.894403 0.954411 0.892202 0.954283 0.892968 0.954329 0.894864 0.952805 0.89294 0.951734 0.89361 0.952108 0.895978 0.951555 0.894726 0.949754 0.895164 0.950382 0.901051 0.95125 0.902225 0.952867 0.902577 0.954828 0.902042 0.956742 0.900729 0.958233 0.898899 0.959003 0.896917 0.958901 0.895175 0.957947 0.894021 0.956331 0.893685 0.954371 0.894236 0.952457 0.89557 0.950968 0.952097 0.749488 0.955504 0.749921 0.929278 0.951627 0.927002 0.951337 0.948688 0.749073 0.924725 0.951061 0.945276 0.748678 0.922446 0.950797 0.941862 0.748302 0.920166 0.950546 0.938446 0.747946 0.917884 0.950307 0.935028 0.747608 0.915601 0.950082 0.931608 0.74729 0.913317 0.949869 0.928187 0.74699 0.911031 0.949669 0.924764 0.74671 0.908745 0.949482 0.921339 0.746449 0.906457 0.949308 0.917913 0.746208 0.904169 0.949146 0.914486 0.745985 0.901879 0.948998 0.911058 0.745782 0.907627 0.745598 </float_array>
          <technique_common>
            <accessor count="99" offset="0" source="#meshId21-tex0-array" stride="2">
              <param name="S" type="float" />
              <param name="T" type="float" />
            </accessor>
          </technique_common>
        </source>
        <vertices id="meshId21-vertices">
          <input semantic="POSITION" source="#meshId21-positions" />
        </vertices>
        <polylist count="154" material="defaultMaterial">
          <input offset="0" semantic="VERTEX" source="#meshId21-vertices" />
          <input offset="0" semantic="NORMAL" source="#meshId21-normals" />
          <input offset="0" semantic="TANGENT" source="#meshId21-tangents" />
          <input offset="0" semantic="BINORMAL" source="#meshId21-bitangents" />
          <input offset="0" semantic="TEXCOORD" source="#meshId21-tex0" set="0" />
          <vcount>3 3 3 3 3 3 3 3 3 3 3 3 3 3 3 3 3 3 3 3 3 3 3 3 3 3 3 3 3 3 3 3 3 3 3 3 3 3 3 3 3 3 3 3 3 3 3 3 3 3 3 3 3 3 3 3 3 3 3 3 3 3 3 3 3 3 3 3 3 3 3 3 3 3 3 3 3 3 3 3 3 3 3 3 3 3 3 3 3 3 3 3 3 3 3 3 3 3 3 3 3 3 3 3 3 3 3 3 3 3 3 3 3 3 3 3 3 3 3 3 3 3 3 3 3 3 3 3 3 3 3 3 3 3 3 3 3 3 3 3 3 3 3 3 3 3 3 3 3 3 3 3 3 3 </vcount>
          <p>0 1 2 1 3 2 3 4 2 4 5 2 5 6 2 6 7 2 7 8 2 8 9 2 9 10 2 10 11 2 11 12 2 12 13 2 13 14 2 14 0 2 18 15 16 16 17 18 17 16 19 19 20 17 22 21 15 15 18 22 20 19 0 0 14 20 1 0 19 19 23 1 25 15 21 21 24 25 3 1 23 23 26 3 28 25 24 24 27 28 4 3 26 26 29 4 31 28 27 27 30 31 5 4 29 29 32 5 34 31 30 30 33 34 6 5 32 32 35 6 37 34 33 33 36 37 7 6 35 35 38 7 40 37 36 36 39 40 8 7 38 38 41 8 43 40 39 39 42 43 9 8 41 41 44 9 46 43 42 42 45 46 10 9 44 44 47 10 49 46 45 45 48 49 11 10 47 47 50 11 52 49 48 48 51 52 12 11 50 50 53 12 55 52 51 51 54 55 13 12 53 53 56 13 58 55 54 54 57 58 14 13 56 56 20 14 18 58 57 57 22 18 23 19 16 16 59 23 59 16 15 15 25 59 26 23 59 59 60 26 60 59 25 25 28 60 29 26 60 60 61 29 61 60 28 28 31 61 32 29 61 61 62 32 62 61 31 31 34 62 35 32 62 62 63 35 63 62 34 34 37 63 38 35 63 63 64 38 64 63 37 37 40 64 41 38 64 64 65 41 65 64 40 40 43 65 44 41 65 65 66 44 66 65 43 43 46 66 47 44 66 66 67 47 67 66 46 46 49 67 50 47 67 67 68 50 68 67 49 49 52 68 53 50 68 68 69 53 69 68 52 52 55 69 56 53 69 69 70 56 70 69 55 55 58 70 58 18 17 17 70 58 70 17 20 20 56 70 74 71 72 72 73 74 76 75 71 71 74 76 78 77 75 75 76 78 80 79 77 77 78 80 82 81 79 79 80 82 84 83 81 81 82 84 86 85 83 83 84 86 88 87 85 85 86 88 90 89 87 87 88 90 92 91 89 89 90 92 94 93 91 91 92 94 96 95 93 93 94 96 21 97 95 95 96 21 22 98 97 97 21 22 </p>
        </polylist>
      </mesh>
    </geometry>
    <geometry id="meshId22" name="meshId22_name" >
      <mesh>
        <source id="meshId22-positions" name="meshId22-positions">
          <float_array id="meshId22-positions-array" count="297"> 0.0156248 -0.495428 -0.48651 0.0128986 -0.497819 -0.484067 0.00677265 -0.492447 -0.489557 0.00895932 -0.499146 -0.482711 0.00458646 -0.499146 -0.482711 0.000646958 -0.497819 -0.484067 -0.00207948 -0.495428 -0.48651 -0.0030521 -0.492447 -0.489557 -0.00207948 -0.489465 -0.492604 0.000646958 -0.487074 -0.495047 0.00458646 -0.485747 -0.496403 0.00895932 -0.485747 -0.496403 0.0128986 -0.487074 -0.495047 0.0156248 -0.489465 -0.492604 0.0165979 -0.492447 -0.489557 0.0207099 -0.495094 -0.482757 0.019508 -0.49564 -0.484101 0.0209077 -0.49135 -0.488484 0.0222416 -0.4904 -0.487554 0.0177239 -0.495673 -0.485335 0.0189279 -0.491984 -0.489104 0.0215973 -0.494272 -0.481355 0.0232269 -0.489279 -0.486457 0.0143515 -0.498631 -0.482312 0.0170317 -0.498276 -0.477263 0.0164176 -0.498859 -0.478911 0.00947765 -0.500272 -0.480635 0.0104343 -0.500499 -0.474992 0.0102152 -0.500948 -0.476776 0.00406813 -0.500272 -0.480635 0.00311158 -0.500499 -0.474992 0.00333054 -0.500948 -0.476776 -0.000805757 -0.498631 -0.482312 -0.00348595 -0.498276 -0.477263 -0.00287181 -0.498859 -0.478911 -0.0041786 -0.495673 -0.485335 -0.00805203 -0.494272 -0.481355 -0.00716463 -0.495094 -0.482757 -0.00538212 -0.491984 -0.489104 -0.00968109 -0.489279 -0.486457 -0.0086961 -0.4904 -0.487554 -0.0041786 -0.488295 -0.492873 -0.00805203 -0.484285 -0.491559 -0.00716463 -0.485706 -0.492351 -0.000805757 -0.485337 -0.495896 -0.00348595 -0.480281 -0.495651 -0.00287181 -0.481941 -0.496198 0.00406813 -0.483695 -0.497574 0.00311158 -0.478059 -0.497922 0.00333054 -0.479852 -0.498333 0.00947765 -0.483695 -0.497574 0.0104343 -0.478059 -0.497922 0.0102152 -0.479852 -0.498333 0.0143515 -0.485337 -0.495896 0.0170317 -0.480281 -0.495651 0.0164176 -0.481941 -0.496198 0.0177239 -0.488295 -0.492873 0.0215973 -0.484285 -0.491559 0.0207099 -0.485706 -0.492351 0.0155857 -0.49908 -0.480586 0.00991822 -0.500989 -0.478635 0.00362757 -0.500989 -0.478635 -0.00203995 -0.49908 -0.480586 -0.0059627 -0.49564 -0.484101 -0.00736191 -0.49135 -0.488484 -0.0059627 -0.487061 -0.492867 -0.00203995 -0.483621 -0.496382 0.00362757 -0.481712 -0.498333 0.00991822 -0.481712 -0.498333 0.0155857 -0.483621 -0.496382 0.019508 -0.487061 -0.492867 0.0289659 -0.159635 -0.17881 0.0314052 -0.167111 -0.171172 0.0232269 -0.489279 -0.486457 0.0215973 -0.484285 -0.491559 0.0221309 -0.153641 -0.184936 0.0170317 -0.480281 -0.495651 0.0122545 -0.150314 -0.188335 0.0104343 -0.478059 -0.497922 0.00129158 -0.150314 -0.188335 0.00311158 -0.478059 -0.497922 -0.00858557 -0.153641 -0.184936 -0.00348595 -0.480281 -0.495651 -0.0154204 -0.159635 -0.17881 -0.00805203 -0.484285 -0.491559 -0.0178597 -0.167111 -0.171172 -0.00968109 -0.489279 -0.486457 -0.0154204 -0.174586 -0.163533 -0.00805203 -0.494272 -0.481355 -0.00858557 -0.180581 -0.157408 -0.00348595 -0.498276 -0.477263 0.00129158 -0.183907 -0.154008 0.00311158 -0.500499 -0.474992 0.0122545 -0.183907 -0.154008 0.0104343 -0.500499 -0.474992 0.0221309 -0.180581 -0.157408 0.0170317 -0.498276 -0.477263 0.0289659 -0.174586 -0.163533 0.0314052 -0.167111 -0.171172 </float_array>
          <technique_common>
            <accessor count="99" offset="0" source="#meshId22-positions-array" stride="3">
              <param name="X" type="float" />
              <param name="Y" type="float" />
              <param name="Z" type="float" />
            </accessor>
          </technique_common>
        </source>
        <source id="meshId22-normals" name="meshId22-normals">
          <float_array id="meshId22-normals-array" count="297"> 0.102761 -0.744646 -0.659501 0.071116 -0.772399 -0.631144 2e-06 -0.7147 -0.699431 0.025383 -0.787809 -0.615396 -0.025386 -0.787813 -0.615391 -0.071117 -0.772404 -0.631137 -0.102767 -0.744651 -0.659496 -0.114049 -0.710036 -0.694868 -0.102776 -0.675423 -0.730233 -0.071123 -0.647665 -0.758599 -0.025383 -0.632245 -0.774352 0.025389 -0.632249 -0.774349 0.071127 -0.647662 -0.7586 0.102762 -0.675423 -0.730235 0.114056 -0.710035 -0.694868 0.711532 -0.67809 -0.184164 0.524802 -0.757704 -0.387901 0.582496 -0.580929 -0.568524 0.789738 -0.438436 -0.429054 0.316287 -0.775752 -0.54605 0.351046 -0.669219 -0.654914 0.900797 -0.317456 0.296286 0.999807 -0.014044 -0.013749 0.218883 -0.861177 -0.458764 0.623379 -0.560775 0.544913 0.492398 -0.870284 0.01222 0.078112 -0.908592 -0.410315 0.222476 -0.695812 0.682898 0.175731 -0.976948 0.12121 -0.07812 -0.908593 -0.410313 -0.222472 -0.695813 0.682899 -0.175731 -0.976947 0.121215 -0.218875 -0.861182 -0.458759 -0.623366 -0.560781 0.544921 -0.492384 -0.870292 0.012238 -0.316282 -0.775749 -0.546058 -0.900799 -0.317455 0.296282 -0.711535 -0.678087 -0.184162 -0.351053 -0.669214 -0.654915 -0.999807 -0.014048 -0.013749 -0.789747 -0.438423 -0.429052 -0.316293 -0.562674 -0.763778 -0.900799 0.289359 -0.323778 -0.711527 -0.198772 -0.673958 -0.218882 -0.477231 -0.851083 -0.623366 0.532685 -0.572417 -0.492386 -0.006574 -0.870352 -0.078119 -0.429821 -0.899528 -0.222468 0.667716 -0.710396 -0.175733 0.100089 -0.979337 0.078115 -0.42983 -0.899525 0.222473 0.667715 -0.710396 0.17573 0.100092 -0.979337 0.218883 -0.477249 -0.851072 0.623381 0.532675 -0.57241 0.492397 -0.006571 -0.870346 0.316283 -0.56268 -0.763777 0.900797 0.289362 -0.323782 0.711528 -0.198759 -0.67396 0.363181 -0.89946 -0.243046 0.129617 -0.978135 -0.162641 -0.129618 -0.978134 -0.162643 -0.363161 -0.899468 -0.243046 -0.524797 -0.757704 -0.387909 -0.5825 -0.580927 -0.568522 -0.524814 -0.40416 -0.74915 -0.363176 -0.262409 -0.894005 -0.129622 -0.18375 -0.974389 0.129616 -0.183745 -0.974391 0.363185 -0.262415 -0.893999 0.52481 -0.404161 -0.749152 0.900822 0.290454 -0.322731 0.999835 -0.012962 -0.012688 0.999807 -0.014044 -0.013749 0.900797 0.289362 -0.323782 0.623398 0.533775 -0.571366 0.623381 0.532675 -0.57241 0.22248 0.668818 -0.709356 0.222473 0.667715 -0.710396 -0.222475 0.668819 -0.709356 -0.222468 0.667716 -0.710396 -0.623384 0.533784 -0.571373 -0.623366 0.532685 -0.572417 -0.900825 0.290451 -0.322727 -0.900799 0.289359 -0.323778 -0.999836 -0.012966 -0.012688 -0.999807 -0.014048 -0.013749 -0.900825 -0.31638 0.297351 -0.900799 -0.317455 0.296282 -0.623384 -0.559713 0.545997 -0.623366 -0.560781 0.544921 -0.222479 -0.694749 0.683979 -0.222472 -0.695813 0.682899 0.222483 -0.694748 0.683978 0.222476 -0.695812 0.682898 0.623397 -0.559707 0.545989 0.623379 -0.560775 0.544913 0.900823 -0.316381 0.297355 0.999835 -0.012962 -0.012688 </float_array>
          <technique_common>
            <accessor count="99" offset="0" source="#meshId22-normals-array" stride="3">
              <param name="X" type="float" />
              <param name="Y" type="float" />
              <param name="Z" type="float" />
            </accessor>
          </technique_common>
        </source>
        <source id="meshId22-tangents" name="meshId22-tangents">
          <float_array id="meshId22-tangents-array" count="297"> -0.183677 -0.665815 0.723155 -0.190726 -0.631601 0.751468 -0.173832 -0.688783 0.703819 -0.185861 -0.60858 0.771418 -0.171782 -0.602995 0.77903 -0.15941 -0.615806 0.771603 -0.157914 -0.642384 0.749937 -0.168586 -0.675456 0.71787 -0.18316 -0.708718 0.681301 -0.190465 -0.737713 0.64769 -0.185014 -0.758249 0.625162 -0.171522 -0.765867 0.6197 -0.15933 -0.758138 0.632329 -0.158141 -0.735878 0.658388 -0.169425 -0.703088 0.690625 -0.2977 -0.528334 0.795134 -0.248299 -0.572144 0.781664 -0.127577 -0.756107 0.641893 -0.093341 -0.777158 0.622344 -0.202797 -0.617583 0.759911 -0.156965 -0.731588 0.663431 -0.428859 -0.54331 0.72173 -0.00144271 -0.75012 0.6613 -0.22272 -0.501848 0.83579 -0.648603 0.0183704 0.760905 -0.395916 -0.211458 0.893609 -0.202051 -0.417459 0.885948 -0.460249 0.54253 0.702731 -0.305718 0.0628802 0.950043 -0.154605 -0.39555 0.905338 0.0985294 0.68082 0.725793 -0.0709146 0.135374 0.988254 -0.117291 -0.443529 0.888552 0.476012 0.280722 0.833431 0.104631 -0.0452267 0.993482 -0.118557 -0.538772 0.834068 0.37924 -0.242792 0.892877 0.0831064 -0.341472 0.936211 -0.155987 -0.647859 0.745618 -0.00248335 -0.603582 0.797297 -0.0923782 -0.606452 0.789736 -0.201456 -0.746909 0.633673 -0.42192 -0.759559 0.495029 -0.295757 -0.785329 0.543863 -0.222504 -0.824841 0.51974 -0.648886 -0.760884 -0.00142904 -0.395933 -0.888826 0.230706 -0.202395 -0.876658 0.43647 -0.461802 -0.713899 -0.52639 -0.306 -0.951092 -0.0422934 -0.154668 -0.896582 0.414992 0.0968851 -0.740192 -0.665379 -0.0716624 -0.990878 -0.11413 -0.117752 -0.878767 0.462496 0.476281 -0.839257 -0.262306 0.105319 -0.992174 0.0670746 -0.119096 -0.822289 0.556468 0.379396 -0.887167 0.262666 0.083506 -0.928442 0.36197 -0.306597 -0.361702 0.880437 -0.256454 -0.191513 0.947393 -0.1229 -0.146914 0.981485 -0.0188414 -0.253713 0.967096 -0.0261389 -0.441146 0.897055 -0.126554 -0.626088 0.769414 -0.246649 -0.770133 0.588269 -0.306679 -0.872385 0.380647 -0.25638 -0.943053 0.211947 -0.122859 -0.978084 0.168098 -0.0184773 -0.961358 0.27468 -0.0261733 -0.887338 0.460376 0.43363 -0.564158 0.702631 0.0017122 -0.628953 0.777442 0.00186788 -0.628494 0.777812 0.43375 -0.564153 0.702561 0.779995 -0.373487 0.502111 0.780081 -0.373528 0.501946 0.97212 -0.0969111 0.21352 0.97214 -0.0967526 0.213503 0.971794 0.210514 -0.106299 0.971756 0.210705 -0.106269 0.778973 0.487299 -0.39464 0.77891 0.487306 -0.394756 0.431751 0.677802 -0.595126 0.431661 0.677788 -0.595208 -0.00116544 0.743867 -0.668327 -0.00126194 0.74389 -0.668301 -0.434071 0.671737 -0.600293 -0.434154 0.671676 -0.600301 -0.781234 0.474985 -0.405046 -0.781289 0.474907 -0.405032 -0.973814 0.192029 -0.121702 -0.973827 0.192048 -0.121569 -0.973602 -0.121632 0.193144 -0.973586 -0.121687 0.193189 -0.780559 -0.404509 0.47655 -0.780521 -0.404608 0.476528 -0.432871 -0.601177 0.67172 0.000619558 -0.674691 0.7381 </float_array>
          <technique_common>
            <accessor count="99" offset="0" source="#meshId22-tangents-array" stride="3">
              <param name="X" type="float" />
              <param name="Y" type="float" />
              <param name="Z" type="float" />
            </accessor>
          </technique_common>
        </source>
        <source id="meshId22-bitangents" name="meshId22-bitangents">
          <float_array id="meshId22-bitangents-array" count="297"> -0.9776 0.0468232 -0.205194 -0.979064 0.0669341 -0.192233 -0.984775 0.121582 -0.124239 -0.982248 0.0947972 -0.161871 -0.984808 0.12549 -0.120025 -0.984647 0.155484 -0.079335 -0.982091 0.181213 -0.051575 -0.979067 0.199017 -0.0426669 -0.977696 0.203771 -0.050871 -0.979115 0.190552 -0.070889 -0.982408 0.159134 -0.0977275 -0.984853 0.117084 -0.127889 -0.984659 0.0758921 -0.157116 -0.982054 0.0478231 -0.182433 -0.978921 0.0389579 -0.200489 -0.636473 -0.510938 -0.577794 -0.814205 -0.313903 -0.4884 -0.802759 -0.30137 -0.514542 -0.606301 -0.451441 -0.654676 -0.926734 -0.129613 -0.352654 -0.923108 -0.130096 -0.361865 -0.0681424 -0.777197 -0.625556 -0.0196007 -0.661152 -0.749996 -0.949993 -0.0807642 -0.301647 -0.436707 -0.827765 -0.352269 -0.775109 -0.444849 -0.44868 -0.976255 0.0137013 -0.21619 -0.859462 -0.470644 -0.199547 -0.935765 -0.204008 -0.28762 -0.984883 0.134161 -0.109572 -0.969948 0.228754 -0.0829055 -0.981881 0.165071 -0.0930692 -0.968678 0.24829 -0.0039318 -0.620344 0.778922 0.091946 -0.864066 0.490455 0.113329 -0.941228 0.32854 0.0784332 -0.211514 0.916665 0.339098 -0.697718 0.650842 0.299322 -0.923271 0.36391 0.123044 -0.0194991 0.797177 0.603431 -0.606438 0.663327 0.438443 -0.927024 0.354294 0.122888 -0.102687 0.58253 0.806296 -0.637383 0.586301 0.499994 -0.950044 0.303131 0.0743571 -0.436304 0.370543 0.819961 -0.775108 0.458198 0.435043 -0.976183 0.216157 -0.0185101 -0.858631 0.210957 0.467172 -0.935672 0.292245 0.197765 -0.984874 0.106711 -0.136518 -0.970113 0.0792021 -0.229364 -0.981827 0.0902378 -0.166954 -0.96862 -0.00101693 -0.248544 -0.620123 -0.109111 -0.77688 -0.863975 -0.124691 -0.487851 -0.941159 -0.0850389 -0.327089 -0.211243 -0.35945 -0.90894 -0.697677 -0.313831 -0.644015 -0.879829 -0.245241 -0.407135 -0.957826 -0.0810884 -0.27567 -0.983918 0.147207 -0.10117 -0.931536 0.355791 0.0751913 -0.850826 0.480911 0.211706 -0.802918 0.520133 0.291177 -0.8147 0.493509 0.304491 -0.879802 0.412415 0.236354 -0.957845 0.277286 0.0751306 -0.983924 0.0979249 -0.14935 -0.931533 -0.0832411 -0.353999 -0.850817 -0.222002 -0.476262 0.0220106 -0.772891 -0.634156 -0.0180574 -0.777335 -0.628827 -0.0195648 -0.777688 -0.628346 0.0206316 -0.773305 -0.633699 0.0546168 -0.758678 -0.649173 0.0535632 -0.75943 -0.64838 0.0740613 -0.737083 -0.671732 0.0738264 -0.738103 -0.670637 0.0782343 -0.712997 -0.696789 0.0787264 -0.713973 -0.695732 0.0677773 -0.691096 -0.719578 0.0686613 -0.691939 -0.718683 0.04589 -0.675442 -0.735984 0.0472238 -0.675925 -0.735455 0.0181037 -0.668202 -0.74376 0.019616 -0.668155 -0.743764 -0.00982103 -0.66983 -0.742449 -0.00843705 -0.669383 -0.74287 -0.0326307 -0.679051 -0.733365 -0.0316527 -0.678224 -0.734173 -0.0467912 -0.693144 -0.719279 -0.0465604 -0.692071 -0.720327 -0.0509925 -0.708894 -0.703469 -0.0513238 -0.70784 -0.704505 -0.045871 -0.723257 -0.689054 -0.0467489 -0.722374 -0.689921 -0.0337565 -0.733818 -0.678507 -0.0181277 -0.737986 -0.674571 </float_array>
          <technique_common>
            <accessor count="99" offset="0" source="#meshId22-bitangents-array" stride="3">
              <param name="X" type="float" />
              <param name="Y" type="float" />
              <param name="Z" type="float" />
            </accessor>
          </technique_common>
        </source>
        <source id="meshId22-tex0" name="meshId22-tex0">
          <float_array id="meshId22-tex0-array" count="198"> 0.785995 0.960793 0.787154 0.961429 0.785201 0.963669 0.787932 0.962508 0.788168 0.963817 0.787813 0.965097 0.786938 0.966093 0.785717 0.966609 0.784394 0.966543 0.783231 0.965908 0.78246 0.964829 0.782234 0.96352 0.7826 0.962241 0.783482 0.961245 0.784699 0.960729 0.786515 0.958672 0.786356 0.959364 0.784493 0.959268 0.784417 0.958562 0.786185 0.960058 0.784587 0.959977 0.786659 0.957931 0.784363 0.957808 0.787651 0.960857 0.789103 0.959213 0.788593 0.959784 0.788633 0.962213 0.790668 0.961373 0.789958 0.961663 0.788929 0.963857 0.79113 0.963986 0.790364 0.963939 0.788482 0.965464 0.79041 0.966535 0.78974 0.966161 0.787382 0.966715 0.788655 0.968517 0.788213 0.967889 0.785848 0.967362 0.786213 0.969539 0.786087 0.968781 0.784185 0.967278 0.78357 0.969397 0.783786 0.96866 0.782724 0.966479 0.781251 0.968121 0.781765 0.967551 0.781756 0.965123 0.779716 0.965964 0.780427 0.965673 0.781473 0.96348 0.779272 0.963352 0.780038 0.963398 0.781934 0.961874 0.78001 0.960803 0.78068 0.961177 0.783048 0.960624 0.781796 0.958823 0.782234 0.959451 0.788121 0.960319 0.789295 0.961937 0.789647 0.963897 0.789112 0.965812 0.787799 0.967302 0.785969 0.968072 0.783986 0.96797 0.782245 0.967017 0.781091 0.9654 0.780755 0.96344 0.781306 0.961527 0.78264 0.960038 0.839167 0.758557 0.842574 0.75899 0.816348 0.960696 0.814072 0.960406 0.835757 0.758142 0.811795 0.96013 0.832346 0.757747 0.809516 0.959866 0.828932 0.757372 0.807236 0.959615 0.825516 0.757015 0.804954 0.959376 0.822098 0.756677 0.802671 0.959151 0.818678 0.756359 0.800387 0.958938 0.815257 0.756059 0.798101 0.958738 0.811834 0.755779 0.795815 0.958551 0.808409 0.755518 0.793527 0.958377 0.804983 0.755277 0.791238 0.958215 0.801556 0.755054 0.788949 0.958067 0.798128 0.754851 0.794697 0.754667 </float_array>
          <technique_common>
            <accessor count="99" offset="0" source="#meshId22-tex0-array" stride="2">
              <param name="S" type="float" />
              <param name="T" type="float" />
            </accessor>
          </technique_common>
        </source>
        <vertices id="meshId22-vertices">
          <input semantic="POSITION" source="#meshId22-positions" />
        </vertices>
        <polylist count="154" material="defaultMaterial">
          <input offset="0" semantic="VERTEX" source="#meshId22-vertices" />
          <input offset="0" semantic="NORMAL" source="#meshId22-normals" />
          <input offset="0" semantic="TANGENT" source="#meshId22-tangents" />
          <input offset="0" semantic="BINORMAL" source="#meshId22-bitangents" />
          <input offset="0" semantic="TEXCOORD" source="#meshId22-tex0" set="0" />
          <vcount>3 3 3 3 3 3 3 3 3 3 3 3 3 3 3 3 3 3 3 3 3 3 3 3 3 3 3 3 3 3 3 3 3 3 3 3 3 3 3 3 3 3 3 3 3 3 3 3 3 3 3 3 3 3 3 3 3 3 3 3 3 3 3 3 3 3 3 3 3 3 3 3 3 3 3 3 3 3 3 3 3 3 3 3 3 3 3 3 3 3 3 3 3 3 3 3 3 3 3 3 3 3 3 3 3 3 3 3 3 3 3 3 3 3 3 3 3 3 3 3 3 3 3 3 3 3 3 3 3 3 3 3 3 3 3 3 3 3 3 3 3 3 3 3 3 3 3 3 3 3 3 3 3 3 </vcount>
          <p>0 1 2 1 3 2 3 4 2 4 5 2 5 6 2 6 7 2 7 8 2 8 9 2 9 10 2 10 11 2 11 12 2 12 13 2 13 14 2 14 0 2 18 15 16 16 17 18 17 16 19 19 20 17 22 21 15 15 18 22 20 19 0 0 14 20 1 0 19 19 23 1 25 15 21 21 24 25 3 1 23 23 26 3 28 25 24 24 27 28 4 3 26 26 29 4 31 28 27 27 30 31 5 4 29 29 32 5 34 31 30 30 33 34 6 5 32 32 35 6 37 34 33 33 36 37 7 6 35 35 38 7 40 37 36 36 39 40 8 7 38 38 41 8 43 40 39 39 42 43 9 8 41 41 44 9 46 43 42 42 45 46 10 9 44 44 47 10 49 46 45 45 48 49 11 10 47 47 50 11 52 49 48 48 51 52 12 11 50 50 53 12 55 52 51 51 54 55 13 12 53 53 56 13 58 55 54 54 57 58 14 13 56 56 20 14 18 58 57 57 22 18 23 19 16 16 59 23 59 16 15 15 25 59 26 23 59 59 60 26 60 59 25 25 28 60 29 26 60 60 61 29 61 60 28 28 31 61 32 29 61 61 62 32 62 61 31 31 34 62 35 32 62 62 63 35 63 62 34 34 37 63 38 35 63 63 64 38 64 63 37 37 40 64 41 38 64 64 65 41 65 64 40 40 43 65 44 41 65 65 66 44 66 65 43 43 46 66 47 44 66 66 67 47 67 66 46 46 49 67 50 47 67 67 68 50 68 67 49 49 52 68 53 50 68 68 69 53 69 68 52 52 55 69 56 53 69 69 70 56 70 69 55 55 58 70 58 18 17 17 70 58 70 17 20 20 56 70 74 71 72 72 73 74 76 75 71 71 74 76 78 77 75 75 76 78 80 79 77 77 78 80 82 81 79 79 80 82 84 83 81 81 82 84 86 85 83 83 84 86 88 87 85 85 86 88 90 89 87 87 88 90 92 91 89 89 90 92 94 93 91 91 92 94 96 95 93 93 94 96 21 97 95 95 96 21 22 98 97 97 21 22 </p>
        </polylist>
      </mesh>
    </geometry>
  </library_geometries>
  <library_visual_scenes>
    <visual_scene id="70&apos;s%20clock.obj" name="70&apos;s%20clock.obj">
      <node id="g default" name="g default">
        <matrix>1 0 0 0 0 1 0 0 0 0 1 0 0 0 0 1</matrix>
      </node>
      <node id="g polySurface86 polySurface67 polySurface64" name="g polySurface86 polySurface67 polySurface64">
        <matrix>1 0 0 0 0 1 0 0 0 0 1 0 0 0 0 1</matrix>
        <instance_geometry url="#meshId0">
          <bind_material>
            <technique_common>
              <instance_material symbol="defaultMaterial" target="#blinn3SG" />
            </technique_common>
          </bind_material>
        </instance_geometry>
      </node>
      <node id="g default" name="g default">
        <matrix>1 0 0 0 0 1 0 0 0 0 1 0 0 0 0 1</matrix>
      </node>
      <node id="g pCylinder1" name="g pCylinder1">
        <matrix>1 0 0 0 0 1 0 0 0 0 1 0 0 0 0 1</matrix>
        <instance_geometry url="#meshId1">
          <bind_material>
            <technique_common>
              <instance_material symbol="defaultMaterial" target="#blinn3SG" />
            </technique_common>
          </bind_material>
        </instance_geometry>
        <instance_geometry url="#meshId2">
          <bind_material>
            <technique_common>
              <instance_material symbol="defaultMaterial" target="#lambert4SG" />
            </technique_common>
          </bind_material>
        </instance_geometry>
      </node>
      <node id="g polySurface67 polySurface64 polySurface72" name="g polySurface67 polySurface64 polySurface72">
        <matrix>1 0 0 0 0 1 0 0 0 0 1 0 0 0 0 1</matrix>
        <instance_geometry url="#meshId3">
          <bind_material>
            <technique_common>
              <instance_material symbol="defaultMaterial" target="#lambert3SG" />
            </technique_common>
          </bind_material>
        </instance_geometry>
      </node>
      <node id="g default" name="g default">
        <matrix>1 0 0 0 0 1 0 0 0 0 1 0 0 0 0 1</matrix>
      </node>
      <node id="g polySurface67 polySurface64 polySurface71" name="g polySurface67 polySurface64 polySurface71">
        <matrix>1 0 0 0 0 1 0 0 0 0 1 0 0 0 0 1</matrix>
        <instance_geometry url="#meshId4">
          <bind_material>
            <technique_common>
              <instance_material symbol="defaultMaterial" target="#blinn3SG" />
            </technique_common>
          </bind_material>
        </instance_geometry>
      </node>
      <node id="g polySurface67 polySurface64 polySurface90" name="g polySurface67 polySurface64 polySurface90">
        <matrix>1 0 0 0 0 1 0 0 0 0 1 0 0 0 0 1</matrix>
        <instance_geometry url="#meshId5">
          <bind_material>
            <technique_common>
              <instance_material symbol="defaultMaterial" target="#blinn3SG" />
            </technique_common>
          </bind_material>
        </instance_geometry>
      </node>
      <node id="g polySurface67 polySurface64 polySurface96" name="g polySurface67 polySurface64 polySurface96">
        <matrix>1 0 0 0 0 1 0 0 0 0 1 0 0 0 0 1</matrix>
        <instance_geometry url="#meshId6">
          <bind_material>
            <technique_common>
              <instance_material symbol="defaultMaterial" target="#blinn3SG" />
            </technique_common>
          </bind_material>
        </instance_geometry>
      </node>
      <node id="g polySurface67 polySurface64 polySurface91" name="g polySurface67 polySurface64 polySurface91">
        <matrix>1 0 0 0 0 1 0 0 0 0 1 0 0 0 0 1</matrix>
        <instance_geometry url="#meshId7">
          <bind_material>
            <technique_common>
              <instance_material symbol="defaultMaterial" target="#blinn3SG" />
            </technique_common>
          </bind_material>
        </instance_geometry>
      </node>
      <node id="g polySurface67 polySurface64 polySurface88" name="g polySurface67 polySurface64 polySurface88">
        <matrix>1 0 0 0 0 1 0 0 0 0 1 0 0 0 0 1</matrix>
        <instance_geometry url="#meshId8">
          <bind_material>
            <technique_common>
              <instance_material symbol="defaultMaterial" target="#blinn3SG" />
            </technique_common>
          </bind_material>
        </instance_geometry>
      </node>
      <node id="g pCylinder2" name="g pCylinder2">
        <matrix>1 0 0 0 0 1 0 0 0 0 1 0 0 0 0 1</matrix>
        <instance_geometry url="#meshId9">
          <bind_material>
            <technique_common>
              <instance_material symbol="defaultMaterial" target="#blinn3SG" />
            </technique_common>
          </bind_material>
        </instance_geometry>
      </node>
      <node id="g polySurface67 polySurface64 polySurface95" name="g polySurface67 polySurface64 polySurface95">
        <matrix>1 0 0 0 0 1 0 0 0 0 1 0 0 0 0 1</matrix>
        <instance_geometry url="#meshId10">
          <bind_material>
            <technique_common>
              <instance_material symbol="defaultMaterial" target="#blinn3SG" />
            </technique_common>
          </bind_material>
        </instance_geometry>
      </node>
      <node id="g polySurface64 polySurface66" name="g polySurface64 polySurface66">
        <matrix>1 0 0 0 0 1 0 0 0 0 1 0 0 0 0 1</matrix>
        <instance_geometry url="#meshId11">
          <bind_material>
            <technique_common>
              <instance_material symbol="defaultMaterial" target="#blinn2SG" />
            </technique_common>
          </bind_material>
        </instance_geometry>
      </node>
      <node id="g default" name="g default">
        <matrix>1 0 0 0 0 1 0 0 0 0 1 0 0 0 0 1</matrix>
      </node>
      <node id="g polySurface64 polySurface65" name="g polySurface64 polySurface65">
        <matrix>1 0 0 0 0 1 0 0 0 0 1 0 0 0 0 1</matrix>
        <instance_geometry url="#meshId12">
          <bind_material>
            <technique_common>
              <instance_material symbol="defaultMaterial" target="#blinn2SG" />
            </technique_common>
          </bind_material>
        </instance_geometry>
      </node>
      <node id="g polySurface67 polySurface64 polySurface89" name="g polySurface67 polySurface64 polySurface89">
        <matrix>1 0 0 0 0 1 0 0 0 0 1 0 0 0 0 1</matrix>
        <instance_geometry url="#meshId13">
          <bind_material>
            <technique_common>
              <instance_material symbol="defaultMaterial" target="#blinn3SG" />
            </technique_common>
          </bind_material>
        </instance_geometry>
      </node>
      <node id="g pCube1" name="g pCube1">
        <matrix>1 0 0 0 0 1 0 0 0 0 1 0 0 0 0 1</matrix>
        <instance_geometry url="#meshId14">
          <bind_material>
            <technique_common>
              <instance_material symbol="defaultMaterial" target="#blinn3SG" />
            </technique_common>
          </bind_material>
        </instance_geometry>
      </node>
      <node id="g polySurface67 polySurface64 polySurface99" name="g polySurface67 polySurface64 polySurface99">
        <matrix>1 0 0 0 0 1 0 0 0 0 1 0 0 0 0 1</matrix>
        <instance_geometry url="#meshId15">
          <bind_material>
            <technique_common>
              <instance_material symbol="defaultMaterial" target="#blinn3SG" />
            </technique_common>
          </bind_material>
        </instance_geometry>
      </node>
      <node id="g polySurface67 polySurface64 polySurface100" name="g polySurface67 polySurface64 polySurface100">
        <matrix>1 0 0 0 0 1 0 0 0 0 1 0 0 0 0 1</matrix>
        <instance_geometry url="#meshId16">
          <bind_material>
            <technique_common>
              <instance_material symbol="defaultMaterial" target="#blinn3SG" />
            </technique_common>
          </bind_material>
        </instance_geometry>
      </node>
      <node id="g polySurface67 polySurface64 polySurface101" name="g polySurface67 polySurface64 polySurface101">
        <matrix>1 0 0 0 0 1 0 0 0 0 1 0 0 0 0 1</matrix>
        <instance_geometry url="#meshId17">
          <bind_material>
            <technique_common>
              <instance_material symbol="defaultMaterial" target="#blinn3SG" />
            </technique_common>
          </bind_material>
        </instance_geometry>
      </node>
      <node id="g polySurface67 polySurface64 polySurface97" name="g polySurface67 polySurface64 polySurface97">
        <matrix>1 0 0 0 0 1 0 0 0 0 1 0 0 0 0 1</matrix>
        <instance_geometry url="#meshId18">
          <bind_material>
            <technique_common>
              <instance_material symbol="defaultMaterial" target="#blinn3SG" />
            </technique_common>
          </bind_material>
        </instance_geometry>
      </node>
      <node id="g polySurface67 polySurface64 polySurface98" name="g polySurface67 polySurface64 polySurface98">
        <matrix>1 0 0 0 0 1 0 0 0 0 1 0 0 0 0 1</matrix>
        <instance_geometry url="#meshId19">
          <bind_material>
            <technique_common>
              <instance_material symbol="defaultMaterial" target="#blinn3SG" />
            </technique_common>
          </bind_material>
        </instance_geometry>
      </node>
      <node id="g polySurface67 polySurface64 polySurface94" name="g polySurface67 polySurface64 polySurface94">
        <matrix>1 0 0 0 0 1 0 0 0 0 1 0 0 0 0 1</matrix>
        <instance_geometry url="#meshId20">
          <bind_material>
            <technique_common>
              <instance_material symbol="defaultMaterial" target="#blinn3SG" />
            </technique_common>
          </bind_material>
        </instance_geometry>
      </node>
      <node id="g polySurface67 polySurface64 polySurface93" name="g polySurface67 polySurface64 polySurface93">
        <matrix>1 0 0 0 0 1 0 0 0 0 1 0 0 0 0 1</matrix>
        <instance_geometry url="#meshId21">
          <bind_material>
            <technique_common>
              <instance_material symbol="defaultMaterial" target="#blinn3SG" />
            </technique_common>
          </bind_material>
        </instance_geometry>
      </node>
      <node id="g polySurface67 polySurface64 polySurface92" name="g polySurface67 polySurface64 polySurface92">
        <matrix>1 0 0 0 0 1 0 0 0 0 1 0 0 0 0 1</matrix>
        <instance_geometry url="#meshId22">
          <bind_material>
            <technique_common>
              <instance_material symbol="defaultMaterial" target="#blinn3SG" />
            </technique_common>
          </bind_material>
        </instance_geometry>
      </node>
    </visual_scene>
  </library_visual_scenes>
  <scene>
    <instance_visual_scene url="#70&apos;s%20clock.obj" />
  </scene>
</COLLADA>
